sample_id,spout_no,tap_iron,tap_time_len
R2S2_TRAIN_4DCB697BD26C,1,566.744480,141.272650
R2S2_TRAIN_636D6F424D6C,2,398.302035,115.300473
R2S2_TRAIN_30D0BEF5435C,2,525.608914,103.259826
R2S2_TRAIN_FC75BD187A60,2,337.619566,75.369212
R2S2_TRAIN_572F4F3623EC,2,699.634197,146.027887
R2S2_TRAIN_B60206FAEE27,1,472.778299,68.597636
R2S2_TRAIN_E7BCAF404B0B,1,532.109124,88.327543
R2S2_TRAIN_0AD6D45B91FA,2,452.708276,125.661707
R2S2_TRAIN_5D28A1F6550F,1,538.883657,91.741918
R2S2_TRAIN_97AD4F6E6957,2,583.978338,125.143147
R2S2_TRAIN_4640062BE6FF,1,372.434671,108.617264
R2S2_TRAIN_296F0B9054C6,1,521.676428,140.211887
R2S2_TRAIN_EAEF2BD8938A,1,418.336623,94.320254
R2S2_TRAIN_3EC5430141A4,2,484.167524,96.947072
R2S2_TRAIN_A184C6A9877A,2,430.737953,97.999105
R2S2_TRAIN_ECBDA3ED9454,2,407.506274,127.751513
R2S2_TRAIN_6FC44B43E633,2,594.161175,156.678853
R2S2_TRAIN_8369A8F48925,2,582.445355,151.271923
R2S2_TRAIN_7ABBEC40FCA7,1,543.949760,100.526186
R2S2_TRAIN_438A3CF59DD4,1,542.387291,138.959175
R2S2_TRAIN_5B00C233E567,2,535.751460,106.152144
R2S2_TRAIN_0C5B563CFE1D,1,714.810346,153.253227
R2S2_TRAIN_7FCFCFC85733,2,525.340459,162.091058
R2S2_TRAIN_84CA20A2B48F,1,661.371705,88.680171
R2S2_TRAIN_CF28C079623C,2,533.154262,144.567162
R2S2_TRAIN_5378F57BF3E6,1,596.291371,109.387717
R2S2_TRAIN_9A5E9258D827,2,411.514477,97.740630
R2S2_TRAIN_F026E3DB51C4,1,458.084045,94.973360
R2S2_TRAIN_498A3FCB3CF7,2,387.651970,128.802129
R2S2_TRAIN_F351A601861B,1,564.678784,145.162764
R2S2_TRAIN_FC7992FB775B,1,423.121914,96.651999
R2S2_TRAIN_2A78EBC3CF38,2,547.520937,108.396811
R2S2_TRAIN_418B6502E77E,1,309.734086,87.816639
R2S2_TRAIN_CAF6C408FC56,1,559.211853,125.909673
R2S2_TRAIN_174C5983B81B,1,495.493076,96.473941
R2S2_TRAIN_5F48F15C8AF9,2,537.126703,151.170625
R2S2_TRAIN_90842684F66E,2,372.695695,133.787684
R2S2_TRAIN_9517E558B294,1,697.926626,156.748176
R2S2_TRAIN_5BF240119D3C,2,456.499623,127.796303
R2S2_TRAIN_ABF76FE2563B,2,586.054428,165.602744
R2S2_TRAIN_E59B6B1F7A7D,1,500.934995,102.501529
R2S2_TRAIN_C937C6C4BF4D,2,604.232986,113.217014
R2S2_TRAIN_31391A4DFF4F,1,740.044130,140.663871
R2S2_TRAIN_CA552EBD1BC4,1,482.897212,156.516816
R2S2_TRAIN_E788E18D2FD9,2,548.694116,131.462768
R2S2_TRAIN_2102E7761BC7,1,613.121036,144.615627
R2S2_TRAIN_10390BCFDC5D,2,680.715561,139.850944
R2S2_TRAIN_03FE8F9A2C7B,2,569.580998,133.597263
R2S2_TRAIN_876E43E5ADFD,1,511.758670,102.639599
R2S2_TRAIN_F18174BC8F88,1,474.774078,118.412868
R2S2_TRAIN_FBF18C9D1791,1,666.035556,145.255026
R2S2_TRAIN_4D90EB4267B5,1,386.267519,119.547105
R2S2_TRAIN_C92DC38A415F,1,515.238850,117.879583
R2S2_TRAIN_F00FC7328F51,2,653.735513,142.287426
R2S2_TRAIN_EE29048DA225,1,457.658578,140.309552
R2S2_TRAIN_76B78FCD981E,2,443.337113,130.675223
R2S2_TRAIN_7E79C6C90F71,1,412.795358,124.659781
R2S2_TRAIN_77D4C8C15431,1,518.523923,98.211079
R2S2_TRAIN_ABBA1F3E9E79,2,477.036024,123.444762
R2S2_TRAIN_97358FEF0F0E,2,620.960254,121.232908
R2S2_TRAIN_B7B2C7B2DC6F,2,512.132559,132.180107
R2S2_TRAIN_98A3A0A5E0CF,2,415.088985,114.278419
R2S2_TRAIN_BD532187B4E5,2,570.135925,116.135485
R2S2_TRAIN_8FDD6A564FEC,2,447.368113,120.296177
R2S2_TRAIN_0C4EB8BBF950,1,610.816753,99.090753
R2S2_TRAIN_07CA517ABC96,2,554.661534,129.156901
R2S2_TRAIN_7A55534F422B,1,518.544576,164.284684
R2S2_TRAIN_C31BC9DBA236,1,609.841614,101.518043
R2S2_TRAIN_FAD3BEB7A0B7,1,606.977982,158.295195
R2S2_TRAIN_9909AA28D0E7,2,466.830087,145.516559
R2S2_TRAIN_08B22232AF28,1,553.620524,144.034664
R2S2_TRAIN_8CCD62096F1C,2,504.696879,201.805987
R2S2_TRAIN_DBE62D6BB059,2,894.899721,196.458994
R2S2_TRAIN_4FE1DCEC12B3,2,347.613800,105.869459
R2S2_TRAIN_06CDF943793A,2,455.664100,153.483624
R2S2_TRAIN_A7DF3A7B2917,1,546.006726,141.790305
R2S2_TRAIN_FA0002238451,1,487.105007,81.660638
R2S2_TRAIN_900678B32492,2,510.671579,97.385445
R2S2_TRAIN_2D5358BDAB3D,1,497.983394,116.429602
R2S2_TRAIN_81C7327284A9,1,387.362353,110.173310
R2S2_TRAIN_9513EA3C0E6C,1,607.537849,101.134723
R2S2_TRAIN_702FB5CF38B5,1,425.978542,80.726607
R2S2_TRAIN_CD2EB3D138FF,2,549.753514,149.551622
R2S2_TRAIN_53D2332DA80A,2,441.919868,107.319538
R2S2_TRAIN_59396A94F18B,1,376.109063,121.013198
R2S2_TRAIN_A83B8CFC8999,2,475.215008,122.860355
R2S2_TRAIN_A10EA4203CF3,2,675.105190,158.717582
R2S2_TRAIN_6CF702266AFD,1,739.629230,130.229995
R2S2_TRAIN_6FA8CD970209,2,621.159259,147.081932
R2S2_TRAIN_E0732D4EFC92,1,459.845661,124.720960
R2S2_TRAIN_B0D1FE88A397,2,689.516191,169.602723
R2S2_TRAIN_19FA04768058,2,393.526855,117.900134
R2S2_TRAIN_999187190B53,1,523.072193,149.747725
R2S2_TRAIN_985698BF139B,2,498.773717,170.811017
R2S2_TRAIN_5DDE5338D5C9,1,625.772954,128.918725
R2S2_TRAIN_026E3F655C11,1,469.247884,122.819498
R2S2_TRAIN_250D4E42CC77,2,610.280061,109.132404
R2S2_TRAIN_2A188B405AE3,1,519.467896,120.620073
R2S2_TRAIN_EB6086B4FFC9,1,675.216108,97.498096
R2S2_TRAIN_2F5133749CD7,1,416.155673,114.230766
R2S2_TRAIN_C9BB0794AD13,1,616.693410,116.634827
R2S2_TRAIN_B639406DE9F1,1,440.770738,95.406559
R2S2_TRAIN_8626015789DD,1,500.576551,142.350641
R2S2_TRAIN_0F075C19C9C4,1,489.757459,89.671887
R2S2_TRAIN_89BC67C205C3,2,495.779333,125.045250
R2S2_TRAIN_705C4CCE2CE4,2,682.499880,187.227630
R2S2_TRAIN_B27FCAD5D8AA,2,543.717744,121.725467
R2S2_TRAIN_5FBF6DB7F6B6,2,582.199391,146.970463
R2S2_TRAIN_1C7F4A046754,2,742.309541,121.527152
R2S2_TRAIN_E923BCC0BC48,2,489.536241,94.103264
R2S2_TRAIN_A93C5CF23519,1,687.561268,132.383212
R2S2_TRAIN_35410EF1C1BF,1,575.513316,116.441857
R2S2_TRAIN_36B48F5D6AB3,1,722.197074,197.285348
R2S2_TRAIN_F0E599681A64,2,319.923592,125.162402
R2S2_TRAIN_D42A7B62C184,1,691.690031,112.031381
R2S2_TRAIN_6C02FFFDEDCD,2,638.370229,162.196525
R2S2_TRAIN_9F857B070123,2,677.765278,166.187871
R2S2_TRAIN_D5DF63314C32,1,696.937374,160.917947
R2S2_TRAIN_3850B5A320CF,2,456.064677,123.530673
R2S2_TRAIN_01245FDEA6AB,1,655.638242,123.495598
R2S2_TRAIN_9D7CD99A398C,2,715.983953,169.401693
R2S2_TRAIN_D8189639A2F0,1,372.285644,125.061988
R2S2_TRAIN_FD9E18F0B27A,1,707.680558,127.723298
R2S2_TRAIN_E2916682FAFE,1,366.186224,89.235976
R2S2_TRAIN_29051223B03A,2,388.257315,189.400881
R2S2_TRAIN_A5B96C18DEF7,1,456.613370,120.391502
R2S2_TRAIN_896532ACBA21,2,389.029215,100.958955
R2S2_TRAIN_28FE336FFC61,2,413.943347,153.224596
R2S2_TRAIN_C950EC466E16,2,428.726819,167.897688
R2S2_TRAIN_66214D0EEB90,1,433.057408,101.066403
R2S2_TRAIN_F8618DE9E438,1,456.829224,106.187243
R2S2_TRAIN_54C6F201D4B0,1,510.543818,166.969113
R2S2_TRAIN_223B0EE9324C,2,396.590877,104.331364
R2S2_TRAIN_6272E1E3F406,2,500.772112,89.390248
R2S2_TRAIN_99C1A003A67E,2,661.801482,169.180295
R2S2_TRAIN_D8DE750266CE,2,598.255414,138.449494
R2S2_TRAIN_4B94CBE4B488,1,418.744355,96.458448
R2S2_TRAIN_B6D233531052,1,708.311270,170.355414
R2S2_TRAIN_A9DDA417C5BC,1,540.289593,124.094866
R2S2_TRAIN_E408F03AF29F,1,359.044753,100.344748
R2S2_TRAIN_400B04541F0A,1,499.741809,116.017495
R2S2_TRAIN_D55BBE639BF4,2,470.810825,168.184628
R2S2_TRAIN_7B2D209462F5,2,586.962402,149.814603
R2S2_TRAIN_01168A877BA7,2,581.787471,125.875720
R2S2_TRAIN_CDF54B1DC2B8,2,832.216362,205.357241
R2S2_TRAIN_7C3DFA02D0F3,1,501.721136,127.700919
R2S2_TRAIN_0B52DFCB9302,1,481.759786,136.646762
R2S2_TRAIN_7F0C665431AA,2,516.868845,150.977054
R2S2_TRAIN_15E497811415,2,312.997686,89.184921
R2S2_TRAIN_5DF68FAD87E1,2,574.857880,156.550425
R2S2_TRAIN_52827A03D728,2,764.661529,161.888303
R2S2_TRAIN_248F30992E83,2,516.144316,118.235129
R2S2_TRAIN_86C374612C20,1,335.264254,85.611841
R2S2_TRAIN_34335C8E490F,1,670.520802,138.679617
R2S2_TRAIN_7E56AA00B1E6,1,592.106044,118.355050
R2S2_TRAIN_AFC07438BC68,1,407.516352,93.874730
R2S2_TRAIN_9B8712E935A7,1,433.197995,101.149187
R2S2_TRAIN_F24B9F0474D9,2,591.447276,89.259255
R2S2_TRAIN_363D2471E89A,2,480.380382,111.059005
R2S2_TRAIN_3C779D74675A,1,368.807696,132.485623
R2S2_TRAIN_C35B4415F09E,1,504.948109,119.736396
R2S2_TRAIN_DDECF852CA67,1,720.952234,122.481827
R2S2_TRAIN_883EF81590D4,2,570.199103,108.526143
R2S2_TRAIN_4DCA8BC44FEC,2,600.691240,153.454819
R2S2_TRAIN_8BD1EE4DFEEF,2,484.482657,129.785709
R2S2_TRAIN_B18BE8272D7B,1,473.111907,90.720125
R2S2_TRAIN_4E4F466F8BC4,2,524.358540,111.347757
R2S2_TRAIN_785A0D0870C2,1,567.433774,98.199113
R2S2_TRAIN_EAFD8E322023,2,385.378972,127.158624
R2S2_TRAIN_9E3A1FB40FD1,2,745.820943,162.507920
R2S2_TRAIN_3DF18FCFA949,1,693.761310,127.812685
R2S2_TRAIN_562C13111BAD,2,634.120669,154.634602
R2S2_TRAIN_A4089DB7E26B,2,608.688097,110.066252
R2S2_TRAIN_4EA53818B53F,1,426.613563,110.804906
R2S2_TRAIN_243CF76F05D1,2,447.896734,109.654735
R2S2_TRAIN_3F97CABA8E26,2,416.062277,122.545306
R2S2_TRAIN_9CC50E383A6C,1,469.221754,101.941622
R2S2_TRAIN_8B2635A3B46F,2,606.371128,124.337770
R2S2_TRAIN_7AA5284D18C1,2,713.601623,168.912102
R2S2_TRAIN_179CA47087E1,2,406.586634,124.456669
R2S2_TRAIN_CB688952AA2E,2,478.596082,96.019488
R2S2_TRAIN_72B374DA8870,2,502.915384,184.236198
R2S2_TRAIN_9F20F19B3068,2,419.173836,130.407539
R2S2_TRAIN_03705CC51C05,1,662.857177,115.489816
R2S2_TRAIN_17A2CA0C1D85,1,572.031976,114.496334
R2S2_TRAIN_4AF49E8F620B,1,539.564423,158.895503
R2S2_TRAIN_960C22BA0424,2,591.320090,148.631292
R2S2_TRAIN_6C7CD6F09E88,2,487.230779,138.318960
R2S2_TRAIN_B28C549C7120,1,385.919934,109.694614
R2S2_TRAIN_27A116C827E7,1,714.672147,107.939854
R2S2_TRAIN_7F5019315F69,1,742.137075,138.761277
R2S2_TRAIN_6C44C1DC6B68,1,463.410077,94.015513
R2S2_TRAIN_2DC0DFB7B49D,2,502.214108,173.422143
R2S2_TRAIN_ED746F85D7EE,1,386.790994,80.612404
R2S2_TRAIN_A8F487AA38D9,2,477.231768,129.617075
R2S2_TRAIN_64D7363B7024,1,508.406288,85.347113
R2S2_TRAIN_63863FBB456E,2,496.955715,167.661421
R2S2_TRAIN_49695FFF9AD7,1,656.766649,107.172546
R2S2_TRAIN_E0EB514AFA2B,1,375.465159,85.356848
R2S2_TRAIN_4189CC507E08,2,754.207395,181.882672
R2S2_TRAIN_AB3A4BAD10DA,2,630.261829,116.533972
R2S2_TRAIN_37BE1330C445,2,690.376510,134.239869
R2S2_TRAIN_87B3B15740F8,2,430.265126,96.874453
R2S2_TRAIN_A85D9993E41D,1,388.115699,113.320805
R2S2_TRAIN_CAF7C0181C53,1,607.030297,132.232201
R2S2_TRAIN_C4D6C4E3A931,2,500.543800,122.592618
R2S2_TRAIN_5ED1AEFAC4AF,2,495.137836,140.766216
R2S2_TRAIN_F8ACB6E39CDD,2,605.140780,150.662304
R2S2_TRAIN_8167D130B6C2,2,716.412740,194.546539
R2S2_TRAIN_C52219F3D152,1,438.943749,94.604394
R2S2_TRAIN_9B6981CD5887,1,542.245636,86.818964
R2S2_TRAIN_42192302870A,1,500.710886,114.029351
R2S2_TRAIN_A109DE7265CF,2,380.075336,131.715067
R2S2_TRAIN_C42621CB98E7,1,475.231840,114.176263
R2S2_TRAIN_F99A07CF6493,1,617.991534,120.157661
R2S2_TRAIN_BAA429E735B5,1,371.665903,91.418897
R2S2_TRAIN_C1A091BF62E7,1,520.009020,90.770368
R2S2_TRAIN_D56B33749798,2,548.592869,121.145509
R2S2_TRAIN_3394B546B055,2,759.192365,161.521245
R2S2_TRAIN_8DD8A2AE7D04,2,619.697768,162.182574
R2S2_TRAIN_1F2957B93278,1,464.157967,134.841768
R2S2_TRAIN_8226E5C3568B,2,449.970276,149.082632
R2S2_TRAIN_92A2E3032076,1,586.933927,133.622587
R2S2_TRAIN_417A044EFE48,2,730.126348,149.302039
R2S2_TRAIN_BDB009419B94,1,533.570216,130.051254
R2S2_TRAIN_6FD00BCD56ED,2,372.450493,110.159186
R2S2_TRAIN_3B2D34E9359C,1,573.363972,115.338268
R2S2_TRAIN_679A8011CA2B,2,409.066916,90.430357
R2S2_TRAIN_D7B65C607B6B,1,606.577813,108.665335
R2S2_TRAIN_319ED3946C84,1,582.840428,110.390253
R2S2_TRAIN_0BBD0389ADE4,2,587.332798,105.014418
R2S2_TRAIN_04145B57D969,2,538.629489,145.038949
R2S2_TRAIN_F4AC9547D72E,2,403.294284,98.323733
R2S2_TRAIN_24344146464A,1,430.152059,92.717630
R2S2_TRAIN_08E591798948,1,489.214704,148.552078
R2S2_TRAIN_75192A15A4BE,2,632.354159,102.238303
R2S2_TRAIN_3EDE9E592785,1,422.406797,108.487310
R2S2_TRAIN_1A801CF5347D,2,720.915680,149.826275
R2S2_TRAIN_687241570B26,1,490.448936,145.313967
R2S2_TRAIN_6372AE1A5D31,2,399.063522,80.904048
R2S2_TRAIN_7C0DECB91293,1,671.694742,162.092783
R2S2_TRAIN_7E6AC0508810,1,583.988508,180.017856
R2S2_TRAIN_1AD7D2ABEE24,1,515.309953,104.506479
R2S2_TRAIN_F7AC6DDBD32A,2,526.146412,84.584578
R2S2_TRAIN_5A264FF90E43,2,535.465186,128.634839
R2S2_TRAIN_35CE085A172B,1,645.259369,167.339192
R2S2_TRAIN_76C771C8F3F8,1,490.686542,150.196740
R2S2_TRAIN_684FF8BB4AB3,2,550.975516,125.463605
R2S2_TRAIN_40218E8E617B,1,465.877027,156.544383
R2S2_TRAIN_028514FAACE0,1,521.671182,104.579737
R2S2_TRAIN_B51C37BBC253,2,705.241240,130.774157
R2S2_TRAIN_387F95DFED3B,1,401.181768,101.627641
R2S2_TRAIN_2E0DC681E6BC,1,375.584980,98.035760
R2S2_TRAIN_1A65C2C612D7,1,432.624397,90.127796
R2S2_TRAIN_22F1F7336F06,1,539.704946,114.022032
R2S2_TRAIN_4448CDA3E9A7,1,486.380143,77.671277
R2S2_TRAIN_E5D36BBCAD76,1,546.784961,113.859273
R2S2_TRAIN_FCFD0100B15F,2,395.388234,110.072358
R2S2_TRAIN_A69C692D969C,2,445.210019,124.272055
R2S2_TRAIN_49D52A3DC363,2,673.044712,174.393457
R2S2_TRAIN_2C0971C9456C,1,323.771103,75.060133
R2S2_TRAIN_592DF1B5A3D0,2,523.262088,149.791110
R2S2_TRAIN_9F234F444227,1,497.838735,133.916886
R2S2_TRAIN_E78FBE868F17,2,676.968020,134.670603
R2S2_TRAIN_B837DF880BF4,2,451.955466,104.455390
R2S2_TRAIN_69F08C76129F,1,469.251678,130.084982
R2S2_TRAIN_2117C77A8F1A,2,617.369638,127.506439
R2S2_TRAIN_3E3FC98E2CF0,2,725.689254,167.524402
R2S2_TRAIN_CEFCF9B4F963,1,517.792899,112.792593
R2S2_TRAIN_5DACEA383549,1,676.106656,189.303514
R2S2_TRAIN_F955E502EA0C,1,551.137777,117.656677
R2S2_TRAIN_2F9F1A7BDBB9,1,720.153918,148.323895
R2S2_TRAIN_894CF8D07A6A,1,391.579494,108.550392
R2S2_TRAIN_3AD7575C2135,2,508.684829,152.623355
R2S2_TRAIN_590D54973493,2,545.269594,147.430089
R2S2_TRAIN_9E8710A65186,2,378.944241,112.097649
R2S2_TRAIN_BD664E2EB5F5,2,599.052318,154.724854
R2S2_TRAIN_749E15F7E7EB,1,662.731704,123.414966
R2S2_TRAIN_59E31C74737B,1,637.013946,125.105396
R2S2_TRAIN_6B9F49D6CCF9,1,456.918891,101.912629
R2S2_TRAIN_B68FAF26FDC7,2,597.362595,196.304671
R2S2_TRAIN_07BB1292B81D,2,366.862044,84.233754
R2S2_TRAIN_E5BE3B5CEF0F,1,772.059583,183.118846
R2S2_TRAIN_785657A2B9E7,2,562.767756,170.244074
R2S2_TRAIN_EB4506F4BB14,2,504.744762,157.695052
R2S2_TRAIN_0C1D17FF6053,2,527.993634,132.390823
R2S2_TRAIN_3ECFB0147109,1,659.677946,161.662690
R2S2_TRAIN_2F498F0B0116,1,610.260006,132.308292
R2S2_TRAIN_C5FD1DDC0187,2,425.425462,147.352980
R2S2_TRAIN_3B068F1298B8,1,404.811025,88.227277
R2S2_TRAIN_74748EFCC9E5,1,439.237835,117.394263
R2S2_TRAIN_43AE7157D6E9,2,637.878243,133.426747
R2S2_TRAIN_A0C4DEDDC8CF,2,574.206178,186.930630
R2S2_TRAIN_63B3BF9572FC,1,365.866183,72.142801
R2S2_TRAIN_8A5B4CE2C96D,2,405.729881,83.442320
R2S2_TRAIN_5E34A9EE0654,2,734.080650,170.770482
R2S2_TRAIN_CDB0FD6790B4,2,439.610085,132.537083
R2S2_TRAIN_7C787AF091ED,1,339.421137,113.452171
R2S2_TRAIN_598ECC6BD786,2,607.513569,124.673998
R2S2_TRAIN_02C4C5EDAA2D,2,529.248902,153.749565
R2S2_TRAIN_E081B2F621C6,2,590.424613,189.523276
R2S2_TRAIN_AEF281B02115,1,582.429964,127.381531
R2S2_TRAIN_72E0DD4EF7FB,1,554.271360,166.759804
R2S2_TRAIN_821BFA2580BF,2,605.695839,110.805799
R2S2_TRAIN_102CB0EF037E,1,343.613745,101.001194
R2S2_TRAIN_DABEB36EB8B1,2,721.302791,152.115479
R2S2_TRAIN_F2686EDFBF70,1,429.719484,164.770769
R2S2_TRAIN_E2F9F6E6A09A,2,480.837051,136.246516
R2S2_TRAIN_6FD6DC6168FA,2,622.062636,134.396383
R2S2_TRAIN_5226FBDE0B15,1,552.303684,165.152992
R2S2_TRAIN_CC304F015C1C,2,465.298037,111.030627
R2S2_TRAIN_767BC738A24C,1,554.810279,148.368143
R2S2_TRAIN_4F384F03C19E,1,668.772838,157.232886
R2S2_TRAIN_5B4AFB3606A4,2,700.202206,135.538765
R2S2_TRAIN_E93CDD9CF6A1,2,570.382867,140.512289
R2S2_TRAIN_5AD5C60EB28E,2,455.831393,90.590012
R2S2_TRAIN_ACB8370F51F1,2,495.281992,128.190754
R2S2_TRAIN_2FF1A4C13CE6,2,769.452490,168.877822
R2S2_TRAIN_86A61A8767DB,1,592.680628,80.385832
R2S2_TRAIN_CE38FF7DB547,1,672.519452,171.632799
R2S2_TRAIN_BDDD5656BF41,1,473.600714,174.661480
R2S2_TRAIN_F2FCABD62261,2,399.811844,161.546316
R2S2_TRAIN_BA06292EB33B,1,688.112037,129.177373
R2S2_TRAIN_78137EB242F7,2,563.673846,152.390565
R2S2_TRAIN_DA604BC4AE5D,2,849.043541,164.150140
R2S2_TRAIN_AC1E212C4F68,1,492.294275,93.652668
R2S2_TRAIN_CA8E8A39D3D8,2,509.256694,142.033858
R2S2_TRAIN_ACF4CE15F7AA,1,417.617514,130.517849
R2S2_TRAIN_B10510E2225F,1,555.633306,122.323969
R2S2_TRAIN_7432EEDDB478,1,384.689781,93.857651
R2S2_TRAIN_DAAC92D1D5E1,1,561.427669,129.765618
R2S2_TRAIN_AC55C8D6CDAD,2,459.806314,128.891446
R2S2_TRAIN_55C21FEC92EC,1,524.878978,116.009062
R2S2_TRAIN_C0C8B08EFB44,1,509.687565,89.471139
R2S2_TRAIN_249348B626AA,2,560.826411,109.465133
R2S2_TRAIN_F5D5340E7503,1,428.124234,90.493322
R2S2_TRAIN_071648B3F9D4,2,368.462581,97.754565
R2S2_TRAIN_A9691E334294,2,614.377335,137.870790
R2S2_TRAIN_1CF5CB23AA01,2,516.158666,118.938414
R2S2_TRAIN_C43AE6A1CE37,2,469.484566,122.821863
R2S2_TRAIN_7D3A1561C342,1,624.829460,110.833008
R2S2_TRAIN_050DAB0A1F08,1,409.026507,100.079937
R2S2_TRAIN_E588F5B79B69,2,473.343239,105.987896
R2S2_TRAIN_ED1DCB378174,2,624.221493,212.269847
R2S2_TRAIN_6B114AD42F55,1,449.383786,97.301712
R2S2_TRAIN_6BCCB5E418D1,1,510.613386,147.020657
R2S2_TRAIN_3F80EDB3AEA7,2,693.052417,143.913837
R2S2_TRAIN_880258B11D34,2,536.236591,107.260389
R2S2_TRAIN_0F40EC803CB4,1,580.754960,155.412148
R2S2_TRAIN_38D124B606CF,2,489.379174,121.890083
R2S2_TRAIN_1C17DD45FADE,1,502.209864,131.561525
R2S2_TRAIN_926D499A1270,2,525.290526,128.913796
R2S2_TRAIN_33C88522CE18,2,414.625569,92.259974
R2S2_TRAIN_A6AA53D43A9E,2,634.665112,219.290449
R2S2_TRAIN_450B084AD8C1,1,517.704914,134.960899
R2S2_TRAIN_CB85EBAF28B8,2,695.784006,149.419839
R2S2_TRAIN_EDD37257D85D,1,463.813505,105.429324
R2S2_TRAIN_8B46BECAD708,1,728.804597,148.215018
R2S2_TRAIN_A9DCD2AC75BA,2,417.304803,89.828626
R2S2_TRAIN_8F410689DC9D,1,516.298227,121.992722
R2S2_TRAIN_1B0BA21588A5,1,383.096633,147.254847
R2S2_TRAIN_DB52F9D60E5E,1,586.511230,173.717702
R2S2_TRAIN_93FB2FF71EB0,1,737.326493,154.071244
R2S2_TRAIN_E81D4E4772EA,1,715.786345,129.720723
R2S2_TRAIN_69A43A3B49C0,2,386.372696,96.275135
R2S2_TRAIN_CBF888225BA7,2,450.938129,105.930890
R2S2_TRAIN_F58E68A95CEB,1,383.475940,118.608250
R2S2_TRAIN_C5DE14E769A4,1,381.560982,99.671698
R2S2_TRAIN_F4BEAD634FB9,1,565.441591,92.900350
R2S2_TRAIN_905DCDF6110B,1,500.480839,146.112641
R2S2_TRAIN_80E66AF0BF1A,1,770.387188,155.210082
R2S2_TRAIN_48701FEDE0D7,2,489.908958,98.096109
R2S2_TRAIN_CE71CAF1DFB2,1,619.646243,133.771418
R2S2_TRAIN_61C7ECBC924F,2,450.689314,137.806364
R2S2_TRAIN_9B73571A46B1,1,395.343763,136.550193
R2S2_TRAIN_119D34DED9F0,2,759.519168,159.359495
R2S2_TRAIN_ADB8BB5930FF,2,469.831600,111.587019
R2S2_TRAIN_EED583A42572,2,365.668033,98.942651
R2S2_TRAIN_2C6DB76021BA,1,473.822872,94.527840
R2S2_TRAIN_598D7F9253CD,1,635.477590,116.380021
R2S2_TRAIN_386CFB4B6394,2,602.139468,110.736652
R2S2_TRAIN_BA4510BB637D,2,611.450200,134.801840
R2S2_TRAIN_81B821C75B42,1,455.032926,118.350507
R2S2_TRAIN_5F967F143B3F,1,595.435083,157.842704
R2S2_TRAIN_C24CC357E6FD,2,554.260163,153.592072
R2S2_TRAIN_9AF6051D609F,1,616.509584,138.165947
R2S2_TRAIN_E8406227CDF5,1,580.104621,103.663932
R2S2_TRAIN_DA744717CC89,1,528.448204,174.448760
R2S2_TRAIN_0F1EEA69B690,2,893.474140,220.258433
R2S2_TRAIN_624E93056460,2,699.265456,169.398391
R2S2_TRAIN_3A4C45044BF0,1,454.433803,113.002259
R2S2_TRAIN_7CA9BCCEB182,2,437.265812,112.410940
R2S2_TRAIN_9F22EC78883F,2,719.079417,165.565232
R2S2_TRAIN_EC1D406D3688,1,381.999987,113.644293
R2S2_TRAIN_5EF682D40E69,2,613.556438,137.120280
R2S2_TRAIN_E99A1B546EB6,1,657.522202,137.815947
R2S2_TRAIN_F60311854F44,1,328.481524,120.711227
R2S2_TRAIN_8877E2AD881B,1,655.271749,133.444648
R2S2_TRAIN_F1DEF292D7E2,2,579.320666,151.690576
R2S2_TRAIN_222E37C2D8C0,1,738.408975,187.116058
R2S2_TRAIN_1ECAFB21AF0D,2,489.336328,140.881507
R2S2_TRAIN_B301D32AD764,2,728.174908,171.126285
R2S2_TRAIN_3A14FF6CB8B1,2,559.276062,162.315691
R2S2_TRAIN_D9C4ACE8CADA,1,415.702323,126.529297
R2S2_TRAIN_34F726E9DA43,2,558.030495,139.165395
R2S2_TRAIN_1730BFF8DDC2,1,391.237676,103.978286
R2S2_TRAIN_F5D66ED834AE,1,380.033461,122.349572
R2S2_TRAIN_D2FE9354610A,2,577.721334,114.133384
R2S2_TRAIN_EF83A175A719,1,404.942012,93.833230
R2S2_TRAIN_A7FE5AAC00E6,1,568.897297,159.373450
R2S2_TRAIN_4CA478B2AD95,2,669.968589,158.563999
R2S2_TRAIN_57A11347047E,2,375.925579,129.642557
R2S2_TRAIN_EDA48C70E356,1,377.215784,109.145280
R2S2_TRAIN_F4644640803F,1,635.438546,179.453140
R2S2_TRAIN_74358B18314A,2,369.604508,144.968774
R2S2_TRAIN_89E311330899,1,654.434108,131.495491
R2S2_TRAIN_6AD2F0EE8C7C,2,523.830290,115.718293
R2S2_TRAIN_E5D4260A9696,1,516.662785,138.312382
R2S2_TRAIN_C9BAC91C0949,1,439.922928,83.921604
R2S2_TRAIN_3B4BC51CCF45,2,547.587952,120.813615
R2S2_TRAIN_1DEECF9FDC10,2,466.705798,132.970785
R2S2_TRAIN_ACF02471A385,1,577.502420,158.194540
R2S2_TRAIN_78FA859CE679,2,575.740223,110.227874
R2S2_TRAIN_7AAB4B5D5B42,1,606.176955,155.950782
R2S2_TRAIN_DF8811162CB7,1,407.057876,133.904588
R2S2_TRAIN_58129A17B0CC,2,641.720069,164.104608
R2S2_TRAIN_873068FF2373,1,387.539748,103.815310
R2S2_TRAIN_59A04969B59B,2,339.817174,87.136661
R2S2_TRAIN_0A1F2A0221E5,2,487.534454,117.635508
R2S2_TRAIN_C23F954A3218,2,569.160088,132.444157
R2S2_TRAIN_2940AFF27316,1,902.569666,173.529594
R2S2_TRAIN_5026EF9A2F12,2,354.775173,96.666968
R2S2_TRAIN_A904721641F8,1,368.407662,94.490675
R2S2_TRAIN_73F827D31CE0,2,398.813402,133.171876
R2S2_TRAIN_ABD0DA2156B7,2,589.235581,141.558087
R2S2_TRAIN_768CFD585D8E,2,534.386190,92.518980
R2S2_TRAIN_D2BA60A92E91,2,767.348065,152.022134
R2S2_TRAIN_FD234919ABB8,1,476.027204,111.435154
R2S2_TRAIN_B469BCC10ED2,1,550.896790,177.195036
R2S2_TRAIN_D5052EEEEAD9,1,712.279381,101.500952
R2S2_TRAIN_7E5B0FFB0C45,2,426.390494,116.913750
R2S2_TRAIN_BFDEA6459601,1,640.473095,107.599427
R2S2_TRAIN_948821E6BAE7,2,564.512103,177.111331
R2S2_TRAIN_5B9CAAB277C0,2,698.811679,141.054408
R2S2_TRAIN_76DDFEBB150F,2,472.279576,115.411925
R2S2_TRAIN_140E5C62CB56,1,476.248456,93.857856
R2S2_TRAIN_355D06FA26DB,2,656.281650,143.322067
R2S2_TRAIN_DCA088855B36,2,411.355857,128.946483
R2S2_TRAIN_70B284E5780D,2,420.112605,134.312647
R2S2_TRAIN_43662971D982,2,417.694768,100.695733
R2S2_TRAIN_D94AFB76729F,1,412.580641,114.708972
R2S2_TRAIN_4929C009AD3A,2,498.807211,135.284667
R2S2_TRAIN_B6A1DF964BF6,1,682.503616,143.231203
R2S2_TRAIN_FF4DA916C5A8,1,543.237068,142.945812
R2S2_TRAIN_2EF3E4E53192,2,413.042366,95.809951
R2S2_TRAIN_F4278054B0F4,2,710.579856,168.937467
R2S2_TRAIN_96B039F0D738,2,545.417278,85.992418
R2S2_TRAIN_F413B4183E7F,1,451.503812,121.694356
R2S2_TRAIN_FFC8890AE737,1,501.229889,128.227559
R2S2_TRAIN_A8CE994A0340,1,528.803623,151.401384
R2S2_TRAIN_44A4DEBC2198,1,563.912139,162.942549
R2S2_TRAIN_05B12CCE555A,2,528.847731,189.349253
R2S2_TRAIN_CE4CE6A3AE85,2,717.804255,149.387531
R2S2_TRAIN_3B7EAFEC6DAF,1,642.795246,127.198189
R2S2_TRAIN_81DC8103DACF,2,467.380874,161.804550
R2S2_TRAIN_59289E451A0E,2,499.041357,110.645071
R2S2_TRAIN_B5CF66E09813,1,499.962498,128.858161
R2S2_TRAIN_E63B8FEA0CB6,1,578.714737,157.146325
R2S2_TRAIN_ECE6DCE057D5,2,425.156903,143.285435
R2S2_TRAIN_C69E0B546B07,2,466.462780,123.508874
R2S2_TRAIN_770CDED2D193,2,766.090544,185.439872
R2S2_TRAIN_8029DADDD729,2,759.967448,130.546001
R2S2_TRAIN_34B5F9BC1D40,2,588.359853,147.450150
R2S2_TRAIN_FC6F92C8FDCC,1,383.220108,121.914834
R2S2_TRAIN_168049B44A99,2,463.588395,167.827991
R2S2_TRAIN_5FD02E461BDB,1,427.991873,84.519846
R2S2_TRAIN_6DA3715CD7F5,2,443.334954,129.432337
R2S2_TRAIN_59A97D0D2DBA,1,539.678765,85.930027
R2S2_TRAIN_A716228B362E,2,504.295136,138.579985
R2S2_TRAIN_3B5612156BCD,2,582.088235,125.412655
R2S2_TRAIN_D5369826476C,2,351.652888,126.578881
R2S2_TRAIN_07AC41917AB6,2,535.860596,117.821975
R2S2_TRAIN_67B00274070D,1,380.467761,106.127928
R2S2_TRAIN_0AB78447EBD0,2,619.921977,133.455273
R2S2_TRAIN_751CEDD4C0B9,2,468.326793,111.354176
R2S2_TRAIN_51D128BD1EDC,1,536.932502,147.177273
R2S2_TRAIN_1E1454B3FFFA,1,576.468940,123.311296
R2S2_TRAIN_D2FBA2D291A7,2,830.020314,193.511356
R2S2_TRAIN_47B3601B6152,2,379.953698,110.121662
R2S2_TRAIN_98796649B8CD,1,686.718253,150.325313
R2S2_TRAIN_2E568AEB0329,1,614.512896,124.135975
R2S2_TRAIN_5EAA6CDCD56D,1,742.527906,132.316662
R2S2_TRAIN_77FC4D4BCDAA,2,379.921836,100.710175
R2S2_TRAIN_9EC8D75356A1,1,352.791338,92.217323
R2S2_TRAIN_8F0B0CEEFA75,1,528.896416,123.099723
R2S2_TRAIN_58B24B34137D,1,452.923266,109.724127
R2S2_TRAIN_7075CFA8C2F9,2,636.469612,120.312111
R2S2_TRAIN_34C58341EE78,1,477.498009,109.342483
R2S2_TRAIN_FC914723143B,2,539.697877,116.237618
R2S2_TRAIN_30B3E0732E7E,2,568.261875,100.339765
R2S2_TRAIN_D1973D2E8731,1,434.846294,105.301309
R2S2_TRAIN_1E021ED3015E,1,497.494043,86.256151
R2S2_TRAIN_1E5F5237F29E,1,591.257790,89.021681
R2S2_TRAIN_315E82FE004A,1,645.436491,112.340340
R2S2_TRAIN_6365AEB2C008,1,592.443935,106.921686
R2S2_TRAIN_29A987387B82,1,659.125558,125.816494
R2S2_TRAIN_064CA777FDB3,2,595.084314,140.628603
R2S2_TRAIN_CDF5A7525356,2,523.274374,126.460905
R2S2_TRAIN_E1DF36F3C348,1,642.361646,118.948079
R2S2_TRAIN_A563C8F0E551,1,321.792319,79.330441
R2S2_TRAIN_DC2E7EA2C995,2,485.392594,118.186282
R2S2_TRAIN_983D340E8298,2,355.451376,92.639709
R2S2_TRAIN_48D65F315C18,1,638.067289,127.441097
R2S2_TRAIN_B99693BEF14B,2,429.899256,108.157152
R2S2_TRAIN_12079A30FA48,1,677.872053,115.013118
R2S2_TRAIN_78AD51494EE3,2,497.315945,152.122733
R2S2_TRAIN_145303A8978F,2,594.109287,138.193832
R2S2_TRAIN_F1A9638F1347,1,476.336646,158.551222
R2S2_TRAIN_5DA8B57FFF53,1,714.753319,149.747868
R2S2_TRAIN_4F1BFCCEBF49,2,358.596744,99.848440
R2S2_TRAIN_DEF4E976CE91,1,670.386667,116.584095
R2S2_TRAIN_717C00995247,1,529.755269,121.596858
R2S2_TRAIN_BE8D5E97A318,2,519.459917,110.220086
R2S2_TRAIN_3B35E1546654,1,333.518344,104.103755
R2S2_TRAIN_0B3949DCF805,2,326.184000,117.281173
R2S2_TRAIN_1683900054F5,2,612.964434,135.140174
R2S2_TRAIN_B7866B7C12AE,2,588.361248,123.123821
R2S2_TRAIN_224F7A6E04F4,1,549.279121,113.175222
R2S2_TRAIN_1F2F49BDC2DC,2,628.662421,104.492525
R2S2_TRAIN_B253530172C6,1,667.469787,120.255029
R2S2_TRAIN_658A64B04BAC,1,433.986675,122.599994
R2S2_TRAIN_397D7D4FAA3D,2,373.057804,114.681013
R2S2_TRAIN_5429BEDC9552,2,516.764105,99.026458
R2S2_TRAIN_14BF46E325F8,1,664.356954,155.647407
R2S2_TRAIN_0D5858C1A055,1,574.274719,130.925946
R2S2_TRAIN_84B19E8E73AE,2,546.054770,167.609615
R2S2_TRAIN_2DAC9E7BF43C,2,641.180267,125.845393
R2S2_TRAIN_06CD8B6741DD,2,363.304350,100.755826
R2S2_TRAIN_570C1ED35083,2,401.506998,98.267403
R2S2_TRAIN_69B47548CF91,1,398.351000,149.316776
R2S2_TRAIN_72163BAC0BF1,2,549.248986,111.920659
R2S2_TRAIN_A2EFDBA4D076,1,678.630836,156.129714
R2S2_TRAIN_397AFAD2888F,1,449.536769,113.783395
R2S2_TRAIN_BE3F5AD362B0,2,491.108857,137.226722
R2S2_TRAIN_025028E9C66D,1,641.430031,134.770567
R2S2_TRAIN_EAA69079DC6D,2,424.723355,90.831037
R2S2_TRAIN_B251B1019332,1,628.554310,157.048765
R2S2_TRAIN_17A5B5FD503A,1,605.373225,143.734854
R2S2_TRAIN_546CB422D6E4,2,405.108193,119.142851
R2S2_TRAIN_9FEC4E27E435,2,509.504638,188.281908
R2S2_TRAIN_4EB9B3FADD5A,1,699.282941,129.078894
R2S2_TRAIN_85ECFC517F94,1,727.928465,129.314315
R2S2_TRAIN_E2C074FBBD6A,2,518.781088,143.542097
R2S2_TRAIN_E865CF50C7DE,1,541.697164,118.530891
R2S2_TRAIN_05B82D778E1C,1,382.880038,86.833888
R2S2_TRAIN_A0FE2B8BF6C9,2,700.404552,168.209332
R2S2_TRAIN_515E769E419C,1,661.782558,163.358227
R2S2_TRAIN_6983C65A3DC4,1,500.702461,146.346784
R2S2_TRAIN_C2B4966F79C7,2,664.970318,114.362430
R2S2_TRAIN_864D74FC8FDA,1,517.029465,111.063295
R2S2_TRAIN_EEA353E2B796,2,465.237293,160.150718
R2S2_TRAIN_7622A65DF640,2,489.370129,110.856696
R2S2_TRAIN_011D21896B3C,1,698.128923,133.728298
R2S2_TRAIN_E2786DE1D94A,2,384.454139,106.488312
R2S2_TRAIN_511924E68AFD,1,608.748308,101.565557
R2S2_TRAIN_6C67968F2A9C,1,540.846476,90.128039
R2S2_TRAIN_E51F96E17FE5,2,415.515895,129.474713
R2S2_TRAIN_E0AB1E476357,1,524.514112,109.711590
R2S2_TRAIN_367D228AA360,1,499.412822,91.610966
R2S2_TRAIN_8CE518A06668,2,421.014030,114.256340
R2S2_TRAIN_89F0F3F31F42,1,431.762695,108.675973
R2S2_TRAIN_C325C61AEC89,1,575.723276,119.241259
R2S2_TRAIN_01F771B47F89,2,849.099793,192.187235
R2S2_TRAIN_D1C45321927F,1,379.702547,108.799843
R2S2_TRAIN_02E586E1B0FA,2,680.872869,143.777642
R2S2_TRAIN_83CAA232B8F8,2,587.843874,153.880919
R2S2_TRAIN_1DC76CCE69AC,2,574.281916,126.855619
R2S2_TRAIN_C2137AFAED99,2,496.269659,111.128576
R2S2_TRAIN_2739E990838E,2,553.477763,130.034464
R2S2_TRAIN_E32EB6D05E6E,2,555.661710,155.773756
R2S2_TRAIN_1D7E60902C86,2,522.226927,156.749262
R2S2_TRAIN_FEF8F02B62FD,1,635.705082,144.241460
R2S2_TRAIN_07E2C51C3081,1,402.189244,110.676658
R2S2_TRAIN_40756F7A0B24,2,504.515686,135.959346
R2S2_TRAIN_302D414AA4FA,1,418.955341,111.239797
R2S2_TRAIN_D67032C3CE69,2,662.329538,167.128939
R2S2_TRAIN_9180106A078C,2,533.196570,100.976501
R2S2_TRAIN_28C487207AAD,2,517.481922,125.299180
R2S2_TRAIN_4FB93B8448E5,1,552.234854,146.962207
R2S2_TRAIN_E58B5C1CB229,2,560.922774,121.011240
R2S2_TRAIN_812807CBB452,1,479.282344,140.928840
R2S2_TRAIN_F98E2C27DA5C,1,506.242120,143.814517
R2S2_TRAIN_9943BC1AA1DB,1,427.623040,113.234369
R2S2_TRAIN_5CD836D2C31F,2,621.729874,141.090832
R2S2_TRAIN_A4420071D5A3,1,389.372443,89.852759
R2S2_TRAIN_3FCD48D61C4B,1,684.764846,116.883220
R2S2_TRAIN_14556BAAAB78,2,516.963205,95.843376
R2S2_TRAIN_0973FA508B2E,1,633.900709,163.133143
R2S2_TRAIN_873F6F98CC73,2,760.244522,165.879872
R2S2_TRAIN_4573E3A7A9C0,2,570.131868,102.605402
R2S2_TRAIN_A91C6A0E207D,1,720.588879,137.485954
R2S2_TRAIN_D71E0CADF2E0,2,709.435561,150.709118
R2S2_TRAIN_1137090989E9,1,462.578190,94.544263
R2S2_TRAIN_EA3AFB18FBB4,2,315.099966,91.970723
R2S2_TRAIN_7AE7F62D1339,2,587.431557,145.858896
R2S2_TRAIN_2599BF065076,2,415.527795,161.570833
R2S2_TRAIN_0CFF74BEA392,2,450.480434,109.668098
R2S2_TRAIN_6C95F851E0F9,1,513.594294,124.006965
R2S2_TRAIN_92902CC7D16A,2,596.077598,157.260020
R2S2_TRAIN_C8990E7626F6,2,413.137946,127.299859
R2S2_TRAIN_025357192104,1,504.963912,130.249434
R2S2_TRAIN_39B9A1BC34AF,1,537.137709,103.787500
R2S2_TRAIN_2D5D49438FB7,1,583.802653,159.513188
R2S2_TRAIN_7ECCFA49D23D,1,718.752156,143.577393
R2S2_TRAIN_F42C1F0EF580,2,339.282237,75.236072
R2S2_TRAIN_48EB1BB05170,2,676.818635,131.572464
R2S2_TRAIN_49228052657D,2,573.672253,154.343189
R2S2_TRAIN_A143FED0A628,2,364.251857,95.278268
R2S2_TRAIN_221AD580C308,2,837.762661,174.880424
R2S2_TRAIN_344F5AF5C09E,2,651.753974,167.925716
R2S2_TRAIN_BF7E762F73C4,2,453.550258,96.561897
R2S2_TRAIN_FD87F0E0EC02,1,456.295133,120.936055
R2S2_TRAIN_88C5B7FED610,2,479.773451,104.136521
R2S2_TRAIN_4615A21905F4,2,401.715534,158.979518
R2S2_TRAIN_21BA77177A7B,2,389.008523,131.438741
R2S2_TRAIN_F1F380CDE36A,1,562.087957,102.085926
R2S2_TRAIN_58DBB6994070,2,710.399820,121.382523
R2S2_TRAIN_D7233A9D6D78,2,389.394187,90.632477
R2S2_TRAIN_3A0C19D47788,1,627.260650,127.350819
R2S2_TRAIN_203209066EAF,2,518.551881,167.754180
R2S2_TRAIN_62474EFAE6AB,1,776.267005,161.324085
R2S2_TRAIN_993A65EF6FE1,1,724.049563,140.594518
R2S2_TRAIN_C556A84371A7,1,339.020384,82.159567
R2S2_TRAIN_9CAF9A2A79D6,2,541.169583,185.167369
R2S2_TRAIN_1CC53B56EDBB,1,450.942993,106.653098
R2S2_TRAIN_25410573F43E,2,759.396334,164.478210
R2S2_TRAIN_AD947E6194D1,1,557.872938,162.102675
R2S2_TRAIN_15309A3A8D11,2,433.546526,122.541259
R2S2_TRAIN_A92B2FF81F06,1,595.370057,102.487461
R2S2_TRAIN_0E5514487788,1,543.895094,96.793366
R2S2_TRAIN_BBD20305007E,2,702.335062,143.243462
R2S2_TRAIN_8EDAD7B49E05,2,501.070874,130.731399
R2S2_TRAIN_766B1225FFED,2,384.762506,104.805385
R2S2_TRAIN_8E9A937C9963,2,340.312393,118.362807
R2S2_TRAIN_874C717F22FF,2,527.915879,148.160824
R2S2_TRAIN_39B5AE6C3A90,2,388.184886,110.385408
R2S2_TRAIN_3E6B601D7672,2,586.887246,121.946320
R2S2_TRAIN_E02BEA300EFF,2,451.195080,119.797158
R2S2_TRAIN_E20BD8BF001F,2,622.050851,182.195520
R2S2_TRAIN_79D184DC124B,1,547.608037,107.119403
R2S2_TRAIN_524CE0E53A40,2,684.678212,123.798330
R2S2_TRAIN_F63947E7EBD3,2,490.872907,105.536027
R2S2_TRAIN_6336E2D7E2D2,2,552.541079,136.444673
R2S2_TRAIN_A48F23664841,1,617.046236,156.569455
R2S2_TRAIN_0A1421C4FE16,2,654.557413,172.229782
R2S2_TRAIN_ED9CA703FDF5,1,580.737136,175.563881
R2S2_TRAIN_1489BC82643F,2,630.657289,150.209483
R2S2_TRAIN_5F6B69DA5F77,2,587.983759,131.295541
R2S2_TRAIN_44E53E563140,2,331.975582,112.268591
R2S2_TRAIN_D6C51BED6276,2,495.757743,129.134737
R2S2_TRAIN_9BEAE70D2180,1,607.862278,130.178509
R2S2_TRAIN_6D2880FA3A0E,1,637.945196,132.216835
R2S2_TRAIN_8458EB605B52,1,662.427850,116.265223
R2S2_TRAIN_AF79D0BF92ED,2,556.182621,96.238474
R2S2_TRAIN_CF81F6DA33F0,1,413.459157,150.486132
R2S2_TRAIN_2B4E5175C051,2,580.274443,106.282742
R2S2_TRAIN_87A108CA2888,1,608.689105,156.110235
R2S2_TRAIN_6CCCCA070F4A,2,465.511528,120.395024
R2S2_TRAIN_31CAAAD4BE77,2,539.325030,112.559453
R2S2_TRAIN_B94D91DD87CA,2,500.710736,126.626089
R2S2_TRAIN_CC3603626E05,2,614.579950,110.519851
R2S2_TRAIN_951AC4E89643,1,507.837628,147.288816
R2S2_TRAIN_18FD80262E81,1,484.130007,106.674259
R2S2_TRAIN_B0DBF1E8BE1B,2,474.528451,87.981950
R2S2_TRAIN_6B9A8220C154,2,593.514157,127.730192
R2S2_TRAIN_79A822AAFF68,2,486.350877,115.779341
R2S2_TRAIN_FAC39AE0F863,1,549.721363,133.902541
R2S2_TRAIN_C2E9A08BC96F,2,370.900612,97.466267
R2S2_TRAIN_FABCB43D621C,2,503.602301,133.845163
R2S2_TRAIN_A623AF86EC41,1,316.089945,91.881328
R2S2_TRAIN_581466225AAD,2,817.412635,133.358083
R2S2_TRAIN_1D7620FEAAE1,1,709.428035,182.919945
R2S2_TRAIN_5898CC040D70,1,373.924794,107.695934
R2S2_TRAIN_7551A87F3477,1,556.880348,146.085938
R2S2_TRAIN_BA9C6D553575,2,773.423742,134.555907
R2S2_TRAIN_4B3450FA39DD,1,525.074093,135.764849
R2S2_TRAIN_BB636F6A918A,2,406.414279,114.445034
R2S2_TRAIN_F09BB74FEA0B,1,677.495662,99.065590
R2S2_TRAIN_EA234B91812F,2,535.266578,131.111063
R2S2_TRAIN_E9BA46ABE35D,2,364.102733,127.172456
R2S2_TRAIN_9A128D26A7E5,2,618.588915,158.273821
R2S2_TRAIN_63608281A9AA,2,505.968726,144.747806
R2S2_TRAIN_C29E00AE2514,1,575.631345,121.774240
R2S2_TRAIN_824140540E1D,1,476.643067,103.532900
R2S2_TRAIN_42AE07D7F7A3,1,582.210576,114.239764
R2S2_TRAIN_C26557886E9A,2,504.585384,104.481616
R2S2_TRAIN_6222E9552203,1,485.390631,118.348778
R2S2_TRAIN_529C2652B83D,2,378.958065,133.710672
R2S2_TRAIN_D2E93E013831,1,927.917688,190.679776
R2S2_TRAIN_087A0101CC58,2,532.002993,147.230133
R2S2_TRAIN_55646898C1A5,1,603.885158,160.456224
R2S2_TRAIN_DC6B131CFC84,2,461.801095,94.617398
R2S2_TRAIN_E6C6C5F34553,2,678.441576,141.384814
R2S2_TRAIN_C187C520C788,1,712.837155,144.083841
R2S2_TRAIN_10399B9DE429,1,428.222451,88.169895
R2S2_TRAIN_28AFDE91F00D,1,597.583303,115.605362
R2S2_TRAIN_5FE54264767B,2,625.894437,133.659975
R2S2_TRAIN_82045DB2EFF2,2,514.018489,105.029826
R2S2_TRAIN_B70136D5AF68,2,592.884461,129.602987
R2S2_TRAIN_B4BEED87BD71,1,348.667579,75.826568
R2S2_TRAIN_52BBADAB7A2B,2,429.265720,121.175497
R2S2_TRAIN_BCCE404D0DCD,1,382.271203,73.164267
R2S2_TRAIN_6C372FF20AB0,1,635.955470,169.741481
R2S2_TRAIN_65E71A9C53E0,1,465.033508,92.302432
R2S2_TRAIN_EC7DCE1C1822,2,516.739518,154.574779
R2S2_TRAIN_158079BBC82D,2,357.454935,157.162258
R2S2_TRAIN_8328FDEB4BC6,2,460.515533,119.041470
R2S2_TRAIN_7219A15DBAD7,2,632.394973,160.586212
R2S2_TRAIN_6C9E2D2A0591,2,441.243763,127.443020
R2S2_TRAIN_FCB24554DF59,2,645.063732,216.750188
R2S2_TRAIN_A22AEC320F22,2,548.591863,128.063666
R2S2_TRAIN_118433565931,2,373.901334,112.559406
R2S2_TRAIN_FC98B715FC91,1,451.972373,129.565516
R2S2_TRAIN_5A7CB9D2B259,1,420.608854,77.637553
R2S2_TRAIN_A5246A85775D,1,770.447155,134.403495
R2S2_TRAIN_E1DDE1515F85,2,504.877801,130.271449
R2S2_TRAIN_61ECA0C4A3FD,2,502.457298,115.417905
R2S2_TRAIN_8E1532E6AE40,2,342.098677,110.292816
R2S2_TRAIN_EB2C93FBA1DA,1,414.874669,111.850971
R2S2_TRAIN_AAED83E569FE,1,534.041844,121.944850
R2S2_TRAIN_5D21C2257C1B,1,598.641996,138.983562
R2S2_TRAIN_9FA43A215A98,1,628.414460,121.100993
R2S2_TRAIN_27E684B65845,1,526.525802,107.000566
R2S2_TRAIN_94EE5D51B42E,2,447.600176,100.347595
R2S2_TRAIN_E642E735E86E,1,677.673723,82.008567
R2S2_TRAIN_10F8914777B0,1,512.634684,181.785624
R2S2_TRAIN_4CB6CEF2175C,2,643.847782,157.680582
R2S2_TRAIN_E34A682E03BC,2,417.122589,161.241083
R2S2_TRAIN_4F7480EB9926,1,573.300446,114.327968
R2S2_TRAIN_830B20993A4C,1,582.483954,93.364534
R2S2_TRAIN_52E30F9B2AB8,1,604.271851,141.563708
R2S2_TRAIN_9EEF449B3EF5,2,481.893246,138.433064
R2S2_TRAIN_A3094D68841E,2,647.918456,141.068709
R2S2_TRAIN_2F306DAFD103,1,545.614168,150.664217
R2S2_TRAIN_DC3DA7323926,1,642.285660,148.170955
R2S2_TRAIN_0707B1450F88,1,371.613556,92.755653
R2S2_TRAIN_5581D5305648,2,714.427249,120.899807
R2S2_TRAIN_4090A092A682,1,395.264236,92.697986
R2S2_TRAIN_7CC7D65DD3C1,2,578.775275,119.289161
R2S2_TRAIN_54BEEC113DF1,1,469.738214,150.846467
R2S2_TRAIN_4B49E98295DF,2,515.958997,103.469825
R2S2_TRAIN_54195C590512,1,603.368711,153.058371
R2S2_TRAIN_CB74CFE5CF38,2,635.185417,104.744559
R2S2_TRAIN_572626CF7C14,1,318.588398,70.246308
R2S2_TRAIN_B422FC958763,2,618.726679,149.265451
R2S2_TRAIN_0562E97E5984,2,559.930202,122.005038
R2S2_TRAIN_29BD86E77503,2,658.349982,158.621298
R2S2_TRAIN_41FDCD4EA935,1,547.263750,106.971934
R2S2_TRAIN_45975F07FDCB,1,369.094928,87.933302
R2S2_TRAIN_BF5E8B1D596F,1,485.257407,149.228709
R2S2_TRAIN_03464BB92D95,1,688.985197,140.770808
R2S2_TRAIN_16C145084F57,2,742.241465,164.905742
R2S2_TRAIN_C9EBE6DD5187,2,418.718534,129.289320
R2S2_TRAIN_E0A98992228F,1,450.049680,107.136053
R2S2_TRAIN_FD5CE6504100,2,760.220572,166.236566
R2S2_TRAIN_FEC7B5F7580C,1,342.947249,89.239927
R2S2_TRAIN_6ECE6297F188,2,841.349574,217.492984
R2S2_TRAIN_E1F13CD650A0,2,580.044694,160.518323
R2S2_TRAIN_056EA0C63F42,2,637.489206,106.839806
R2S2_TRAIN_652A4E1DB7EF,1,582.233950,80.978982
R2S2_TRAIN_D04600DE3F03,1,450.935841,143.520940
R2S2_TRAIN_96CDD69A3437,2,419.819616,90.785454
R2S2_TRAIN_9F9C583D41A9,1,627.625755,141.079099
R2S2_TRAIN_D7A9EBDBF864,2,474.050449,104.037924
R2S2_TRAIN_FB22AA0CF289,1,655.552857,122.301419
R2S2_TRAIN_0296303B1A94,1,641.864535,123.530917
R2S2_TRAIN_413343B34A82,2,419.703849,70.765903
R2S2_TRAIN_9694C9A09132,1,687.958834,200.988949
R2S2_TRAIN_BDA6B817A62B,2,406.702941,104.637558
R2S2_TRAIN_9C1564007964,2,387.325929,133.723605
R2S2_TRAIN_8088C42F19EB,1,467.668928,122.552479
R2S2_TRAIN_EFCF4B9EE6D3,1,461.021504,94.769531
R2S2_TRAIN_6A2597BC2EED,1,674.237873,135.385415
R2S2_TRAIN_65605AB64286,1,748.796711,145.163873
R2S2_TRAIN_65BE08DC13BB,2,472.899345,177.859550
R2S2_TRAIN_1EA4211F2D36,2,635.025180,166.453978
R2S2_TRAIN_5CC532DEBC89,1,624.140111,114.153048
R2S2_TRAIN_5FEA890E07A3,1,341.271672,119.733292
R2S2_TRAIN_4B5EE4AE8F95,1,424.113588,88.510483
R2S2_TRAIN_01FA76C2F75C,1,807.141388,135.133007
R2S2_TRAIN_2B59E82C64AA,1,351.092269,91.081387
R2S2_TRAIN_8AD5E99EF485,2,448.277575,99.871908
R2S2_TRAIN_5CBE52319663,2,715.340806,138.739307
R2S2_TRAIN_2ED4AAD2A9C7,2,452.939210,110.208873
R2S2_TRAIN_3353CC59C374,1,419.082269,95.609912
R2S2_TRAIN_B7B234E9A7EB,2,379.123525,115.095827
R2S2_TRAIN_337067CEE044,1,660.471758,103.171284
R2S2_TRAIN_29D0B31323A6,1,561.778223,167.795489
R2S2_TRAIN_45F33E89F9B5,1,503.567136,128.073622
R2S2_TRAIN_C0F75B9CF12A,2,526.981828,129.957337
R2S2_TRAIN_C75B5FF2F11A,1,423.415589,111.832007
R2S2_TRAIN_699ED9328CA5,2,609.027802,122.800561
R2S2_TRAIN_041A64F8BFE8,1,371.645788,84.343398
R2S2_TRAIN_B48E149ADD3A,2,744.390884,163.362185
R2S2_TRAIN_3ABEC93230DC,2,504.283878,102.476035
R2S2_TRAIN_780B29BCA395,2,375.705973,117.683552
R2S2_TRAIN_1336B283A8F0,2,875.628801,170.137515
R2S2_TRAIN_BC095354ECCA,1,481.685052,119.889297
R2S2_TRAIN_E1A415CDBED8,2,412.598757,99.297015
R2S2_TRAIN_4571A0298105,1,696.389062,136.018602
R2S2_TRAIN_E2493F715247,1,469.905986,123.585788
R2S2_TRAIN_23D90592FB58,2,520.693206,184.399150
R2S2_TRAIN_E6ADF61E9DE5,2,808.524919,168.897777
R2S2_TRAIN_0DEC6CD754B8,1,628.994565,157.248076
R2S2_TRAIN_F2AE851BCC8F,1,681.376386,161.155555
R2S2_TRAIN_A83AEFD2BB6C,2,609.512120,140.913062
R2S2_TRAIN_B169D5AC575A,2,642.016986,120.631154
R2S2_TRAIN_8A02CC0B1194,2,398.954749,113.873452
R2S2_TRAIN_0B9440876FDC,2,645.384050,127.365627
R2S2_TRAIN_60AF13C90368,2,370.423190,121.616427
R2S2_TRAIN_9A1DA6CF1F2D,2,633.224399,126.375664
R2S2_TRAIN_0892DFFAF7E0,1,609.308374,141.286919
R2S2_TRAIN_0B9415D50912,1,495.149390,168.255624
R2S2_TRAIN_093DDED8618B,2,481.645688,124.226949
R2S2_TRAIN_F8828817D024,1,459.370290,107.572617
R2S2_TRAIN_2035F89C87CD,2,400.657926,97.921477
R2S2_TRAIN_1E701C673DAE,2,601.932366,141.186564
R2S2_TRAIN_AEBC24EE15FF,2,427.115950,159.722198
R2S2_TRAIN_C2F0E6ECC39F,1,725.648575,168.379335
R2S2_TRAIN_431A35B46711,1,566.645522,135.414577
R2S2_TRAIN_4CB845C8A525,1,532.948575,126.877316
R2S2_TRAIN_D0DF00857F99,1,656.886457,152.541404
R2S2_TRAIN_2FB95C4C56EC,1,540.035555,108.016772
R2S2_TRAIN_548AB92EF206,2,502.267620,88.384105
R2S2_TRAIN_7C204E7DCBA5,1,557.772730,101.315571
R2S2_TRAIN_C70456B439E9,2,660.822210,168.286107
R2S2_TRAIN_CFCC119D479A,1,491.624605,110.124147
R2S2_TRAIN_938C2361E819,2,658.156023,147.345587
R2S2_TRAIN_3C4A61360EA9,1,437.804517,95.570208
R2S2_TRAIN_A6735F362F26,2,437.667163,126.738844
R2S2_TRAIN_EE4C5E4D57F6,1,417.990172,108.808038
R2S2_TRAIN_E0B373824B38,2,449.029869,146.096603
R2S2_TRAIN_707587717C58,2,781.234687,127.364530
R2S2_TRAIN_83926FDD1AB0,2,644.869385,113.691699
R2S2_TRAIN_1F6C40975359,2,465.919730,92.853112
R2S2_TRAIN_0F3C1A31A138,1,617.625626,165.340760
R2S2_TRAIN_97E3478C6FED,2,429.646067,150.327600
R2S2_TRAIN_A1AD75BF10E1,2,400.994002,101.372578
R2S2_TRAIN_C45E860A96E3,2,455.308319,123.978566
R2S2_TRAIN_8EE7AE7C4CFF,1,582.651215,109.017014
R2S2_TRAIN_460BB825F6C9,1,567.000801,104.791294
R2S2_TRAIN_00328D525365,1,668.771506,143.801767
R2S2_TRAIN_5C9EB19A3A86,1,722.613027,129.622463
R2S2_TRAIN_E6615DAC4E8D,2,547.829813,141.068895
R2S2_TRAIN_F91AB56FAE82,1,436.003251,152.322322
R2S2_TRAIN_A63C244AA1D1,1,508.138512,80.436624
R2S2_TRAIN_2DF43C2789EB,1,382.730891,87.651374
R2S2_TRAIN_4EC76FBAE6D6,1,502.875867,118.893356
R2S2_TRAIN_F518937EF191,1,422.283811,139.756195
R2S2_TRAIN_C7EB0FA2937E,1,800.500807,147.125656
R2S2_TRAIN_1EDFFC63A4CA,2,383.294426,104.651747
R2S2_TRAIN_C687215B5A48,2,402.107403,85.730557
R2S2_TRAIN_B30A39115E61,1,432.962965,121.336212
R2S2_TRAIN_F3185A4A8636,1,759.395562,150.763793
R2S2_TRAIN_F1E8E2A6550C,1,489.379519,95.869855
R2S2_TRAIN_C907FF4008A9,2,513.560905,135.470687
R2S2_TRAIN_D5DB0CB504B4,1,615.701573,149.712416
R2S2_TRAIN_E434B9A63EEE,2,451.834681,140.422688
R2S2_TRAIN_A1281CE333B7,2,590.432837,137.595778
R2S2_TRAIN_FB4B8840CDE6,1,684.712008,104.334967
R2S2_TRAIN_4B290A581755,1,429.456259,129.917145
R2S2_TRAIN_0E202FEF9AE3,2,554.751624,113.990007
R2S2_TRAIN_36DA63E1AAB2,2,384.410217,117.843573
R2S2_TRAIN_EF4288604D66,2,482.286061,128.823035
R2S2_TRAIN_3E8CF8E4EE3A,1,510.116281,92.259802
R2S2_TRAIN_0BFF8982A3FE,2,546.351403,146.466367
R2S2_TRAIN_D2373616F513,1,388.759154,92.902057
R2S2_TRAIN_8B5EF06E6255,2,378.434969,110.588191
R2S2_TRAIN_AF2F1C8A99D9,1,763.040242,168.509717
R2S2_TRAIN_6BF831D45E23,1,720.488826,174.430054
R2S2_TRAIN_BEF2C3594291,2,638.560589,124.051764
R2S2_TRAIN_5A61004CB079,1,753.432969,103.447093
R2S2_TRAIN_579FEFC29843,2,624.828058,135.165766
R2S2_TRAIN_9CC70E309137,1,778.680173,194.285024
R2S2_TRAIN_64E61CC50054,1,563.249193,108.672645
R2S2_TRAIN_F6326915AD09,2,660.764882,126.099893
R2S2_TRAIN_3E88711D248D,2,513.017824,166.961574
R2S2_TRAIN_D07C7004F311,1,712.160811,162.112096
R2S2_TRAIN_90E5CA2A1A32,1,407.787882,120.144375
R2S2_TRAIN_5E00DC6A573F,2,413.686393,90.171010
R2S2_TRAIN_BEC94403787A,1,823.338335,145.863277
R2S2_TRAIN_D5EF2BB045B9,1,423.499080,107.820406
R2S2_TRAIN_5B87EDAB6CCD,2,599.601702,126.111778
R2S2_TRAIN_0C56FBB4309B,2,337.433458,102.153602
R2S2_TRAIN_989B2224FA24,1,682.395414,163.988400
R2S2_TRAIN_1DD727844868,1,644.670876,141.365534
R2S2_TRAIN_46217662CD89,2,480.311944,113.103325
R2S2_TRAIN_EEFA03533D75,2,423.094540,88.607707
R2S2_TRAIN_201FFDB9054B,1,358.034075,113.834890
R2S2_TRAIN_887EEE191AA8,1,463.938931,137.167739
R2S2_TRAIN_031118CDC826,1,614.593878,109.461806
R2S2_TRAIN_76F71E6235E1,1,621.689525,105.809460
R2S2_TRAIN_F967CABDF7B1,2,458.684981,134.180311
R2S2_TRAIN_B756EA1E547E,2,498.243836,178.388620
R2S2_TRAIN_87D394FAC090,1,433.028878,100.233572
R2S2_TRAIN_AF5191DBD41A,2,524.176641,108.302979
R2S2_TRAIN_806856B6E6F0,2,392.232847,101.568094
R2S2_TRAIN_F27D282A43D7,1,476.019532,117.550195
R2S2_TRAIN_A0C60AC29434,1,539.981258,133.551556
R2S2_TRAIN_499777CF2221,1,661.057606,196.817319
R2S2_TRAIN_F80160A9E85A,2,641.554900,145.721446
R2S2_TRAIN_4372BBFA83C5,2,569.143848,164.283550
R2S2_TRAIN_4D4266533D9D,1,518.087698,114.118001
R2S2_TRAIN_94F3A0B1276F,1,452.502573,98.561800
R2S2_TRAIN_1ABC74396E39,1,518.906120,106.940802
R2S2_TRAIN_3720D3C0C251,2,600.324666,198.177991
R2S2_TRAIN_4FD11A4087A2,1,350.131851,89.131036
R2S2_TRAIN_7DFBD27CA9A6,2,673.231246,181.278240
R2S2_TRAIN_D2872DC4B8F2,1,528.585094,116.318859
R2S2_TRAIN_177881B323A8,2,506.842561,143.691951
R2S2_TRAIN_3ACDEC676F37,1,584.493669,96.333863
R2S2_TRAIN_9C99A6145221,2,468.561682,113.999999
R2S2_TRAIN_7D919497C132,1,488.081880,116.159182
R2S2_TRAIN_AF5EA0780F31,1,501.727222,136.080047
R2S2_TRAIN_E05EBBA964BC,1,552.049701,91.705585
R2S2_TRAIN_B07476500678,2,491.662394,142.960411
R2S2_TRAIN_1D6CF9DF9FB1,2,553.540881,114.990682
R2S2_TRAIN_0657FAFC1AF8,1,594.112705,130.634191
R2S2_TRAIN_5D8E39B828B5,1,644.038442,97.661384
R2S2_TRAIN_AECD89824C8D,1,639.836404,137.060482
R2S2_TRAIN_EB01F3B52D47,1,605.642038,94.623133
R2S2_TRAIN_5BA78B0F4405,1,393.099018,106.756031
R2S2_TRAIN_70B72C7F8C33,1,377.932985,115.717302
R2S2_TRAIN_7EA34600B3CE,2,529.308446,139.067609
R2S2_TRAIN_33641AC1B7AC,2,465.195838,125.519802
R2S2_TRAIN_3442F8F1B6DD,1,405.911791,102.168418
R2S2_TRAIN_65F4EE461CDC,2,403.796007,150.320941
R2S2_TRAIN_16BD0C425194,1,539.517948,101.468638
R2S2_TRAIN_A60428E325F4,1,673.323692,138.111734
R2S2_TRAIN_16A658B31E53,2,466.767671,159.113251
R2S2_TRAIN_AFCCA03801C5,1,536.884943,152.812470
R2S2_TRAIN_438B9DD1936D,2,434.588702,95.128724
R2S2_TRAIN_C138EA320D94,1,577.667172,104.834168
R2S2_TRAIN_5799A9EB0741,2,722.760574,176.049929
R2S2_TRAIN_CF100793FBF1,2,471.861989,102.787601
R2S2_TRAIN_CC9FE0214D12,2,384.495639,135.676675
R2S2_TRAIN_00A13142D4D0,2,560.523757,136.067156
R2S2_TRAIN_60F3D12DD898,2,465.120299,148.749382
R2S2_TRAIN_CE7438B50E24,1,534.745619,105.258964
R2S2_TRAIN_7570BE7DEA7C,1,368.786475,108.065215
R2S2_TRAIN_4628DAE054D5,2,397.007587,139.316994
R2S2_TRAIN_6088B76AA969,2,647.776767,159.480082
R2S2_TRAIN_5B16C8EF694E,1,567.471059,141.305076
R2S2_TRAIN_302673C4FE8D,1,467.286132,106.810938
R2S2_TRAIN_E4F103E834D4,2,442.477097,78.992136
R2S2_TRAIN_1A459CE6EF2F,2,557.750489,139.523009
R2S2_TRAIN_1BF967A525F5,1,644.229468,130.917474
R2S2_TRAIN_2EF1A293933F,2,445.691275,132.240672
R2S2_TRAIN_26457ADE3CCC,1,640.652494,138.869965
R2S2_TRAIN_70916C1C5CD1,1,370.961313,91.048526
R2S2_TRAIN_9581BC4A5778,1,500.504240,99.467774
R2S2_TRAIN_00FBD35A7229,1,676.460348,127.899046
R2S2_TRAIN_DC0F86FD86F4,2,438.462368,117.306410
R2S2_TRAIN_C4E85C9F4179,1,733.414643,147.383672
R2S2_TRAIN_7F0CC5F1F264,1,679.239801,128.087246
R2S2_TRAIN_708D244C404F,1,399.386436,93.373432
R2S2_TRAIN_38817E9528FC,1,514.456057,135.337224
R2S2_TRAIN_351141681E7C,2,508.585169,128.143869
R2S2_TRAIN_3FD178BD3520,1,732.284477,147.437097
R2S2_TRAIN_9601FE6F9535,2,526.370331,156.261389
R2S2_TRAIN_72F29B9E212D,1,452.688761,117.487621
R2S2_TRAIN_C906DEE7272E,1,431.077269,99.680661
R2S2_TRAIN_B74F425C9AFF,2,551.244373,153.422073
R2S2_TRAIN_9654A8C634BF,2,455.395620,113.437545
R2S2_TRAIN_616E765CDC0B,2,551.700219,176.364450
R2S2_TRAIN_39B560416DA7,2,493.084392,133.506499
R2S2_TRAIN_D0FB07BA5300,2,436.380213,94.500174
R2S2_TRAIN_2CAC02586450,1,601.207613,128.702869
R2S2_TRAIN_3C390355F37C,2,393.284011,117.244990
R2S2_TRAIN_ED451EB99F6F,2,464.078385,129.702135
R2S2_TRAIN_391078295F22,2,474.729776,98.142759
R2S2_TRAIN_EF6A5BCF5E82,1,539.044286,120.427040
R2S2_TRAIN_FE872C9A8C53,2,422.464869,130.105735
R2S2_TRAIN_99A15C87F7C5,1,667.247195,168.279442
R2S2_TRAIN_0B4D3FAF8005,1,775.346248,212.094339
R2S2_TRAIN_797FE1E06E96,2,536.017346,142.625005
R2S2_TRAIN_17BCC7F906BC,1,415.241440,100.689569
R2S2_TRAIN_CC866FBDDBE0,2,641.667114,164.121062
R2S2_TRAIN_1004F4BD553E,1,474.134092,92.493165
R2S2_TRAIN_D7E6ED8BB174,1,544.060981,97.324182
R2S2_TRAIN_8CE8254C4835,2,426.517585,88.496883
R2S2_TRAIN_DA62560F14B7,2,604.627258,132.797476
R2S2_TRAIN_B894AED7E346,2,714.778778,140.382842
R2S2_TRAIN_47A400FB6742,2,463.328276,97.439902
R2S2_TRAIN_8CA4B075DB0D,1,516.947598,110.030835
R2S2_TRAIN_F8015BFE6A83,1,390.756397,114.739247
R2S2_TRAIN_9FC616E2B3CF,2,415.258847,129.720058
R2S2_TRAIN_0CF30A1BE6C2,1,405.509727,105.010529
R2S2_TRAIN_33F238AF1B6B,2,675.794528,136.208278
R2S2_TRAIN_B453F9DAA30F,1,622.863069,157.226613
R2S2_TRAIN_FF1E40FCB34B,2,580.626070,182.497223
R2S2_TRAIN_CEBE37A38BF9,2,490.370426,182.905500
R2S2_TRAIN_0D3C216FFEE6,2,490.887045,109.057396
R2S2_TRAIN_719DD1CEA8DC,2,671.836184,162.691760
R2S2_TRAIN_C19512550918,1,422.283607,96.545835
R2S2_TRAIN_843D22D0285D,2,552.203614,163.223406
R2S2_TRAIN_A57AC1F958B6,1,541.442518,107.288437
R2S2_TRAIN_BD4C44D39E1B,1,600.439896,152.876117
R2S2_TRAIN_9ABEDFE90919,1,800.395315,164.038460
R2S2_TRAIN_71790E2522F6,2,466.034247,129.889107
R2S2_TRAIN_32AA5ECA5608,2,480.892014,151.396249
R2S2_TRAIN_96363EBF8DF0,2,587.363037,104.748745
R2S2_TRAIN_635EC5F7DC47,2,579.878014,135.839388
R2S2_TRAIN_88F0A1F5055C,2,585.252100,145.227967
R2S2_TRAIN_FE83DEBD885F,1,429.819631,98.114385
R2S2_TRAIN_BA44E6CFE3AE,1,576.258190,146.389359
R2S2_TRAIN_2D14F3D1DB0F,2,600.901924,167.799533
R2S2_TRAIN_6AA5F639F2C9,1,681.061014,144.928440
R2S2_TRAIN_625964E4A7C9,2,425.518036,128.623135
R2S2_TRAIN_E3DF806EDB1B,1,650.887815,89.411349
R2S2_TRAIN_C6B5D045C079,1,738.647524,167.384229
R2S2_TRAIN_970084BEECAB,2,547.676114,124.845844
R2S2_TRAIN_2E6071CE2E13,1,556.891280,107.314558
R2S2_TRAIN_92C599475A0A,2,420.080402,126.825472
R2S2_TRAIN_1CB85D7B3959,2,459.409328,132.202359
R2S2_TRAIN_14180604986C,1,625.545444,161.722768
R2S2_TRAIN_A5C96715AE06,2,528.731431,153.528242
R2S2_TRAIN_1ED11EFCC439,1,627.905319,138.324118
R2S2_TRAIN_4A1C283514BE,2,729.348819,147.935241
R2S2_TRAIN_CA8E6AEF461A,2,507.480914,107.278967
R2S2_TRAIN_61C534EC9E01,2,666.296068,147.805444
R2S2_TRAIN_A9AC5BA15689,2,361.348309,108.602603
R2S2_TRAIN_3D1809E581D5,1,893.210496,137.724030
R2S2_TRAIN_76253B74BCD6,2,628.715674,170.318397
R2S2_TRAIN_926A3DB59371,1,579.401893,111.758537
R2S2_TRAIN_8C6A9C9332C7,2,545.071479,107.430988
R2S2_TRAIN_6F30E48871EF,2,487.997797,131.950262
R2S2_TRAIN_A294627C5924,1,473.609924,108.524358
R2S2_TRAIN_D1CB214E484F,2,418.717076,191.255078
R2S2_TRAIN_4441DBA33DC6,1,354.351282,100.988534
R2S2_TRAIN_36F8744F6CFD,1,707.431153,138.125037
R2S2_TRAIN_46ABE267A705,2,391.582753,109.278968
R2S2_TRAIN_374608C97CDA,2,631.859638,196.773904
R2S2_TRAIN_FEFBA6B6EAA1,1,509.901237,165.559562
R2S2_TRAIN_331796811852,2,518.199404,112.225077
R2S2_TRAIN_026653E36743,1,354.176064,91.246586
R2S2_TRAIN_6566CBABDC20,2,498.295666,102.896499
R2S2_TRAIN_646FEDB950A2,1,496.813381,105.339093
R2S2_TRAIN_F3D230D5FD78,2,435.437657,151.583077
R2S2_TRAIN_AB1397908902,1,392.345540,98.145914
R2S2_TRAIN_937B6D1A02EA,1,590.056070,143.870297
R2S2_TRAIN_5ED99C28E4F6,1,342.122892,98.597884
R2S2_TRAIN_5A57E2F09840,2,525.331484,148.739038
R2S2_TRAIN_9D4E3ED65E43,1,644.463359,126.116889
R2S2_TRAIN_039013D09F12,2,439.709240,102.948047
R2S2_TRAIN_9AF73C8542D6,2,602.215089,131.830245
R2S2_TRAIN_35762FBCEBE7,1,566.668673,91.825220
R2S2_TRAIN_74A725997241,1,516.017846,151.488485
R2S2_TRAIN_3873CB6AAFA7,2,389.503652,93.750199
R2S2_TRAIN_1FEA23F8B096,2,388.941081,102.157537
R2S2_TRAIN_2085EF623237,2,724.576734,150.051656
R2S2_TRAIN_9D438E3CE129,1,480.207378,143.353483
R2S2_TRAIN_3FA165690BAF,1,550.657139,147.739926
R2S2_TRAIN_79C54846F296,2,369.723082,94.821128
R2S2_TRAIN_FEC7287752E7,1,795.203843,161.437933
R2S2_TRAIN_96C47906E5F6,2,417.860860,104.335372
R2S2_TRAIN_3731FAEACFFD,2,409.469633,112.476697
R2S2_TRAIN_56ACD393C5DC,1,386.957873,104.990674
R2S2_TRAIN_00C2437021F7,2,294.241151,90.785097
R2S2_TRAIN_E948553863D1,2,493.715494,171.858565
R2S2_TRAIN_7EF974B2B5CA,1,743.323025,160.421702
R2S2_TRAIN_C81AC1F37669,1,556.708301,128.131286
R2S2_TRAIN_EA19EEA00F7A,2,395.743835,137.414852
R2S2_TRAIN_6CBB40E3F539,2,408.032657,120.475872
R2S2_TRAIN_B6E88C39131A,1,506.581865,148.804436
R2S2_TRAIN_1F29399335B8,2,659.846331,105.230263
R2S2_TRAIN_CAC158396E26,1,700.922311,125.687203
R2S2_TRAIN_12AC090E9AB1,1,437.879148,112.506229
R2S2_TRAIN_F3EA3240CB2C,2,388.382939,118.454604
R2S2_TRAIN_30EADDC65BA5,1,727.328698,128.541644
R2S2_TRAIN_A47E47B79312,1,455.855515,140.518007
R2S2_TRAIN_CFF6DE51EEDC,2,484.466519,120.166499
R2S2_TRAIN_DC3E0D6F1452,2,635.570228,223.250844
R2S2_TRAIN_EC524A73C712,2,569.741440,134.051124
R2S2_TRAIN_D4B542F5D8AB,2,371.553836,149.041313
R2S2_TRAIN_1F7482B6FED9,2,369.429306,125.295584
R2S2_TRAIN_94F177A2F52C,2,535.846280,147.774400
R2S2_TRAIN_3101BB95418E,2,387.005579,134.573293
R2S2_TRAIN_82E84E33D270,1,603.338661,109.831647
R2S2_TRAIN_8DDBDF9AD544,1,421.505165,95.496392
R2S2_TRAIN_B4075741E8D4,1,410.680104,90.057313
R2S2_TRAIN_5F775133EFAD,2,384.145605,108.438782
R2S2_TRAIN_3596F9BFF3DD,2,509.435190,176.901104
R2S2_TRAIN_9B267C794DDB,1,657.252511,121.866981
R2S2_TRAIN_9753EFD7B7A9,2,367.740494,127.129283
R2S2_TRAIN_CC7E0A4DBAD3,2,477.868913,108.182103
R2S2_TRAIN_9A712F5AEDDC,2,623.482693,114.381083
R2S2_TRAIN_0312C40A78E8,1,526.437346,71.213776
R2S2_TRAIN_9E3668DFF9E8,1,774.650699,154.863764
R2S2_TRAIN_4290E7726CA8,2,641.240182,110.327864
R2S2_TRAIN_CE532093309F,1,431.764467,106.199126
R2S2_TRAIN_8E0D4FE1D727,2,496.403120,87.609729
R2S2_TRAIN_DCE2D1F5A470,2,490.029443,147.729710
R2S2_TRAIN_052BEAB4C346,1,449.338741,122.011471
R2S2_TRAIN_A9A42B6F3432,2,639.340101,118.910930
R2S2_TRAIN_CBD4F18B9FE5,1,622.426422,135.509824
R2S2_TRAIN_D0AD6145A394,1,520.014068,162.155015
R2S2_TRAIN_B9D1AFFD153C,2,333.167299,98.244648
R2S2_TRAIN_73487EAA1C3C,1,574.591547,135.726579
R2S2_TRAIN_2D34AA8326BD,2,799.740627,181.902865
R2S2_TRAIN_DB6D7215F1F2,2,379.616018,125.039777
R2S2_TRAIN_F9DC948233DC,1,623.484121,135.719854
R2S2_TRAIN_E7DA416550B3,1,529.367312,99.963302
R2S2_TRAIN_E4F86EE3F534,2,549.532376,137.008074
R2S2_TRAIN_D9A54EF95C40,2,585.206875,133.530850
R2S2_TRAIN_BB109FC7A72B,1,374.552350,79.991887
R2S2_TRAIN_D84C1FB561A4,1,408.893151,93.387626
R2S2_TRAIN_AA466D1FE5FC,1,711.444300,152.367484
R2S2_TRAIN_FA5780CC48AF,1,476.534062,112.608587
R2S2_TRAIN_1B38D090CEB3,1,751.024456,164.441600
R2S2_TRAIN_86F443736E84,2,380.607571,110.963396
R2S2_TRAIN_46F7C3EA4165,2,436.007378,119.583802
R2S2_TRAIN_5A3DD483A6FB,1,415.021371,92.955526
R2S2_TRAIN_91714E1678D5,2,588.755947,103.914015
R2S2_TRAIN_7DDC62C49091,1,529.666232,102.394051
R2S2_TRAIN_629D73CB4A40,1,647.583537,142.255964
R2S2_TRAIN_89519A5B41AC,1,439.422133,118.460129
R2S2_TRAIN_E0EC1BF5C017,1,433.297850,96.506131
R2S2_TRAIN_42E5C630A22D,2,567.318130,152.160212
R2S2_TRAIN_A5AAEEF43391,1,570.314426,135.952298
R2S2_TRAIN_EC77FA128101,2,431.430770,129.681995
R2S2_TRAIN_E259B740569B,1,640.023645,85.556178
R2S2_TRAIN_472FDE57FB5A,2,501.316295,131.987826
R2S2_TRAIN_D9EAD2B363A3,2,582.135032,136.697582
R2S2_TRAIN_6D3066E90E1A,1,513.674866,135.105577
R2S2_TRAIN_E1FAB45DA67D,1,801.789763,162.971177
R2S2_TRAIN_8ECF16F24664,2,724.325193,129.067723
R2S2_TRAIN_9529FD6ED0E6,2,586.944874,188.052500
R2S2_TRAIN_E6DFADB4BD59,1,772.824393,148.452057
R2S2_TRAIN_B2B62556E8BC,1,402.985321,105.149823
R2S2_TRAIN_12FD756998DC,2,772.961575,176.555529
R2S2_TRAIN_1E98F711EAD8,2,361.110626,88.737803
R2S2_TRAIN_3C4FDBAAA711,2,569.142726,145.265496
R2S2_TRAIN_412EAFC67B59,2,683.447522,154.950241
R2S2_TRAIN_A554A0E70250,2,695.120612,169.300304
R2S2_TRAIN_3A264508D52F,1,614.098314,146.890617
R2S2_TRAIN_50C8C3DEE16B,1,771.526248,157.810668
R2S2_TRAIN_59F3DC274720,2,507.449413,134.073719
R2S2_TRAIN_125E1F553D16,1,523.455276,147.062271
R2S2_TRAIN_7FCE352FAF86,1,469.157364,95.871679
R2S2_TRAIN_952E62DFF948,1,418.413855,85.958429
R2S2_TRAIN_19BD21AAE687,1,673.476918,140.231889
R2S2_TRAIN_3BD9A1B0D48C,1,688.177231,90.778520
R2S2_TRAIN_77756359268C,1,701.708898,135.531880
R2S2_TRAIN_E0270880CC07,2,578.764908,161.365671
R2S2_TRAIN_32AF5833EE78,1,428.579112,127.131556
R2S2_TRAIN_FEF4F84FCCC4,2,627.778585,130.555624
R2S2_TRAIN_0062096AEDBC,2,352.438329,121.486574
R2S2_TRAIN_521551336A57,1,652.694011,126.676588
R2S2_TRAIN_C855510073CE,1,598.854538,149.344411
R2S2_TRAIN_EDBAF2193132,1,497.491107,101.434425
R2S2_TRAIN_1E897CB738F3,1,551.187082,156.110700
R2S2_TRAIN_B8BE65F4BB7F,2,425.217525,85.385671
R2S2_TRAIN_5E3B9C0E5CAC,1,680.840553,125.155446
R2S2_TRAIN_61975B7C0989,2,581.383895,114.816286
R2S2_TRAIN_5C93D85448A2,2,393.676506,106.235729
R2S2_TRAIN_4BAA5C4D24A1,2,474.680934,124.878426
R2S2_TRAIN_4D1E8A5555FA,1,441.144172,97.145340
R2S2_TRAIN_081066B8FDAE,2,744.764940,124.536225
R2S2_TRAIN_0C15A2CA1773,2,682.076776,161.280993
R2S2_TRAIN_E32461033440,2,609.771073,168.906956
R2S2_TRAIN_3EBE1EED904B,1,552.643069,116.021687
R2S2_TRAIN_1A2E6851424A,1,558.110958,160.023529
R2S2_TRAIN_C7BE6236440D,2,511.817324,131.771484
R2S2_TRAIN_59D5DE5565F5,1,359.363387,83.556647
R2S2_TRAIN_9F8B17235911,2,390.951902,153.242522
R2S2_TRAIN_424BBB493046,1,609.597632,125.491843
R2S2_TRAIN_421C43BF16F0,2,371.193073,96.311161
R2S2_TRAIN_4B65FD0EB8FC,1,496.204982,124.097900
R2S2_TRAIN_C16F4217C9BB,1,384.122710,100.878881
R2S2_TRAIN_C0000585F63D,1,579.502272,123.680453
R2S2_TRAIN_D813822C310C,1,475.455060,111.720923
R2S2_TRAIN_37BA91ADEF87,1,424.265312,98.217065
R2S2_TRAIN_FD8899F5B1C1,2,574.581423,183.370256
R2S2_TRAIN_37B9183101CD,1,636.655809,141.942846
R2S2_TRAIN_650C2D34233B,2,539.286074,107.579831
R2S2_TRAIN_60EF5214E1DF,2,341.487283,131.735030
R2S2_TRAIN_FC1BC0ACBF8B,1,549.942473,132.534129
R2S2_TRAIN_C7D68841689E,2,499.253940,157.645108
R2S2_TRAIN_DB2508789B10,2,542.115995,147.126236
R2S2_TRAIN_5368EF2FFCEE,2,432.092074,127.068857
R2S2_TRAIN_426861CD56C9,1,619.985317,154.260897
R2S2_TRAIN_D355B1CFCF94,1,755.683797,134.593029
R2S2_TRAIN_60568FD0605B,1,486.158239,86.016609
R2S2_TRAIN_1507AA7EF803,2,687.708836,177.872382
R2S2_TRAIN_F38BCD6282B0,1,522.968148,143.151369
R2S2_TRAIN_7D6E072C81EA,2,395.806316,136.208506
R2S2_TRAIN_0A58D670CCA9,1,506.025081,122.104181
R2S2_TRAIN_59AD83F3DFB7,1,461.385107,105.763639
R2S2_TRAIN_966B97BB06ED,2,561.790252,92.951656
R2S2_TRAIN_774159D2C663,1,391.231790,86.483492
R2S2_TRAIN_B31461FC62B2,2,430.136104,111.456848
R2S2_TRAIN_96CAA1E7DABE,1,749.506144,163.452921
R2S2_TRAIN_3843ACA2D66A,1,568.425556,102.246737
R2S2_TRAIN_BD5B4EC4DA90,2,516.157318,102.634201
R2S2_TRAIN_91FFD65C2BCC,1,843.301772,151.196273
R2S2_TRAIN_A64ABDE77FA3,2,763.363968,154.322254
R2S2_TRAIN_75D8F5E66977,2,556.602105,124.106486
R2S2_TRAIN_7642AA1AD1BB,2,678.176981,130.105702
R2S2_TRAIN_74DBA0A8C158,1,515.119429,116.003245
R2S2_TRAIN_52E61C3B43FF,1,438.743434,186.038292
R2S2_TRAIN_6E7FDAB85BD6,1,566.601462,128.608781
R2S2_TRAIN_ED7012B94B88,2,767.813741,168.418208
R2S2_TRAIN_F48CC0F2CBBD,2,673.930373,151.509427
R2S2_TRAIN_AC533FEC12A9,2,363.179738,120.086366
R2S2_TRAIN_F8EBAB9C8EBE,1,475.986349,112.291631
R2S2_TRAIN_0E91ACF9A234,1,453.715391,98.882437
R2S2_TRAIN_9E450886B835,2,592.648664,157.126021
R2S2_TRAIN_BA17B66D8A75,1,421.990960,89.341731
R2S2_TRAIN_F004B0F6F7E4,1,746.241078,138.875561
R2S2_TRAIN_D3259285027D,1,526.598050,93.745083
R2S2_TRAIN_7ECE7C4687EA,2,715.816038,192.566226
R2S2_TRAIN_95AB6513083E,1,461.788133,109.577744
R2S2_TRAIN_DF953D1110F0,1,414.292812,124.390089
R2S2_TRAIN_8E17A8CFD183,2,662.551803,94.830666
R2S2_TRAIN_A3A40645E798,2,551.775119,136.496132
R2S2_TRAIN_9F07FDEF0D45,2,751.063643,158.381758
R2S2_TRAIN_D5085DFE977C,1,760.567409,139.886884
R2S2_TRAIN_8542EFF0A230,1,575.666771,100.906219
R2S2_TRAIN_5EA72113D3EE,2,683.045114,145.323563
R2S2_TRAIN_D2C7A4D81303,1,452.251974,143.169396
R2S2_TRAIN_D06CBA73BCD9,1,531.742393,112.253177
R2S2_TRAIN_9E4FEF79BEE3,2,588.186216,159.379621
R2S2_TRAIN_2EAEA838CB4A,1,588.006745,114.895131
R2S2_TRAIN_640B6F19F46A,1,561.544834,192.883436
R2S2_TRAIN_66CA315F905D,2,400.455281,100.201838
R2S2_TRAIN_9D978F2B4B3A,1,662.084709,125.710293
R2S2_TRAIN_03D1E03D7BD6,1,383.154576,107.470204
R2S2_TRAIN_45E99875378B,2,666.966330,180.453753
R2S2_TRAIN_24EE779EC35B,2,454.365999,106.326864
R2S2_TRAIN_138A5E75B38D,1,586.838113,125.781840
R2S2_TRAIN_4EFE82FB94A1,1,517.735699,109.537015
R2S2_TRAIN_0968EBAF30CA,2,546.360721,162.006311
R2S2_TRAIN_BE373CD31608,2,518.129926,125.718356
R2S2_TRAIN_05EE8C5A3513,1,650.103003,139.252949
R2S2_TRAIN_F0803CD36B5F,2,602.146364,131.568104
R2S2_TRAIN_341AC1F25C69,2,602.169167,138.957813
R2S2_TRAIN_F3079977861F,2,439.403560,133.859802
R2S2_TRAIN_CA70BAB6D2E9,2,565.238284,127.306536
R2S2_TRAIN_8C804A59D085,1,643.841215,127.993206
R2S2_TRAIN_3F84284836CC,2,368.509990,93.109831
R2S2_TRAIN_23D22BAA3B3E,1,730.248049,148.901901
R2S2_TRAIN_F847EF8D2080,1,465.981458,141.494854
R2S2_TRAIN_9FED86FB99DD,2,732.398795,161.351635
R2S2_TRAIN_594AE01455A1,2,646.600490,119.189205
R2S2_TRAIN_4BF2C4408D0C,2,366.135360,97.784751
R2S2_TRAIN_B7BFB923C6B1,1,553.264476,148.548499
R2S2_TRAIN_FA74B616BB70,1,638.599710,128.189650
R2S2_TRAIN_40FEEA884CBF,1,571.946374,134.818302
R2S2_TRAIN_C610CE301807,2,349.219636,109.893409
R2S2_TRAIN_F12739B165C1,2,542.104442,174.605447
R2S2_TRAIN_9A7C761C945E,1,655.774107,141.667618
R2S2_TRAIN_AA0042D70F4E,2,657.731492,169.945411
R2S2_TRAIN_FDE638014F5F,1,697.047334,121.016355
R2S2_TRAIN_D33AE96A2E49,1,470.479369,139.310505
R2S2_TRAIN_965D0205D3B7,2,495.949418,143.683805
R2S2_TRAIN_A48801FDF0F9,1,492.230740,86.083220
R2S2_TRAIN_81A629FBBE9A,2,599.737062,172.062145
R2S2_TRAIN_FBBAA66C90FA,1,656.929889,113.961104
R2S2_TRAIN_3C385EC94F4F,2,544.571864,106.190817
R2S2_TRAIN_9D5AD6A2BA2D,1,409.799320,74.739301
R2S2_TRAIN_92261C5FFD41,2,513.977353,123.894774
R2S2_TRAIN_EDD10BD56D2A,2,558.885908,159.691488
R2S2_TRAIN_C6CEAD886E77,1,459.277034,107.044897
R2S2_TRAIN_ADB0578ECA5C,1,422.610200,126.681122
R2S2_TRAIN_AD78F38CA6F7,1,529.482454,124.684151
R2S2_TRAIN_34D4C32247DE,2,339.916770,112.674417
R2S2_TRAIN_11196DB63633,1,681.893392,148.188970
R2S2_TRAIN_EAF7EBC4240C,2,349.426041,94.620588
R2S2_TRAIN_A7C0F25FF817,1,562.764404,108.671143
R2S2_TRAIN_1EB81960D319,1,539.488132,148.588383
R2S2_TRAIN_4EA432D85E74,1,742.581705,136.170812
R2S2_TRAIN_646E3FEF7147,1,700.656928,125.878850
R2S2_TRAIN_E58F91B61B09,2,340.636713,95.303849
R2S2_TRAIN_861F920226EF,1,515.140843,151.052562
R2S2_TRAIN_87428E3BEEA9,1,489.248101,97.205961
R2S2_TRAIN_43A477597CF8,2,595.023432,138.840227
R2S2_TRAIN_883A6967F662,2,442.081529,126.447991
R2S2_TRAIN_1D434F034A6C,1,353.063362,104.575284
R2S2_TRAIN_26A99032C888,2,515.737045,127.386533
R2S2_TRAIN_B05227E39DD1,1,579.791362,137.799797
R2S2_TRAIN_10842FD7BC56,2,438.141757,126.774077
R2S2_TRAIN_D5A56508D995,2,401.401081,126.329480
R2S2_TRAIN_9AA57B580BFF,1,319.360021,89.631368
R2S2_TRAIN_5E524FF840D4,2,711.005694,149.801936
R2S2_TRAIN_2A52970004C6,1,627.357621,104.389238
R2S2_TRAIN_12D7BC35E62F,1,558.481390,127.823657
R2S2_TRAIN_F0480E672517,1,576.858144,109.511935
R2S2_TRAIN_9DF61226201A,1,438.298367,129.156026
R2S2_TRAIN_E7FD8E9DD8A3,2,541.989678,114.718604
R2S2_TRAIN_68892DFBDDBD,2,435.712287,101.183664
R2S2_TRAIN_9BBEFA13B535,1,517.243283,101.943527
R2S2_TRAIN_8D84BFD9C316,2,576.591994,172.814285
R2S2_TRAIN_382FE1CBE8F1,1,658.470213,110.321777
R2S2_TRAIN_A0D2707C3EA8,2,683.310697,165.397456
R2S2_TRAIN_A73F76682AAB,1,481.869598,126.045889
R2S2_TRAIN_934A44C26F7F,1,459.418067,120.308967
R2S2_TRAIN_7EAECCCC891F,2,405.761776,111.846068
R2S2_TRAIN_3204DF4F4B51,2,645.127426,169.031860
R2S2_TRAIN_1FC3618CDC4A,2,439.356372,112.056754
R2S2_TRAIN_21C381FEE55A,1,605.737367,96.441641
R2S2_TRAIN_0AEC2BF98F87,2,437.558306,102.013625
R2S2_TRAIN_E011399A1A3C,2,549.208551,102.802871
R2S2_TRAIN_AF686F8F7B7B,2,662.307158,144.427934
R2S2_TRAIN_13CA28AD84DB,1,324.335145,90.079690
R2S2_TRAIN_0786E050BDE3,1,414.978058,118.778166
R2S2_TRAIN_42A6CDEC9929,2,318.665392,104.790007
R2S2_TRAIN_0A053B1625C8,1,638.152267,155.363903
R2S2_TRAIN_4C3714A099EF,2,415.391635,151.409378
R2S2_TRAIN_7D9572EE936A,2,577.006967,125.367009
R2S2_TRAIN_EB86636C75E5,2,298.018019,87.420526
R2S2_TRAIN_EB300BEEE4B4,2,420.546664,122.057636
R2S2_TRAIN_0C719B1FF2F3,1,557.337955,91.466488
R2S2_TRAIN_B9505692E956,1,464.310418,110.992065
R2S2_TRAIN_FD9F7D5F78E7,2,404.259529,146.768574
R2S2_TRAIN_E4C5075AD2C5,2,548.149283,157.885114
R2S2_TRAIN_1424A796CFA7,2,453.335045,185.531886
R2S2_TRAIN_6CD8231293E3,2,430.517669,116.355365
R2S2_TRAIN_193027F3B0E3,2,386.039860,114.162762
R2S2_TRAIN_EFA9E53DBB7D,1,636.352254,131.109510
R2S2_TRAIN_6E92CF4BB529,1,541.220101,153.008049
R2S2_TRAIN_F2F82FB6F996,1,556.430112,92.023010
R2S2_TRAIN_95618F195566,2,610.315129,98.299744
R2S2_TRAIN_B9A41BF3C3E8,2,831.156970,175.869584
R2S2_TRAIN_EA4BE3C10BB0,1,493.028435,78.240225
R2S2_TRAIN_67BA55133378,1,408.770228,93.823151
R2S2_TRAIN_EC2722061E7F,2,529.542174,122.567947
R2S2_TRAIN_A74122DA0D58,1,484.721335,89.724562
R2S2_TRAIN_9C0C6BA30BBA,1,380.934863,115.753690
R2S2_TRAIN_11C3C1715B0D,1,528.123506,126.493009
R2S2_TRAIN_B9B9000FBB36,1,429.273505,141.347162
R2S2_TRAIN_39E42DD90348,1,585.158850,158.433486
R2S2_TRAIN_11E99BFF6992,2,470.297845,134.322753
R2S2_TRAIN_34F211C0A2B6,2,442.094798,145.205241
R2S2_TRAIN_3B2FD0E59D80,1,430.889077,131.393488
R2S2_TRAIN_979D84FF9E61,1,503.620733,134.350878
R2S2_TRAIN_244CD1D9761B,1,609.059244,99.038022
R2S2_TRAIN_63D168099E5A,2,503.437922,129.807877
R2S2_TRAIN_D42200F55234,1,484.655452,125.050173
R2S2_TRAIN_455F93BFDF7F,2,518.598474,94.002631
R2S2_TRAIN_0E92EB885FE5,1,670.577044,126.375835
R2S2_TRAIN_2910EA7AA9F0,1,527.395428,113.641773
R2S2_TRAIN_23EE9101FBF6,2,465.013443,105.161757
R2S2_TRAIN_34A54C30F676,1,723.340222,146.229533
R2S2_TRAIN_DC1E5586FCF0,2,441.027863,101.233381
R2S2_TRAIN_AC51EB7474E9,2,440.904671,131.614871
R2S2_TRAIN_C9908A25B20E,1,534.714976,83.792804
R2S2_TRAIN_3D6C4C2C39C5,1,498.699876,96.925279
R2S2_TRAIN_6B4F56AB3B9B,1,410.129883,123.995387
R2S2_TRAIN_C891D684714A,1,401.856080,164.058903
R2S2_TRAIN_4C126FF313FE,2,558.293147,128.760924
R2S2_TRAIN_271682F8772A,1,588.482746,116.584973
R2S2_TRAIN_A16099C69BAC,2,782.284154,186.347241
R2S2_TRAIN_D5D9B757A0A7,2,456.438624,135.368918
R2S2_TRAIN_02FC739E9844,1,363.752040,108.243826
R2S2_TRAIN_3C913C10CC06,2,429.330165,118.017519
R2S2_TRAIN_CB99430E61AA,2,561.607650,114.856699
R2S2_TRAIN_997086C55E06,2,345.050448,102.720056
R2S2_TRAIN_C2B64E1A9C00,1,428.258244,99.683007
R2S2_TRAIN_6C159CE567AD,2,411.556173,123.297864
R2S2_TRAIN_21C9CBBA1A61,2,492.438517,113.880761
R2S2_TRAIN_324D4898A9CC,1,468.018045,94.536038
R2S2_TRAIN_59D881914C23,2,628.241887,117.529627
R2S2_TRAIN_F8DA45AB9DC8,2,357.924148,96.732895
R2S2_TRAIN_CCFC9E97FABD,1,745.098577,157.538636
R2S2_TRAIN_F3349F072957,1,455.447752,131.875866
R2S2_TRAIN_62CDDB81038D,1,558.473181,131.095708
R2S2_TRAIN_ADAD0714815B,2,546.117602,112.003241
R2S2_TRAIN_80526E3BB303,1,475.498650,83.703770
R2S2_TRAIN_BAABF54083FC,2,753.024199,141.924023
R2S2_TRAIN_F33BED248F02,1,379.402279,99.916190
R2S2_TRAIN_A02C11F555C6,2,474.661246,133.194667
R2S2_TRAIN_9BCAE3F768BE,2,558.176301,178.731044
R2S2_TRAIN_FD1CADC8C6AE,2,519.709591,152.488633
R2S2_TRAIN_70E662DFA830,2,475.869484,115.756190
R2S2_TRAIN_1471313A8FDA,1,597.495814,143.478295
R2S2_TRAIN_048B37511FF7,2,467.760661,122.045617
R2S2_TRAIN_DCF425BD1EF3,2,654.016550,181.305170
R2S2_TRAIN_87E6D3D7198F,1,346.941489,85.815002
R2S2_TRAIN_57632BCE9A50,1,629.555951,157.428109
R2S2_TRAIN_709CD8359867,2,581.085314,136.773172
R2S2_TRAIN_ED0F5540A997,2,408.048205,146.455806
R2S2_TRAIN_6D57D9D3EF59,2,760.450056,172.813047
R2S2_TRAIN_19F76892F4C0,2,343.373392,91.406653
R2S2_TRAIN_F6659C4995FF,2,642.635742,110.312215
R2S2_TRAIN_E98A9DD2B85C,2,562.187762,166.999742
R2S2_TRAIN_CB9AC5D210C6,2,442.941805,137.536140
R2S2_TRAIN_7A82CCA5B217,1,420.848705,171.147060
R2S2_TRAIN_BA9EFE9C3004,2,758.206785,183.783015
R2S2_TRAIN_B4A5DDC4C5DA,2,642.327674,133.320193
R2S2_TRAIN_A4FF10E9363D,1,321.162678,93.946033
R2S2_TRAIN_4D8028A85056,1,341.541834,88.333811
R2S2_TRAIN_06F4FCE64890,2,469.051421,102.646385
R2S2_TRAIN_B348A7C8C67F,2,344.961067,117.824429
R2S2_TRAIN_23BA80401F47,2,495.884546,130.649931
R2S2_TRAIN_85FF4E1CF186,2,648.562054,151.254273
R2S2_TRAIN_53B9FD7BD430,2,674.025290,173.664542
R2S2_TRAIN_D647D7E4E36B,1,419.312399,149.672277
R2S2_TRAIN_6FF86EA3C72F,2,437.297589,141.320323
R2S2_TRAIN_5AD47DE05F4C,1,347.951329,92.299905
R2S2_TRAIN_802729FF386C,2,597.550705,134.959106
R2S2_TRAIN_3222BD2C7760,2,832.171047,164.349163
R2S2_TRAIN_AFD442DA39D1,1,640.798355,173.025790
R2S2_TRAIN_24BA8655BDCB,2,660.970575,160.244110
R2S2_TRAIN_C5E8C367ECD2,2,580.532667,143.420379
R2S2_TRAIN_A893027321C3,2,461.191139,141.805843
R2S2_TRAIN_491EC2B67038,1,482.832857,93.920871
R2S2_TRAIN_F842A7CBFAC2,1,784.471557,161.434369
R2S2_TRAIN_7A8F2D7B3C7C,1,554.616156,133.582865
R2S2_TRAIN_25C06EFB5A58,2,494.649013,123.513151
R2S2_TRAIN_52720FA118A0,2,684.861168,130.155568
R2S2_TRAIN_7D99CD2274D9,2,543.492138,145.570189
R2S2_TRAIN_216AD773B2BD,2,621.858011,135.558087
R2S2_TRAIN_04DA6A045DC0,1,699.522975,136.785670
R2S2_TRAIN_C1A8BCF72A2F,1,592.822624,139.670332
R2S2_TRAIN_A6C9EB988C65,2,480.586037,135.689721
R2S2_TRAIN_CCC88645097C,2,457.943701,131.535895
R2S2_TRAIN_13846737EC87,1,466.527842,101.901373
R2S2_TRAIN_57938061A896,2,474.396711,114.928627
R2S2_TRAIN_AA55701AB7C9,1,466.011280,107.442162
R2S2_TRAIN_9B58283AD2D3,1,554.604590,85.342578
R2S2_TRAIN_94562447F818,1,417.591865,95.063067
R2S2_TRAIN_FA6A3C580127,1,621.242092,127.082872
R2S2_TRAIN_E69BA25A34BE,2,862.777053,161.396054
R2S2_TRAIN_1329A8EAE106,1,371.214775,105.705866
R2S2_TRAIN_EE621B19D410,2,670.621476,205.916431
R2S2_TRAIN_4E28BD7E60C9,1,445.169616,81.785234
R2S2_TRAIN_6BF72C1AABD4,1,586.605383,155.048157
R2S2_TRAIN_A61F338BF1D8,1,672.151187,146.140156
R2S2_TRAIN_2AB5DDA2D204,2,770.438603,156.083405
R2S2_TRAIN_8694B7F1A902,1,471.205524,88.877250
R2S2_TRAIN_CA8681DDA17B,2,612.994673,172.188212
R2S2_TRAIN_B08E7E5AC27F,1,608.944667,153.368734
R2S2_TRAIN_6261DE307014,1,428.589879,104.342992
R2S2_TRAIN_554880CF6624,1,635.301605,162.265539
R2S2_TRAIN_AD792D8A2D30,1,791.822365,164.652589
R2S2_TRAIN_DFF5D36C6F3F,2,653.670825,144.944605
R2S2_TRAIN_179363A5A43D,1,487.665034,88.561724
R2S2_TRAIN_F5E55A96ED39,1,571.179642,118.264363
R2S2_TRAIN_6829BF0DC9B8,2,402.880048,93.855431
R2S2_TRAIN_61CEA170B614,2,591.516199,158.957706
R2S2_TRAIN_FA7915120E1F,1,644.398111,112.117487
R2S2_TRAIN_E745D81DB5BF,1,498.257711,106.694955
R2S2_TRAIN_CFF132681677,1,565.549661,129.062551
R2S2_TRAIN_30905ECD9388,2,537.337121,126.039101
R2S2_TRAIN_A6F4BC31E198,1,487.750609,99.297907
R2S2_TRAIN_7DFA0E30C355,1,651.977862,142.582751
R2S2_TRAIN_4293F0A6D17A,1,529.889417,129.263790
R2S2_TRAIN_9747E4DFD7C3,1,555.840677,120.716067
R2S2_TRAIN_CB3F9A6D4960,1,606.363598,170.173404
R2S2_TRAIN_BB922B1C4CD6,1,375.634395,71.586567
R2S2_TRAIN_602AA954B8CF,1,421.882328,83.169259
R2S2_TRAIN_1D56613E3B29,2,444.586563,109.472291
R2S2_TRAIN_5DD420180C23,1,695.451077,144.817309
R2S2_TRAIN_DF95BA692E2D,2,709.326847,125.190621
R2S2_TRAIN_447647394B6F,2,445.110310,118.543446
R2S2_TRAIN_DFBB6115FC09,2,458.488851,159.685186
R2S2_TRAIN_450E4C363AF8,2,371.893913,97.378760
R2S2_TRAIN_5894913E98BA,2,680.956239,139.700938
R2S2_TRAIN_B3D055F6B0D3,1,599.923356,149.577805
R2S2_TRAIN_7B6CFCAE0EE4,2,424.249547,96.851186
R2S2_TRAIN_1F804600BD5E,2,592.748979,138.914665
R2S2_TRAIN_988FC6673ECB,2,415.632242,110.294898
R2S2_TRAIN_739FCAB18CDE,2,745.864248,158.517250
R2S2_TRAIN_A63401065C57,2,613.540594,181.052872
R2S2_TRAIN_C3FA0C902960,2,471.835057,120.827455
R2S2_TRAIN_CCAFC3C01D43,1,593.600323,126.836586
R2S2_TRAIN_A0DD045C44FA,1,527.561685,104.050053
R2S2_TRAIN_93F26577FBF1,1,411.679392,104.207708
R2S2_TRAIN_32DFFF07D6B5,2,544.968154,138.020888
R2S2_TRAIN_87879FFF9A38,1,492.837299,114.480398
R2S2_TRAIN_D8A2322B8679,2,542.695948,121.826938
R2S2_TRAIN_47A4D5343BA0,1,642.055058,120.746848
R2S2_TRAIN_F20CF7BBCAF2,2,432.680566,161.146583
R2S2_TRAIN_31D41308CE5D,1,681.500546,109.707900
R2S2_TRAIN_1C04DE68DCAB,1,426.411687,117.409370
R2S2_TRAIN_4A7741338E25,2,587.119678,121.216326
R2S2_TRAIN_30BA5DAC8F57,2,690.930599,113.896563
R2S2_TRAIN_F693B0E85EDE,2,580.343263,98.155531
R2S2_TRAIN_E943B0870977,2,542.098982,113.178273
R2S2_TRAIN_C9BAAAE0C15E,1,547.497948,88.260409
R2S2_TRAIN_FE5011427CEE,1,709.312524,135.500681
R2S2_TRAIN_0D937603A757,1,436.382396,125.283419
R2S2_TRAIN_A42E4034B664,2,792.311701,198.960294
R2S2_TRAIN_8EA979A9C3AE,1,376.286713,83.055197
R2S2_TRAIN_3B4B43F05900,2,363.790732,101.582265
R2S2_TRAIN_033CD5E571D1,1,582.552834,129.198918
R2S2_TRAIN_1BD653B914A4,1,655.115895,98.443708
R2S2_TRAIN_7975A6F6C62A,1,387.759989,111.180326
R2S2_TRAIN_7A1B4F116461,1,446.092559,156.039359
R2S2_TRAIN_DCCEE6A0837A,2,476.762306,189.308809
R2S2_TRAIN_016D1A496CD6,2,507.447912,135.109523
R2S2_TRAIN_57C8DA7C4D74,2,687.522995,183.540549
R2S2_TRAIN_261129D81524,2,613.427311,120.550877
R2S2_TRAIN_1CC844983471,2,493.054415,142.046845
R2S2_TRAIN_527D5E8BBBAF,2,574.179272,106.196601
R2S2_TRAIN_267B7298160B,1,507.189798,103.823906
R2S2_TRAIN_1C42BD387F03,1,664.642656,154.760832
R2S2_TRAIN_E78E7A17D3EA,1,431.882009,103.924889
R2S2_TRAIN_DAEF38777C5A,2,620.291274,134.463739
R2S2_TRAIN_4A5A43194C9C,2,601.961096,124.371372
R2S2_TRAIN_3D1512D6E0B0,2,419.434987,108.565695
R2S2_TRAIN_936C6A5644EC,1,697.346675,136.635535
R2S2_TRAIN_A4E05E36FC05,2,579.204011,123.365523
R2S2_TRAIN_A2912A8466B1,2,523.487768,118.676196
R2S2_TRAIN_6551E5D192C3,1,599.977553,110.932769
R2S2_TRAIN_95A8EBF3693B,2,414.806235,99.601633
R2S2_TRAIN_AEE9228DF40E,1,509.606899,147.962145
R2S2_TRAIN_994145E35A39,1,645.777651,128.573047
R2S2_TRAIN_8DF933F05C4B,2,846.564353,172.246052
R2S2_TRAIN_F40A25A67B34,1,628.833890,133.387581
R2S2_TRAIN_E8C5DE12EC9E,1,539.391751,106.168662
R2S2_TRAIN_1A8E5FA740AD,2,513.775111,155.124924
R2S2_TRAIN_DB69C12E2A87,2,791.756404,181.432442
R2S2_TRAIN_92C5D38793A4,2,588.118579,148.318801
R2S2_TRAIN_9C4C703962E8,1,576.981505,156.958730
R2S2_TRAIN_7FC2FC43BC1B,2,609.268213,122.201189
R2S2_TRAIN_00BCFDBC0016,2,801.932937,167.546479
R2S2_TRAIN_F9839BCE4EE0,1,550.527494,100.118852
R2S2_TRAIN_B278C1F810F2,2,511.004939,159.071592
R2S2_TRAIN_8514C015146F,2,641.265575,135.932468
R2S2_TRAIN_2FCB02764BE3,1,802.978785,156.312928
R2S2_TRAIN_4339C20ABD52,1,590.017108,125.252469
R2S2_TRAIN_1975CDEA1028,1,497.184037,126.669322
R2S2_TRAIN_95C09D664E0F,2,526.977495,153.326552
R2S2_TRAIN_050F21480E71,1,486.884012,125.394179
R2S2_TRAIN_9CF1C479A27E,2,741.736871,171.590749
R2S2_TRAIN_423647B6FC3C,1,756.861784,132.732621
R2S2_TRAIN_E3DAC19CC4B7,2,464.575199,140.992293
R2S2_TRAIN_10287E3705B7,2,634.416709,139.028372
R2S2_TRAIN_229A6BF10D86,1,638.302971,125.710374
R2S2_TRAIN_88389B3DBF14,1,788.599309,139.025167
R2S2_TRAIN_745556D2ABA3,1,622.883319,148.130249
R2S2_TRAIN_A83462519C54,2,575.306957,124.462102
R2S2_TRAIN_BCFED9A86EB3,2,520.926791,121.642490
R2S2_TRAIN_5DF83D8A09B4,2,400.943246,109.340042
R2S2_TRAIN_5413D4D7FBD2,1,592.444602,186.908507
R2S2_TRAIN_15B88851C693,1,439.464007,107.336226
R2S2_TRAIN_869D4BA63693,2,590.073382,120.954212
R2S2_TRAIN_9BEF72880207,1,477.846904,131.714870
R2S2_TRAIN_A68D3B0D062E,2,625.897486,145.709931
R2S2_TRAIN_EC68C722A620,1,735.541522,168.524994
R2S2_TRAIN_5065498093B9,1,770.986947,113.635357
R2S2_TRAIN_83BE0B47AA06,2,650.863239,157.604826
R2S2_TRAIN_D70F17BFC212,1,418.823865,89.949565
R2S2_TRAIN_C829AAE83B2F,2,603.718644,165.927242
R2S2_TRAIN_1326EA383426,1,543.332867,120.617492
R2S2_TRAIN_591EFBC882FE,2,485.018172,107.603282
R2S2_TRAIN_F5F2FF4750B7,1,367.970284,128.371027
R2S2_TRAIN_AE2110D354BC,2,633.806735,141.266404
R2S2_TRAIN_CD293A0B30DD,1,789.827151,160.674614
R2S2_TRAIN_65988EE1C2E5,1,382.946594,136.115264
R2S2_TRAIN_62B401D61C5A,2,491.474484,100.231766
R2S2_TRAIN_17D76688ED25,1,718.241397,165.430353
R2S2_TRAIN_67E58CFEB331,2,563.128221,138.510757
R2S2_TRAIN_8593B46685F9,1,823.880409,181.848995
R2S2_TRAIN_CB0745E1B003,1,594.640893,167.253688
R2S2_TRAIN_D404ED859ACF,1,338.574959,92.557604
R2S2_TRAIN_BD01AFA055B6,2,309.762717,84.101455
R2S2_TRAIN_5D7A8A65D82F,2,389.798464,103.287149
R2S2_TRAIN_F95EE67334C6,1,401.694359,94.723298
R2S2_TRAIN_2787E176C5DF,2,642.983469,156.492385
R2S2_TRAIN_E0A82A0948AC,1,737.901760,132.350763
R2S2_TRAIN_8332AC13CF41,2,603.585976,153.957822
R2S2_TRAIN_3CA20C4DD13A,1,457.610342,97.990769
R2S2_TRAIN_486B9F1CD7D2,2,574.544313,128.229245
R2S2_TRAIN_9CF14C6509C8,1,582.061264,124.127391
R2S2_TRAIN_2A5B3EA3BFF2,2,729.625459,160.073800
R2S2_TRAIN_ED891DD5BF58,1,812.273165,162.335984
R2S2_TRAIN_02D0C634C1A3,2,739.532345,133.008742
R2S2_TRAIN_083EBB6AB17E,2,524.678994,105.868310
R2S2_TRAIN_0E2E2EC16E45,1,623.051382,186.115044
R2S2_TRAIN_CC37D75B8F85,1,375.361603,96.858440
R2S2_TRAIN_3785A0416766,1,514.830302,110.265604
R2S2_TRAIN_51A94C55CB1B,2,626.987166,112.609516
R2S2_TRAIN_3A7680257AF8,1,370.464863,106.622692
R2S2_TRAIN_7E2498C51B42,1,386.405036,92.457158
R2S2_TRAIN_F5F06BD22B6E,1,609.309161,174.940239
R2S2_TRAIN_6AA531AB9904,2,385.841472,91.014066
R2S2_TRAIN_4FB2574619BC,2,472.393590,127.181760
R2S2_TRAIN_495502826A89,1,410.335786,126.843058
R2S2_TRAIN_A1B6075FBEBD,2,371.565371,156.635118
R2S2_TRAIN_8218CEBC69CF,1,776.905308,168.357106
R2S2_TRAIN_4ED487923D54,1,460.828014,153.010975
R2S2_TRAIN_18F896360189,1,750.008950,130.099261
R2S2_TRAIN_08C5C50FB873,1,638.838615,111.424721
R2S2_TRAIN_C20A7CD97CF6,2,431.399429,172.012116
R2S2_TRAIN_E06DF0961E47,2,580.827786,162.560264
R2S2_TRAIN_3F32C9D25FCA,2,566.554220,97.209475
R2S2_TRAIN_F36CD427F80E,2,640.963660,132.519254
R2S2_TRAIN_730BB2A7C0BD,2,559.848273,125.187112
R2S2_TRAIN_1062325E25F0,2,607.297161,131.788692
R2S2_TRAIN_BAB3C2F84978,1,453.008129,111.115568
R2S2_TRAIN_3ECCB36D3124,2,414.709666,141.712541
R2S2_TRAIN_808B0C389366,2,618.914041,118.077773
R2S2_TRAIN_FC7420ED0884,1,767.465094,162.130758
R2S2_TRAIN_096B33FCE0E7,1,599.749622,147.179233
R2S2_TRAIN_8DFC0A69D4F9,1,551.322635,163.301383
R2S2_TRAIN_6B7DBF06FF45,1,513.242845,134.826101
R2S2_TRAIN_BF272805F3B2,1,555.846839,89.915023
R2S2_TRAIN_85F68D678932,1,575.040898,105.384574
R2S2_TRAIN_02A853198DB8,2,528.535212,136.219565
R2S2_TRAIN_FA973970F0F8,2,705.831559,174.811900
R2S2_TRAIN_EEA0AA4B3D69,2,612.933346,177.335605
R2S2_TRAIN_145FE498E0DF,2,599.547822,133.650665
R2S2_TRAIN_F3B95B966872,1,547.778460,110.377910
R2S2_TRAIN_E24ADD5F048C,2,526.325152,168.617867
R2S2_TRAIN_169DD829EFAB,2,455.632088,113.393860
R2S2_TRAIN_347E1077A3DA,2,686.548659,134.111664
R2S2_TRAIN_3928C0688F10,1,504.907629,108.305595
R2S2_TRAIN_7D0F7C0C0176,2,728.888834,140.829030
R2S2_TRAIN_43AE5F0C0260,1,432.657430,108.155266
R2S2_TRAIN_72CACF14B418,1,512.058464,163.642892
R2S2_TRAIN_6C62ADAA1AF7,1,599.101469,129.640776
R2S2_TRAIN_AD9C3C50C6BA,1,654.577053,137.927205
R2S2_TRAIN_CD560BEAE10F,1,443.836852,93.399579
R2S2_TRAIN_D89881F61600,1,496.193056,119.525930
R2S2_TRAIN_632FD321DFB9,2,611.752846,143.725974
R2S2_TRAIN_EEDB02BE8EE2,1,419.658032,122.430328
R2S2_TRAIN_760DF0BE44CF,2,631.015050,130.541515
R2S2_TRAIN_984C30F99EFD,2,619.097928,115.948317
R2S2_TRAIN_C4F222432127,2,486.550694,150.566224
R2S2_TRAIN_80F47A100BFD,1,537.621249,149.478515
R2S2_TRAIN_0CD02F5A5CCD,1,487.679548,88.460458
R2S2_TRAIN_DCF6AA6A079D,2,526.796770,128.944769
R2S2_TRAIN_6A3899FF935C,2,393.460298,105.187490
R2S2_TRAIN_CE6CDBDB7C9A,1,473.514211,145.244425
R2S2_TRAIN_61E35F5BCB31,2,332.700404,118.981048
R2S2_TRAIN_8F4223293D58,2,495.340976,179.214134
R2S2_TRAIN_9E0329EBA77C,1,575.327136,116.834292
R2S2_TRAIN_3B6875246910,1,517.886205,107.301272
R2S2_TRAIN_BD2648B3AEC9,2,592.245433,158.797703
R2S2_TRAIN_CCC62110E171,2,441.176897,118.994558
R2S2_TRAIN_628135C2247E,2,675.165065,138.453412
R2S2_TRAIN_F21E572B1837,2,750.743966,145.961980
R2S2_TRAIN_BF3EAAA4EDA4,1,648.677424,168.161976
R2S2_TRAIN_F09EDC019DAA,2,833.508485,147.170987
R2S2_TRAIN_D88A9492B75A,1,798.395830,171.513331
R2S2_TRAIN_89DA01C67578,2,578.332262,157.703492
R2S2_TRAIN_DE24E962E7F3,2,518.853537,112.622126
R2S2_TRAIN_D57C64A28461,2,473.754420,119.163036
R2S2_TRAIN_5D11E0AA6E8B,2,331.809980,118.411062
R2S2_TRAIN_1968B48326ED,2,525.737279,160.872718
R2S2_TRAIN_E9C69A1657C5,1,686.825469,160.248100
R2S2_TRAIN_E45CC3910A57,1,572.359548,107.341585
R2S2_TRAIN_86C1E3F66B0B,1,473.285381,159.799458
R2S2_TRAIN_1D6C93461DAD,2,801.689748,175.546907
R2S2_TRAIN_2A2ABA07D8BD,1,581.262019,132.788234
R2S2_TRAIN_A6835DD7B2AA,1,559.714752,117.172710
R2S2_TRAIN_D8245C1D0E78,2,430.318037,157.078725
R2S2_TRAIN_2E19F52CCFDC,1,457.316051,144.562850
R2S2_TRAIN_60D4D6BD1CAA,2,506.487142,155.907321
R2S2_TRAIN_8572B9F9DAFA,1,595.419221,114.094066
R2S2_TRAIN_C5F6D2B97A2D,2,484.368141,111.506998
R2S2_TRAIN_BC913AE70C53,1,716.338004,146.366803
R2S2_TRAIN_830C879C2352,2,638.465198,149.622547
R2S2_TRAIN_140B06F1C14C,1,410.493734,103.913540
R2S2_TRAIN_67EEACAA3FAE,2,543.969881,184.116628
R2S2_TRAIN_C3B52679B491,1,409.101735,92.488537
R2S2_TRAIN_C72408EFF588,1,415.237006,130.851814
R2S2_TRAIN_B1BC2655BDFF,2,452.384617,137.627988
R2S2_TRAIN_F6E59166646C,2,412.185872,119.813419
R2S2_TRAIN_03045B965A12,1,696.941663,121.797557
R2S2_TRAIN_C78CE7C39715,1,697.534345,133.424470
R2S2_TRAIN_924EE7A35FFC,1,730.181618,146.409848
R2S2_TRAIN_5A3B6C4CA288,2,362.537851,114.326131
R2S2_TRAIN_969D79AA4699,2,575.565824,163.694140
R2S2_TRAIN_5DCEBB05B728,2,756.506234,135.935202
R2S2_TRAIN_462020BE416F,1,639.709505,117.798052
R2S2_TRAIN_E036C571F0D7,2,540.797944,160.597815
R2S2_TRAIN_9685DAE89AB8,2,529.464610,133.649017
R2S2_TRAIN_C98FECF4A2B8,1,638.941829,118.740390
R2S2_TRAIN_70B28C3093F0,2,400.693135,130.914498
R2S2_TRAIN_AB457CC871DC,1,658.683801,154.083277
R2S2_TRAIN_5809EE740AD5,1,667.728952,113.081109
R2S2_TRAIN_4D89C6FC1B92,1,353.007172,95.657443
R2S2_TRAIN_C32F3042DB7C,2,564.076868,137.392047
R2S2_TRAIN_7EEE318A49AA,1,431.983983,121.820646
R2S2_TRAIN_675A739E88B3,1,533.764406,153.419981
R2S2_TRAIN_B443ED61ACDE,2,399.641653,99.977723
R2S2_TRAIN_8D79CA10830A,1,520.538920,126.764360
R2S2_TRAIN_ED166E9BE2E2,2,425.273564,114.867226
R2S2_TRAIN_6CC1C21E7064,2,678.104290,194.121753
R2S2_TRAIN_1B6359616A48,1,394.893573,124.620365
R2S2_TRAIN_A7A73F1E3A96,2,732.859508,172.685240
R2S2_TRAIN_A5FBBC1B2BB6,2,621.353172,134.101522
R2S2_TRAIN_1E76B703A773,2,602.403243,96.699116
R2S2_TRAIN_5C2A869D0574,1,425.970712,85.461849
R2S2_TRAIN_37478ED21428,2,618.460346,148.985296
R2S2_TRAIN_D2C1C8458988,2,522.570825,119.526219
R2S2_TRAIN_78CD412FF4ED,1,389.363218,93.662116
R2S2_TRAIN_02F45C758B1E,2,496.902509,108.005586
R2S2_TRAIN_26897F653BF4,1,652.299500,114.460955
R2S2_TRAIN_00FB7C17B5DA,1,531.347268,95.011508
R2S2_TRAIN_3E1E4375EF55,1,602.774531,130.347800
R2S2_TRAIN_F9BE5B370E40,2,395.746438,141.727960
R2S2_TRAIN_FDA17DF389D1,1,567.594362,160.431689
R2S2_TRAIN_E8D4A2E1779D,2,398.649411,92.497764
R2S2_TRAIN_A17904EDA9FD,1,641.900191,123.614259
R2S2_TRAIN_861E4F75E930,2,470.694678,159.214812
R2S2_TRAIN_240DB4CF1322,1,668.264905,139.361091
R2S2_TRAIN_229FACD7EC65,1,376.974597,108.809091
R2S2_TRAIN_9E41F9C5CD91,2,669.394328,166.009770
R2S2_TRAIN_3025FF197F13,1,558.688970,106.702516
R2S2_TRAIN_2582349D72B5,2,708.520728,142.973065
R2S2_TRAIN_7C4F966782A1,1,694.225750,149.016500
R2S2_TRAIN_D12B9DB9265C,1,725.009855,161.570755
R2S2_TRAIN_4F2714DE18BB,1,415.314705,98.710229
R2S2_TRAIN_1309E85318C1,2,683.407867,173.475712
R2S2_TRAIN_95E79E5E136B,2,494.935287,146.221658
R2S2_TRAIN_97CA0643598C,2,616.071654,123.393680
R2S2_TRAIN_2C6D2B2AC44D,1,630.203327,145.680234
R2S2_TRAIN_CB7C6E1A0807,2,610.169021,175.814461
R2S2_TRAIN_1E14A7DEAC76,2,647.990134,175.297365
R2S2_TRAIN_07AB2133A686,2,580.948232,159.892081
R2S2_TRAIN_81F2EECA5D76,2,491.353204,90.373262
R2S2_TRAIN_CE5517500914,2,435.506195,98.516849
R2S2_TRAIN_56CF1D175E23,1,577.785688,158.518141
R2S2_TRAIN_E4C99D31E676,2,381.315679,127.582421
R2S2_TRAIN_D0940088475E,2,584.947131,118.656343
R2S2_TRAIN_9058DBA843B0,1,390.460846,113.254063
R2S2_TRAIN_3A57301B0183,2,465.841657,145.730563
R2S2_TRAIN_4C96470A9717,1,601.019028,94.458000
R2S2_TRAIN_4E74CAF7D517,2,373.022878,122.777546
R2S2_TRAIN_B3C99DBB746F,1,527.797611,143.387740
R2S2_TRAIN_169D04BD0D95,2,356.909878,78.132588
R2S2_TRAIN_752FCABD20EB,1,464.336505,82.076598
R2S2_TRAIN_B1D28FC1D804,2,527.548795,129.361893
R2S2_TRAIN_BAD28B99B7EC,1,378.219803,113.554009
R2S2_TRAIN_B9D315133032,1,523.654281,169.683527
R2S2_TRAIN_B556263158DE,1,535.513720,143.535851
R2S2_TRAIN_3C64DC6ABE6D,2,581.029574,121.503683
R2S2_TRAIN_C5E99511E3ED,2,506.690231,103.180951
R2S2_TRAIN_DF804A4D046E,1,451.345758,121.379122
R2S2_TRAIN_8382B1CDD9DA,2,646.228535,184.604893
R2S2_TRAIN_259DD04BFC24,2,467.300638,149.513889
R2S2_TRAIN_C442711D26DA,1,730.144531,174.872033
R2S2_TRAIN_4F84E4250182,1,602.800483,112.100329
R2S2_TRAIN_9F91F020EC10,2,348.442306,95.750293
R2S2_TRAIN_7D40BD88CC50,2,421.306144,123.115968
R2S2_TRAIN_2A8FF98D6995,2,575.861383,154.628371
R2S2_TRAIN_20FD820BABD3,2,414.643334,113.914431
R2S2_TRAIN_3C4603E9AE0D,1,435.886705,131.695008
R2S2_TRAIN_7E940E53AC4D,2,501.573789,123.976757
R2S2_TRAIN_F9C250FD80B6,1,499.292946,116.421573
R2S2_TRAIN_D6DCE690DACE,1,527.693550,104.878168
R2S2_TRAIN_8392FCC7A8E8,1,572.545726,108.983508
R2S2_TRAIN_7A04C77DEFA2,2,465.021237,115.856440
R2S2_TRAIN_BB5BAD09E3F3,1,656.227357,168.558994
R2S2_TRAIN_A570D7DB6B6E,2,511.159037,152.578553
R2S2_TRAIN_B791FE0C9AEE,1,416.099889,99.480126
R2S2_TRAIN_9E7499CF77B1,1,406.355752,90.338968
R2S2_TRAIN_09AF8B5825DB,2,766.185373,139.511011
R2S2_TRAIN_A383A12AA77F,1,573.512654,135.600009
R2S2_TRAIN_EB93E1E6682F,1,363.974884,101.855786
R2S2_TRAIN_4F19DBD9700C,2,495.442588,168.900711
R2S2_TRAIN_215E5CC37F75,1,579.080303,172.297075
R2S2_TRAIN_586F2EFBE762,1,608.779877,109.778449
R2S2_TRAIN_B11CAE0A1B76,2,639.553962,111.552461
R2S2_TRAIN_5785DF65EBF5,1,826.713286,175.691101
R2S2_TRAIN_154254C0F5E3,1,575.539352,103.455326
R2S2_TRAIN_51591D75E2AA,1,526.569669,107.495452
R2S2_TRAIN_97B19E5B8173,2,418.571776,111.800746
R2S2_TRAIN_C34EC1B40C5F,1,537.948296,96.083081
R2S2_TRAIN_51E8F5073DE3,2,634.713702,154.269997
R2S2_TRAIN_56429158DDD3,1,479.840770,100.831214
R2S2_TRAIN_3D4AA3CE8592,1,463.374247,142.245847
R2S2_TRAIN_5F8354F62090,1,560.537411,96.772928
R2S2_TRAIN_EADE15F12651,1,539.573731,125.006129
R2S2_TRAIN_574AE94C82D7,1,452.460893,122.403245
R2S2_TRAIN_78B56434528E,2,830.816425,168.266063
R2S2_TRAIN_BF731BC0B9EC,2,583.298437,130.281100
R2S2_TRAIN_3EBD5DC744C8,2,743.894998,139.075340
R2S2_TRAIN_107282560085,2,517.419855,102.536024
R2S2_TRAIN_38EB39BEC0CE,1,542.377979,163.997614
R2S2_TRAIN_69B2F79D3327,2,719.448808,102.956220
R2S2_TRAIN_F984D625A589,1,718.551703,161.209801
R2S2_TRAIN_103B856B2D66,1,530.210560,130.559488
R2S2_TRAIN_94927457D636,1,583.557951,175.199019
R2S2_TRAIN_58CFCA006918,1,589.980989,142.317422
R2S2_TRAIN_120A1634AF94,1,388.790000,91.012407
R2S2_TRAIN_FB46196135F5,2,455.917891,137.330891
R2S2_TRAIN_2166627C5F33,1,456.552126,108.587073
R2S2_TRAIN_3D5B2513C02F,2,674.801557,172.350479
R2S2_TRAIN_5ACCBFA94F8F,1,507.237272,100.947434
R2S2_TRAIN_A45D7962DF15,1,454.661362,122.710798
R2S2_TRAIN_93B075EAAE51,1,537.165495,114.546279
R2S2_TRAIN_47129B182BAA,1,352.407034,85.736980
R2S2_TRAIN_12C047021A41,2,585.633389,113.390818
R2S2_TRAIN_4EB88AA6E97C,1,727.063825,125.149606
R2S2_TRAIN_9D49E3EEB874,1,351.865568,88.047537
R2S2_TRAIN_BBEF61A7D64A,2,679.154427,171.639798
R2S2_TRAIN_E5A9DABE65BC,2,666.674082,156.736505
R2S2_TRAIN_FCF3A5FCA3F8,1,547.898400,130.324071
R2S2_TRAIN_464DE79E8AD9,1,524.579717,151.079642
R2S2_TRAIN_77FE962C53BB,2,435.862568,116.085524
R2S2_TRAIN_29C8BEEB80F6,2,729.796820,143.900363
R2S2_TRAIN_3E35857A0885,2,484.668128,99.661599
R2S2_TRAIN_FC9DFD4AD353,1,690.017414,116.055903
R2S2_TRAIN_CD9A690C229B,2,452.841565,119.491844
R2S2_TRAIN_2011F5AA6109,1,670.362723,123.802642
R2S2_TRAIN_CA881AE9ED44,2,364.637573,93.167921
R2S2_TRAIN_CC287DE3CAF8,2,455.168438,105.354497
R2S2_TRAIN_8CD3121DC309,1,434.782073,105.116507
R2S2_TRAIN_BDE23AA648B1,2,723.400733,157.646545
R2S2_TRAIN_F0D2616A13F2,2,372.195800,108.897195
R2S2_TRAIN_F52415E88C44,1,370.812325,104.472976
R2S2_TRAIN_A8A60C500A58,1,662.117079,122.003863
R2S2_TRAIN_6307EE697357,1,617.556015,137.956986
R2S2_TRAIN_87BA1ECA5958,2,421.544597,119.274850
R2S2_TRAIN_2961D13B0FC1,2,579.015059,156.052235
R2S2_TRAIN_F59680E30C99,2,655.656257,174.246616
R2S2_TRAIN_8923A4656454,2,417.441464,96.434512
R2S2_TRAIN_059D4FE1C65D,2,847.972173,194.767048
R2S2_TRAIN_762BF1B65551,1,558.061122,135.296974
R2S2_TRAIN_DCC84329FEC6,2,800.871812,157.337173
R2S2_TRAIN_729EAFE0B53B,1,438.965610,89.331377
R2S2_TRAIN_EE789F0B33B8,1,407.900451,90.394034
R2S2_TRAIN_C5512F94DB12,1,359.812178,128.203931
R2S2_TRAIN_FFF8A4F90F39,1,746.371987,180.398158
R2S2_TRAIN_49C39946F870,1,613.676616,132.624155
R2S2_TRAIN_98E032A53A3A,2,293.943027,77.939747
R2S2_TRAIN_AB819B190FC9,1,614.409333,162.208846
R2S2_TRAIN_79D53BD75C40,1,630.018977,176.951864
R2S2_TRAIN_5CC9811444B5,1,677.445053,146.418236
R2S2_TRAIN_68896A3C5EAC,2,489.305005,128.656435
R2S2_TRAIN_1CE9FDE717D5,1,514.064166,128.906082
R2S2_TRAIN_2D8CEB6BDF54,1,627.449518,145.553440
R2S2_TRAIN_D832BC8152FB,2,691.344176,130.352503
R2S2_TRAIN_B2A0C8E66397,1,540.082368,102.045500
R2S2_TRAIN_671B9E8DC00F,1,539.264270,105.995778
R2S2_TRAIN_87753415FE88,1,665.743609,147.054305
R2S2_TRAIN_5E4A79202D49,1,703.515711,156.777579
R2S2_TRAIN_3EC10AC1E672,2,527.163908,103.314700
R2S2_TRAIN_FB675A23F67B,2,308.334301,101.722711
R2S2_TRAIN_28AB3890EE58,2,680.480071,142.541559
R2S2_TRAIN_61B96668F86A,2,611.177720,163.609994
R2S2_TRAIN_ACD09F89DA06,2,402.911656,116.498747
R2S2_TRAIN_A0041806FC30,1,615.635371,110.778875
R2S2_TRAIN_083BB3EFF3EA,1,485.179826,153.689035
R2S2_TRAIN_1C57075916F4,1,445.500333,105.230627
R2S2_TRAIN_A7D93AE7287B,2,534.458069,120.394357
R2S2_TRAIN_876532474378,1,683.372705,105.880776
R2S2_TRAIN_743A1EC6FFCF,2,558.381245,97.725112
R2S2_TRAIN_944C0132BDF6,2,703.408642,183.188586
R2S2_TRAIN_6C8E146FC3CE,1,524.346620,125.961045
R2S2_TRAIN_8C37258AC1A5,2,437.004954,103.778140
R2S2_TRAIN_BEEA4465329A,2,573.739257,103.721959
R2S2_TRAIN_DA55A7828568,2,410.730750,84.254985
R2S2_TRAIN_1CDC93547ED6,2,481.762684,99.744181
R2S2_TRAIN_6AEACB834718,2,604.033339,173.886378
R2S2_TRAIN_859C17ADA472,1,584.566856,183.968752
R2S2_TRAIN_B1D92A220AA7,1,713.033242,160.552681
R2S2_TRAIN_95DED5B3B6EF,2,399.811281,100.534692
R2S2_TRAIN_C576E985FD53,2,392.640385,117.925426
R2S2_TRAIN_F55BB4EDF27F,2,786.158797,123.156989
R2S2_TRAIN_E9FC16F64FFC,1,449.269223,104.707198
R2S2_TRAIN_13436A5AB56A,2,400.093198,87.765172
R2S2_TRAIN_0937F8C96A35,1,466.318462,110.934277
R2S2_TRAIN_FEA7BB5DE4E9,2,337.249014,92.016624
R2S2_TRAIN_466E53E01746,1,552.107376,95.474597
R2S2_TRAIN_94B09DE54FE3,1,371.700895,75.463937
R2S2_TRAIN_8EA0C01EC9F7,1,433.990434,93.887085
R2S2_TRAIN_B38BE08B1747,1,551.198220,138.146523
R2S2_TRAIN_50416695D8BF,1,518.637937,160.864711
R2S2_TRAIN_C048E0322C1F,1,486.878290,121.812219
R2S2_TRAIN_FEAEE2D8B3E4,1,531.645811,122.016752
R2S2_TRAIN_76A78A1D7927,1,486.203850,95.489167
R2S2_TRAIN_1E4C115B603D,1,414.679894,108.801435
R2S2_TRAIN_40019E4BDAB8,1,387.129503,107.534170
R2S2_TRAIN_62C17F3E9AA9,1,420.603573,102.861236
R2S2_TRAIN_B4662A77F63D,2,731.793885,138.363760
R2S2_TRAIN_DEFF14F96174,2,377.576491,117.917988
R2S2_TRAIN_1F5D00C2F23B,2,679.954594,144.297292
R2S2_TRAIN_0D5E99CFCED2,2,532.739723,150.978966
R2S2_TRAIN_83CC470F5454,1,512.500403,159.473380
R2S2_TRAIN_8FE02A2A6659,2,593.933031,150.343855
R2S2_TRAIN_DF063E802C5A,1,626.795436,184.020691
R2S2_TRAIN_25320C7D6C27,1,606.624690,129.444850
R2S2_TRAIN_6ECAE6CD28A5,2,708.279555,156.413010
R2S2_TRAIN_4804065198A9,1,400.777695,88.056244
R2S2_TRAIN_370A8348506B,1,425.841480,85.767988
R2S2_TRAIN_2477EE681DC9,1,378.523874,87.839561
R2S2_TRAIN_B07392B4514B,1,444.090519,135.535649
R2S2_TRAIN_1C6253DB5B86,2,567.939662,118.292054
R2S2_TRAIN_1CD7CEE33A19,2,539.039027,149.205049
R2S2_TRAIN_C80D713CA228,2,579.689794,138.864080
R2S2_TRAIN_8DC289F8AE0D,2,707.521262,124.062061
R2S2_TRAIN_4B245FDF1B1F,1,541.735156,124.540385
R2S2_TRAIN_567B35F912D4,1,336.023167,104.964927
R2S2_TRAIN_B6614F46F2DA,1,700.017226,142.881812
R2S2_TRAIN_6A05D1BA7B64,1,559.805544,141.375160
R2S2_TRAIN_61250E9F976F,2,566.205422,119.530865
R2S2_TRAIN_F2870C76B1D6,1,556.553273,146.141325
R2S2_TRAIN_CD9BC1F840A1,2,523.946306,124.251558
R2S2_TRAIN_FB6A1E9F681E,1,625.658920,94.667873
R2S2_TRAIN_635CEFCEBFFE,2,658.205702,136.056752
R2S2_TRAIN_728A6091055A,2,314.968439,81.695509
R2S2_TRAIN_CBBDA1C11650,1,485.581865,120.815609
R2S2_TRAIN_479D9DE20394,1,417.985352,110.801017
R2S2_TRAIN_2B95A51EF420,1,459.649824,112.471326
R2S2_TRAIN_A05B35420881,1,581.998219,142.512341
R2S2_TRAIN_85786F61B57D,2,361.749822,127.107173
R2S2_TRAIN_5450E245BF05,2,626.403680,101.952693
R2S2_TRAIN_30CCAABCDC7D,2,433.753727,120.350136
R2S2_TRAIN_06B4BFD080DD,2,665.232772,155.588698
R2S2_TRAIN_2F80BAD82D1C,2,737.035559,112.142539
R2S2_TRAIN_450FE3EE6DD8,2,500.389113,158.629300
R2S2_TRAIN_348C3BEA1426,2,420.379365,93.928205
R2S2_TRAIN_FADFE64078A3,2,728.145726,161.110501
R2S2_TRAIN_264C585908DB,1,479.387897,144.568204
R2S2_TRAIN_F4272C299CDD,1,583.443796,129.244075
R2S2_TRAIN_A060FDAFD951,2,622.306919,135.167701
R2S2_TRAIN_BF3A5579DD8F,1,399.693372,107.903484
R2S2_TRAIN_B669FCCF87C2,2,408.307974,96.027999
R2S2_TRAIN_314F63709CDA,2,713.413048,166.707302
R2S2_TRAIN_AD763C6E4DFF,1,515.783674,148.421782
R2S2_TRAIN_4A1F5A8B6BEC,2,619.893897,155.379497
R2S2_TRAIN_BCB69E31F501,1,431.253031,89.144562
R2S2_TRAIN_A66034BADEF5,2,632.889909,149.322823
R2S2_TRAIN_E995DFCF0F8F,2,711.425036,154.377500
R2S2_TRAIN_AD32298802E4,2,478.654988,100.068025
R2S2_TRAIN_42D15E94AEFC,2,421.782030,102.527147
R2S2_TRAIN_5003E1D5D457,1,584.958512,111.324456
R2S2_TRAIN_84D531740CF7,2,472.660323,170.605518
R2S2_TRAIN_F81AF6F4564C,1,559.757400,126.392841
R2S2_TRAIN_4F113D668445,1,602.936072,104.982991
R2S2_TRAIN_91EE92DAB38E,2,851.239257,157.034420
R2S2_TRAIN_6F6B60E4300E,2,592.598092,183.784661
R2S2_TRAIN_587F2E18147A,2,438.108405,173.587859
R2S2_TRAIN_2E58B9F23EBD,2,623.234626,149.413433
R2S2_TRAIN_64FE3CF237A0,2,444.667110,103.886924
R2S2_TRAIN_941D2A893E7C,1,547.450233,149.231490
R2S2_TRAIN_8D7CDD27A216,1,456.071892,102.143971
R2S2_TRAIN_9EA9B5C4BAA4,2,355.592434,91.551091
R2S2_TRAIN_E40E26841C4A,1,395.559503,89.996448
R2S2_TRAIN_1EAEF74A81CC,2,424.862589,92.376560
R2S2_TRAIN_5BF0D25E27D8,2,472.389064,124.656223
R2S2_TRAIN_D224E79618AB,1,541.414038,156.294583
R2S2_TRAIN_68EACAF305B3,1,473.163360,149.028538
R2S2_TRAIN_17D1DF0B4CA6,2,490.611122,122.459410
R2S2_TRAIN_67186EB4825F,1,387.852014,100.125754
R2S2_TRAIN_CD2D39128E9C,2,387.366776,115.015044
R2S2_TRAIN_C3AA9641F170,2,617.068304,108.812697
R2S2_TRAIN_49697FADF1A8,1,440.969254,104.825000
R2S2_TRAIN_D9D1F959844C,2,402.271771,116.514799
R2S2_TRAIN_1559437303BE,1,552.945566,187.311185
R2S2_TRAIN_585DBA253B80,1,459.272888,89.628691
R2S2_TRAIN_24C9B9E28C25,1,822.460224,160.443612
R2S2_TRAIN_24E3CA02FA6F,2,473.464759,114.205516
R2S2_TRAIN_A8A02224CBBA,2,671.804138,154.372147
R2S2_TRAIN_A7E285EB8F74,1,664.229382,125.635401
R2S2_TRAIN_E9A9A3FE81B0,2,385.227902,102.503339
R2S2_TRAIN_B8D49D8CDE6F,2,645.898476,124.076391
R2S2_TRAIN_9F8C2BF8CF0F,1,439.690345,127.614833
R2S2_TRAIN_0337134136CF,1,559.384667,117.071077
R2S2_TRAIN_BBA07BAAA801,1,597.533935,125.691651
R2S2_TRAIN_E85A1CC671AA,1,488.169577,138.755614
R2S2_TRAIN_47CF8A68FA1E,2,605.100435,142.758719
R2S2_TRAIN_5FFEC3BE58FD,2,552.230643,142.795098
R2S2_TRAIN_EFDA4EC237FF,1,602.778141,101.338654
R2S2_TRAIN_4041359D0760,1,776.412700,144.731954
R2S2_TRAIN_0E6CFF4090EF,1,445.650678,89.451381
R2S2_TRAIN_35C8841F75A1,2,516.721998,189.015716
R2S2_TRAIN_401BAD7C2332,1,687.556728,134.594262
R2S2_TRAIN_936CC7E82BAF,1,506.043038,120.319183
R2S2_TRAIN_2BCB8DFF3E40,1,463.562112,115.574010
R2S2_TRAIN_B60D8278F5AB,2,610.765848,149.932839
R2S2_TRAIN_AE58535760AD,1,414.722259,102.818686
R2S2_TRAIN_EF38F9FB6EDD,2,661.210347,134.106330
R2S2_TRAIN_E8732ABDD5D5,1,417.144818,82.275740
R2S2_TRAIN_4FC71114545F,2,589.631561,130.101023
R2S2_TRAIN_5AF0F87CE4E9,2,771.672609,160.057144
R2S2_TRAIN_B3B2C5D34A88,1,374.199876,81.411158
R2S2_TRAIN_68E835629956,1,772.607371,201.342556
R2S2_TRAIN_3CDF84CBD23C,2,737.372079,144.124824
R2S2_TRAIN_34D1F2D148AF,1,474.340457,109.996187
R2S2_TRAIN_2C68FAAEAF99,1,471.325042,122.778733
R2S2_TRAIN_9D600EB46C5C,1,500.415934,135.348825
R2S2_TRAIN_64C4F5592D02,2,641.667124,142.032952
R2S2_TRAIN_51DFA343AE6B,1,536.216190,92.543667
R2S2_TRAIN_6BB7D97D9357,2,414.303403,115.678375
R2S2_TRAIN_AD089EF1341C,2,502.253626,152.049293
R2S2_TRAIN_0E6C9D50AB54,2,508.840962,107.005435
R2S2_TRAIN_B78D11DF60CE,1,651.368922,152.250943
R2S2_TRAIN_32900CE5A443,2,689.428372,151.767158
R2S2_TRAIN_1722F7DDD5AF,1,499.969488,90.223285
R2S2_TRAIN_280F1DE83DDD,1,542.938118,106.877264
R2S2_TRAIN_84265D3520C5,2,348.223595,125.916347
R2S2_TRAIN_EEC84EABB47C,1,490.824673,105.329563
R2S2_TRAIN_9FAF6E013098,1,745.119364,143.583728
R2S2_TRAIN_C239D2B35506,1,464.090901,145.459996
R2S2_TRAIN_D562E999F140,1,418.892178,116.670152
R2S2_TRAIN_D9C8BB0AD875,1,378.121831,131.123391
R2S2_TRAIN_F19F64DEAE02,1,562.244533,87.083625
R2S2_TRAIN_B23D2BEF358E,2,729.985121,142.130024
R2S2_TRAIN_A12DAEB3129F,2,671.371081,194.969813
R2S2_TRAIN_3764F89B151B,2,461.264809,111.319760
R2S2_TRAIN_E8BDC03C614A,2,664.066329,181.510509
R2S2_TRAIN_7F21D37E0B75,1,568.562873,98.426036
R2S2_TRAIN_515BA29A711B,2,380.786198,126.551312
R2S2_TRAIN_7F87CD260E7B,2,520.944211,142.966689
R2S2_TRAIN_F2453440F1C3,1,498.053198,88.571826
R2S2_TRAIN_E9FFAB9CDA49,1,759.839199,181.960411
R2S2_TRAIN_45387E686508,2,452.237505,143.995821
R2S2_TRAIN_3DCFD530D42C,1,385.252043,132.368478
R2S2_TRAIN_44AD39AC23F3,2,379.211412,105.100824
R2S2_TRAIN_59AA11687F59,2,515.240090,118.717830
R2S2_TRAIN_70342D188880,1,396.983655,107.786834
R2S2_TRAIN_C8F4EE00EF6C,1,682.952443,112.543639
R2S2_TRAIN_B56B8168EFBA,1,648.899913,153.940210
R2S2_TRAIN_B9F38A5AA892,1,739.032028,183.077872
R2S2_TRAIN_BBB496A31B2D,2,433.425614,107.313419
R2S2_TRAIN_71F73FFDADEF,2,412.178391,116.026936
R2S2_TRAIN_415B988B9D7A,2,414.746154,122.241403
R2S2_TRAIN_7C85087F19EF,1,298.860568,92.331766
R2S2_TRAIN_D729DCD286B2,2,541.380097,105.165993
R2S2_TRAIN_743A006391FA,1,815.704564,157.959667
R2S2_TRAIN_FF26233F0B2A,2,549.766186,113.112661
R2S2_TRAIN_47E09A371FD4,1,411.591365,115.501421
R2S2_TRAIN_8EA203F86BCA,2,470.299432,162.493937
R2S2_TRAIN_CB9FA4D84CA5,2,442.214390,104.059430
R2S2_TRAIN_F09556702FB6,1,429.141643,62.019215
R2S2_TRAIN_6DBE4D867335,2,614.024234,171.313003
R2S2_TRAIN_CBE8E0660DEB,2,663.229903,147.814699
R2S2_TRAIN_1B58CFB57C68,2,398.642736,98.457523
R2S2_TRAIN_91012976560C,1,592.953132,147.507127
R2S2_TRAIN_B6BDE8EA8FB5,2,642.890520,153.932036
R2S2_TRAIN_8F921CFF8070,2,577.452172,123.951075
R2S2_TRAIN_56F7CF098843,1,438.041110,103.932033
R2S2_TRAIN_65EDCCC166D9,1,724.358595,154.053133
R2S2_TRAIN_312686BD9326,2,515.395363,174.097319
R2S2_TRAIN_E258DCFFE746,1,484.357482,100.492706
R2S2_TRAIN_F15B60BA9136,1,653.051779,140.389221
R2S2_TRAIN_264EE36874AC,2,371.048914,110.718057
R2S2_TRAIN_0D861A18855A,2,417.757974,138.683877
R2S2_TRAIN_7A4840182C39,2,718.899079,162.230384
R2S2_TRAIN_AAC26153B2A7,1,746.391717,169.796399
R2S2_TRAIN_A54BC214F9E5,2,466.348182,130.099062
R2S2_TRAIN_37DC68A1864C,1,428.860107,116.497449
R2S2_TRAIN_84C25D9AFDDB,2,570.596961,160.200914
R2S2_TRAIN_297067359249,1,781.095291,136.329763
R2S2_TRAIN_217F444A1D86,2,659.390481,192.139263
R2S2_TRAIN_607C5029581F,1,478.641733,116.229383
R2S2_TRAIN_F2117D623975,2,615.362539,124.265843
R2S2_TRAIN_BEA5895F3248,1,393.069001,110.797152
R2S2_TRAIN_04F8A24C3EEC,2,654.627621,163.527525
R2S2_TRAIN_D1987E4961B0,1,571.929298,83.496175
R2S2_TRAIN_B85B135A518B,1,433.791297,90.634241
R2S2_TRAIN_471AB88947B3,1,367.645031,93.201196
R2S2_TRAIN_0F5C21D79901,1,620.175629,152.341322
R2S2_TRAIN_DF37D94099E9,1,775.572765,178.537262
R2S2_TRAIN_6AC9791A18EE,2,463.970125,122.783402
R2S2_TRAIN_5FDF2DE83A18,2,669.884640,150.160860
R2S2_TRAIN_0D2BFFC640B1,2,586.680948,126.658369
R2S2_TRAIN_D1B3D9CF979C,2,679.693618,167.912694
R2S2_TRAIN_9CE68847D1D1,2,443.551889,90.018925
R2S2_TRAIN_89CCA741D3D4,2,570.292096,122.525978
R2S2_TRAIN_628BE3EC3EFE,2,461.436939,146.327884
R2S2_TRAIN_85E669A8C89A,1,650.165002,117.927183
R2S2_TRAIN_1C995346D016,2,620.186331,128.599823
R2S2_TRAIN_6DAAB729694B,2,632.366455,102.743557
R2S2_TRAIN_1CF8E4AAB2E4,2,482.464390,127.877312
R2S2_TRAIN_6A49EA5B297D,2,410.394126,101.257527
R2S2_TRAIN_22BA26E16D77,2,471.406974,152.180387
R2S2_TRAIN_9B90D4D031AD,1,381.393583,94.004882
R2S2_TRAIN_8970D63156ED,2,488.740981,142.056459
R2S2_TRAIN_326BE637DCCD,2,428.308492,186.072959
R2S2_TRAIN_E81EA714E4F3,1,396.248882,118.763843
R2S2_TRAIN_B9E9C2B92D50,2,546.768748,141.609338
R2S2_TRAIN_E19230E3B186,2,667.821154,140.760335
R2S2_TRAIN_C22D2FAD8EF4,2,447.408090,115.520426
R2S2_TRAIN_4A170C1D62EE,2,689.090043,140.238106
R2S2_TRAIN_54934F1368F3,2,387.144631,105.384401
R2S2_TRAIN_748BA276B559,2,375.269732,99.778321
R2S2_TRAIN_A61B5C31E877,1,642.337818,126.659629
R2S2_TRAIN_936523A57524,2,414.276900,98.447135
R2S2_TRAIN_FFF8B8FAA6EE,2,489.591104,82.778253
R2S2_TRAIN_73CA4DC3EE0B,1,660.925814,132.730177
R2S2_TRAIN_0154C359B771,2,603.646188,151.351256
R2S2_TRAIN_0DCDF1779BAF,1,354.372808,95.846042
R2S2_TRAIN_BA9CA6C54138,2,443.491415,130.242450
R2S2_TRAIN_6C06FF18D7FA,2,390.301688,106.837971
R2S2_TRAIN_409C563A0C5D,2,560.420161,173.054026
R2S2_TRAIN_04B17674C9AC,1,658.050415,133.659925
R2S2_TRAIN_14093C70798F,1,461.500692,151.878315
R2S2_TRAIN_30959C8C0ED3,2,686.371830,146.523736
R2S2_TRAIN_DD52C72327FD,1,653.402211,158.811531
R2S2_TRAIN_2617328C2C99,1,594.291567,114.057573
R2S2_TRAIN_77846A98A4F7,2,394.777935,140.351171
R2S2_TRAIN_F9971C3391EA,1,651.390337,112.937842
R2S2_TRAIN_FBF07E5BC8B4,1,472.176892,93.259019
R2S2_TRAIN_1B81C18034FB,2,621.431353,164.781881
R2S2_TRAIN_41AAB1683800,1,460.330315,78.521950
R2S2_TRAIN_05C450542ECC,2,335.777962,98.947632
R2S2_TRAIN_96B5BEED865B,1,624.654816,111.637175
R2S2_TRAIN_7B35242429A0,1,357.653310,75.891140
R2S2_TRAIN_49CCC66A9ED6,2,373.809996,104.350933
R2S2_TRAIN_0A620312A351,2,558.904342,96.467618
R2S2_TRAIN_3337F394F4C4,2,403.375612,132.913445
R2S2_TRAIN_F7F4E2C958F9,1,598.270375,133.975582
R2S2_TRAIN_395628C1DA36,1,683.945467,175.636116
R2S2_TRAIN_409B45CA09F4,1,630.293500,138.281470
R2S2_TRAIN_7CBCE06AC960,2,592.918367,178.000582
R2S2_TRAIN_5E56E8A9AC51,2,653.692191,151.498713
R2S2_TRAIN_44F7D3C6D350,1,368.217728,91.735412
R2S2_TRAIN_D1F1106B6DF3,1,775.892290,144.887784
R2S2_TRAIN_AFB88FAC6B94,2,479.116966,113.603808
R2S2_TRAIN_907E8B3C5719,1,431.602599,78.728751
R2S2_TRAIN_DB569A9E6770,2,487.825428,132.206989
R2S2_TRAIN_B9BBBE9915A6,2,604.167476,128.633974
R2S2_TRAIN_9CA34FACBC6A,2,451.825897,156.662551
R2S2_TRAIN_019502265728,1,691.609402,153.119664
R2S2_TRAIN_B76D9C038DC5,2,733.781998,171.838818
R2S2_TRAIN_C6BB7B80A43A,2,517.085491,140.291332
R2S2_TRAIN_E624E43696CB,1,397.011673,97.173590
R2S2_TRAIN_867506E9D962,2,456.679647,106.903513
R2S2_TRAIN_11A322F672D1,1,608.501669,121.803413
R2S2_TRAIN_35F33FE33336,1,476.853422,105.376662
R2S2_TRAIN_AF4D38ABB08D,1,487.551142,119.692368
R2S2_TRAIN_641CDBA4537E,2,625.630820,159.511511
R2S2_TRAIN_A6CCF0801C38,2,350.553247,135.502558
R2S2_TRAIN_CBA2B1684EB7,2,694.515228,166.928341
R2S2_TRAIN_AF9F746B7431,1,452.316937,132.087795
R2S2_TRAIN_274651CAB752,2,518.281519,175.194809
R2S2_TRAIN_06512BD7F86B,2,522.581091,146.932532
R2S2_TRAIN_587DFE79ABEC,1,611.293820,140.926061
R2S2_TRAIN_E1D088279CC6,2,498.793388,166.872035
R2S2_TRAIN_6A570F676614,2,398.663114,95.182724
R2S2_TRAIN_EF7708496670,2,545.125256,153.593746
R2S2_TRAIN_0280BD314BF3,1,698.126513,141.711587
R2S2_TRAIN_479CEFE1EE16,1,518.319521,137.045998
R2S2_TRAIN_01A7B85EA45A,2,399.998782,84.516055
R2S2_TRAIN_78228DF07F27,2,539.865352,114.618787
R2S2_TRAIN_BE1475C538DB,2,703.288920,180.462251
R2S2_TRAIN_86EDEA593103,1,451.232556,81.168184
R2S2_TRAIN_16352A217906,2,639.590536,137.793246
R2S2_TRAIN_D01683A55E8D,2,371.187867,90.836421
R2S2_TRAIN_F86840B5E283,2,506.470677,173.865631
R2S2_TRAIN_B389381E4472,1,316.583344,117.036083
R2S2_TRAIN_2846F9A681F1,2,657.407458,117.701640
R2S2_TRAIN_52CF43B569A9,1,580.433308,98.594257
R2S2_TRAIN_11317DF796E4,1,528.999063,126.860765
R2S2_TRAIN_DBA56146F867,2,489.069628,133.316696
R2S2_TRAIN_5EAC1A2974EA,1,386.932855,114.204312
R2S2_TRAIN_1FCB20822389,1,406.342254,114.817666
R2S2_TRAIN_9AEB42CA4F32,1,613.414620,127.475030
R2S2_TRAIN_D6D5B36F14E2,2,738.422708,147.541430
R2S2_TRAIN_D25BF909BD79,1,778.267635,147.692423
R2S2_TRAIN_4A3E97EE464F,1,589.778550,95.134692
R2S2_TRAIN_A725377E348C,1,375.377987,123.632495
R2S2_TRAIN_8D5D138BF89E,1,424.634789,112.836853
R2S2_TRAIN_7D60938D096F,1,517.568087,97.829611
R2S2_TRAIN_288342619E85,1,537.718761,139.137827
R2S2_TRAIN_EE292C2A56B9,2,408.039137,193.273555
R2S2_TRAIN_6790485DABED,2,390.408502,102.437501
R2S2_TRAIN_4F23F117D895,1,674.339551,148.429904
R2S2_TRAIN_0FE90BBD7E46,2,627.071382,131.114506
R2S2_TRAIN_FB6C7681CA02,2,390.201571,81.574087
R2S2_TRAIN_AC00BF1CB4D1,1,601.380066,124.841873
R2S2_TRAIN_A3E131086E74,2,718.352446,112.994530
R2S2_TRAIN_8790A4ED349C,2,434.947331,110.909957
R2S2_TRAIN_C98A57364A9B,2,566.201732,139.148256
R2S2_TRAIN_942DFFA57933,1,396.530491,85.246283
R2S2_TRAIN_9507E6257F1F,2,606.045617,189.942839
R2S2_TRAIN_07F8BCB283C8,1,572.482006,104.445122
R2S2_TRAIN_754B1FE13B45,2,493.953440,115.597569
R2S2_TRAIN_C408DE6CFDD4,1,440.974963,126.001710
R2S2_TRAIN_77DF459B1D70,2,575.419026,107.693951
R2S2_TRAIN_05980687882B,2,571.719969,143.433247
R2S2_TRAIN_FC343DF43836,2,567.674448,113.623076
R2S2_TRAIN_648C830E8557,1,631.346642,137.878830
R2S2_TRAIN_7CF79F4DADB8,1,296.834580,78.200346
R2S2_TRAIN_49830E03F8F4,2,470.084599,94.441419
R2S2_TRAIN_E988D0078C0B,1,603.872578,158.393749
R2S2_TRAIN_4CE1F0FE0B85,2,518.831204,162.493328
R2S2_TRAIN_C7DCAC5CF9A5,1,519.070797,114.170104
R2S2_TRAIN_7FF43B992F52,2,516.917581,117.718525
R2S2_TRAIN_F91F47E5CC9A,1,503.856484,148.838049
R2S2_TRAIN_C06ACE223527,2,555.906068,160.332626
R2S2_TRAIN_F9DA810026FB,2,497.368219,116.956222
R2S2_TRAIN_C24799936650,2,666.404641,197.744091
R2S2_TRAIN_104D5803B3BC,1,421.557477,116.280671
R2S2_TRAIN_4AD0A48C08CC,1,546.206792,108.296262
R2S2_TRAIN_7804CC998DAD,1,600.198008,154.799972
R2S2_TRAIN_ACAE40CD8998,1,501.579247,137.459415
R2S2_TRAIN_DF8520137A23,2,688.638464,223.492836
R2S2_TRAIN_47878B41B367,2,421.547343,114.099980
R2S2_TRAIN_58F533A89D8C,2,563.160686,105.084368
R2S2_TRAIN_90ED5DB34AEF,2,629.121538,163.633460
R2S2_TRAIN_A7D553CD351A,1,677.851726,172.178396
R2S2_TRAIN_08FF9CCF3FB3,1,820.330042,135.726682
R2S2_TRAIN_1713D9E152B0,2,351.476760,104.366277
R2S2_TRAIN_60557BFEFEDD,1,468.936320,101.020226
R2S2_TRAIN_3EA7E9F7D271,1,497.824924,112.242823
R2S2_TRAIN_993A8470BAB4,1,544.591599,112.137265
R2S2_TRAIN_6D2FAD5AC15C,2,457.043958,99.252024
R2S2_TRAIN_9309309BA6EB,2,474.759618,124.710420
R2S2_TRAIN_F5D3E68FB0D2,1,663.680454,124.722180
R2S2_TRAIN_4C9C87EF1F2B,2,458.609238,122.532807
R2S2_TRAIN_A1BE4168C3AE,1,607.398522,111.181267
R2S2_TRAIN_D07E43D92CFF,1,720.262966,147.271188
R2S2_TRAIN_B92B17360D05,1,362.083040,93.439305
R2S2_TRAIN_3B5ECBFD244B,1,305.735570,90.707998
R2S2_TRAIN_ADA4252388D1,1,545.656233,117.946073
R2S2_TRAIN_89406A060455,1,379.386295,138.774005
R2S2_TRAIN_41C644034554,2,395.713889,87.759982
R2S2_TRAIN_59381A040BE4,1,621.122671,95.056027
R2S2_TRAIN_94924C9406AB,1,664.578674,139.253325
R2S2_TRAIN_A633E97CE6B2,2,683.862533,141.662046
R2S2_TRAIN_32C6B6B4E67E,1,494.400690,123.236669
R2S2_TRAIN_A5E878B3DFEE,1,704.470172,140.146959
R2S2_TRAIN_D8974FD1E7FA,1,486.423045,103.140820
R2S2_TRAIN_143FE679CAB3,1,540.940890,161.921503
R2S2_TRAIN_FF2665C00D1F,2,655.403246,152.927758
R2S2_TRAIN_4E0AC6AC9E2C,1,722.066076,131.130549
R2S2_TRAIN_75EEAA182886,2,359.130072,90.086373
R2S2_TRAIN_278338E40AE9,2,594.698609,184.413608
R2S2_TRAIN_7423BE9AAAE6,1,517.854792,99.969162
R2S2_TRAIN_48D068FA6392,2,534.588718,111.300049
R2S2_TRAIN_84C4D668ED74,1,319.336570,86.953135
R2S2_TRAIN_0C3912E15045,1,474.134252,119.718959
R2S2_TRAIN_2D4CAD6688FA,2,375.037954,113.218078
R2S2_TRAIN_449422E364A4,1,864.528964,155.577742
R2S2_TRAIN_FB3EF63D0F95,1,700.070748,132.416176
R2S2_TRAIN_5867D67863BF,2,654.400377,161.007431
R2S2_TRAIN_D1147417DA05,1,518.577978,115.686770
R2S2_TRAIN_D0A7C9B0A9EC,1,633.142619,128.267049
R2S2_TRAIN_84FAC9C478FF,2,632.575711,185.639491
R2S2_TRAIN_800DBC091104,2,491.779601,142.240239
R2S2_TRAIN_7393E9E3316F,1,414.437659,109.430628
R2S2_TRAIN_69FF7C8DB211,2,477.880371,185.297455
R2S2_TRAIN_49B18C801F38,1,594.164673,98.567943
R2S2_TRAIN_392BC3DCA2E2,1,454.515067,96.555492
R2S2_TRAIN_52D9C837A75F,2,506.520360,98.676310
R2S2_TRAIN_455B2F5E5F6E,1,631.544919,165.571066
R2S2_TRAIN_2B0221BAF246,1,451.837794,105.812640
R2S2_TRAIN_C2805105BAEB,1,548.449342,139.857694
R2S2_TRAIN_A2B066FAE7AA,1,563.967310,146.901180
R2S2_TRAIN_DD3DC3B8B924,1,417.341818,132.262458
R2S2_TRAIN_00B1472C9BF5,1,452.588138,177.330810
R2S2_TRAIN_EB8F4EEFADDC,1,320.275407,106.338996
R2S2_TRAIN_A89BA48B5F2F,1,422.516470,90.791678
R2S2_TRAIN_855E327D13BC,2,437.413718,87.228208
R2S2_TRAIN_99B105A64175,2,508.670146,107.994130
R2S2_TRAIN_086F9A7C7626,1,479.920735,90.550353
R2S2_TRAIN_F15720F1D9E1,2,530.684791,130.567022
R2S2_TRAIN_5E8BB3E67D7E,2,458.094123,140.695541
R2S2_TRAIN_8533BCD6A817,1,469.578795,166.636821
R2S2_TRAIN_24B01C084805,1,701.710138,129.879318
R2S2_TRAIN_55AE14463B11,2,547.605349,174.964135
R2S2_TRAIN_A57FB4228885,1,532.358427,119.210820
R2S2_TRAIN_41C0A27309F1,2,573.376097,134.438267
R2S2_TRAIN_68FDDF560AC8,2,450.877401,135.165262
R2S2_TRAIN_872DD3540BAC,1,430.498700,120.245954
R2S2_TRAIN_B803245583EB,1,497.912062,135.806892
R2S2_TRAIN_75383DBF3918,2,446.348809,170.367947
R2S2_TRAIN_CF5E23A34FED,1,456.254650,110.412082
R2S2_TRAIN_5062844910FE,1,451.825017,111.121852
R2S2_TRAIN_AAF41FD23997,1,477.254414,125.388009
R2S2_TRAIN_CB599D619B97,2,544.547642,118.811316
R2S2_TRAIN_27E069E14D4A,2,479.911517,123.943911
R2S2_TRAIN_28E2FF31F2B1,2,600.636730,115.520495
R2S2_TRAIN_3F7F9E6671F5,2,562.728831,134.799565
R2S2_TRAIN_AD9E768A5B95,2,324.483679,112.476642
R2S2_TRAIN_D33214F9B8CC,2,450.335281,118.122592
R2S2_TRAIN_99D9DF41AA23,2,404.114574,122.990887
R2S2_TRAIN_3600AD1C0FC0,2,575.716082,139.299331
R2S2_TRAIN_A3BABDEF33C6,1,617.123826,155.572079
R2S2_TRAIN_61039EB1EEB1,1,577.500360,112.429471
R2S2_TRAIN_A0C0229C1436,1,683.444636,118.730497
R2S2_TRAIN_E8E895962B09,2,624.649271,136.521415
R2S2_TRAIN_42E9CD8DB6A4,2,397.852362,110.431054
R2S2_TRAIN_ACA3A0209D96,1,531.326832,136.056974
R2S2_TRAIN_1E61DB30BA9A,1,637.288728,113.887317
R2S2_TRAIN_9343F09EA749,2,712.003877,163.612830
R2S2_TRAIN_6809878E1EF6,2,605.036697,170.136433
R2S2_TRAIN_5736F99B1BF0,1,785.472213,165.359814
R2S2_TRAIN_0C52B1DCE2BF,1,638.035407,170.356625
R2S2_TRAIN_DBA226BAEBE8,2,492.751606,98.499025
R2S2_TRAIN_37214B136D6A,1,597.792237,139.046536
R2S2_TRAIN_A315E2CC283D,1,456.532067,114.565010
R2S2_TRAIN_71D5DEC46A55,1,496.284396,132.428135
R2S2_TRAIN_FCA9B42C4C06,1,479.578741,97.241254
R2S2_TRAIN_ECC60B956C80,2,609.203997,128.301920
R2S2_TRAIN_97019A70756E,1,468.187489,97.061599
R2S2_TRAIN_26F1B9BD5685,2,442.274927,118.534894
R2S2_TRAIN_AC3BBFDEBB34,1,675.731847,145.867289
R2S2_TRAIN_5E8AE26AFFC6,2,552.410935,135.938589
R2S2_TRAIN_13ADADEFB33F,2,324.707872,100.259813
R2S2_TRAIN_239E9D0218FA,1,453.639364,102.938126
R2S2_TRAIN_0F920B0BE8BC,2,683.387614,172.884228
R2S2_TRAIN_7BCFE73ADC0D,1,572.599689,115.467276
R2S2_TRAIN_8E4C330608CA,1,415.567019,81.329482
R2S2_TRAIN_6524D16EA8DB,2,398.561038,102.081857
R2S2_TRAIN_810F22181C84,2,368.232292,81.917349
R2S2_TRAIN_6DBC472C309D,1,524.581996,142.017687
R2S2_TRAIN_350BB27CEE0F,2,464.909840,145.526433
R2S2_TRAIN_3ABCECE0C933,1,362.828523,106.278887
R2S2_TRAIN_5B27C65DF921,2,614.794731,146.502439
R2S2_TRAIN_D564F8C722F6,1,606.047619,154.135223
R2S2_TRAIN_CB14D46E3B75,2,577.077977,141.572411
R2S2_TRAIN_34320F9EB2DA,1,508.935371,94.998261
R2S2_TRAIN_D35876F77655,1,493.511081,115.704149
R2S2_TRAIN_428449C9D0B1,2,699.848858,169.646717
R2S2_TRAIN_1A7EFF1EFD20,1,632.455804,102.046810
R2S2_TRAIN_E261AF0135E3,2,563.703704,114.408242
R2S2_TRAIN_DF91C4D4BB6C,1,665.893735,104.612776
R2S2_TRAIN_6D218BD1538B,2,544.221846,190.123994
R2S2_TRAIN_8EAB5658246F,1,645.845037,116.656056
R2S2_TRAIN_A203AA1F7960,2,374.846444,84.548185
R2S2_TRAIN_1489E53FA956,2,388.171808,122.414192
R2S2_TRAIN_BDFE967CD66C,1,444.949984,97.475689
R2S2_TRAIN_BEF9FFBA7009,2,754.157003,163.751789
R2S2_TRAIN_D2A3DF883D14,1,861.380300,141.154396
R2S2_TRAIN_350BA69B600A,1,839.759896,138.257322
R2S2_TRAIN_EFE68761A44D,2,624.260071,172.751930
R2S2_TRAIN_7DCA5A28AC1D,1,435.100243,166.983082
R2S2_TRAIN_7917C9421E0F,1,703.103986,166.135420
R2S2_TRAIN_A334AA13C252,1,364.137836,128.741710
R2S2_TRAIN_B7EDE466E489,2,707.531444,168.127910
R2S2_TRAIN_C2BEAA7C8504,2,432.183115,97.401364
R2S2_TRAIN_561D88FD1A86,1,659.844978,142.971542
R2S2_TRAIN_750EF1F40519,1,638.457045,124.235238
R2S2_TRAIN_10DCD98AF03A,1,502.603951,90.130758
R2S2_TRAIN_15E382480BFD,2,583.942887,118.791859
R2S2_TRAIN_CC21EBB27F50,1,708.926497,129.707678
R2S2_TRAIN_CF59565471E2,1,480.700285,125.653789
R2S2_TRAIN_37CDF675B869,1,602.534100,109.370702
R2S2_TRAIN_83D833E7FDA0,1,580.138060,138.485873
R2S2_TRAIN_73BCED710E8E,2,631.734863,222.858037
R2S2_TRAIN_733C5629FCB2,1,609.516601,175.620338
R2S2_TRAIN_96F1B8F972EF,1,580.669239,159.683051
R2S2_TRAIN_64543C00D325,2,349.711629,126.066752
R2S2_TRAIN_C1E0F4B97299,1,494.734117,101.954756
R2S2_TRAIN_A4D0B3EEAC92,2,674.385727,142.422993
R2S2_TRAIN_3E3F2D9DDDF8,1,356.517529,88.355113
R2S2_TRAIN_9C86EC3C4F7A,2,451.931417,148.412698
R2S2_TRAIN_96CCB74FF25B,1,643.865017,143.834446
R2S2_TRAIN_0AA3ED39AA50,2,393.733101,108.409699
R2S2_TRAIN_E791DE0430EF,1,428.364935,97.130931
R2S2_TRAIN_A6385AFB0349,2,550.137894,114.055212
R2S2_TRAIN_9CD33F8A58B1,2,566.506311,103.571134
R2S2_TRAIN_A3862D2F2908,1,406.189496,89.526193
R2S2_TRAIN_E2230D920254,2,588.135229,100.229791
R2S2_TRAIN_D70A93A8C153,2,588.790338,217.443433
R2S2_TRAIN_F07D18C06915,1,789.673563,145.113192
R2S2_TRAIN_DE11952084CB,1,545.837222,85.409604
R2S2_TRAIN_EA675A24E57B,2,362.218442,101.834794
R2S2_TRAIN_6744B22D0A91,1,639.042360,144.433422
R2S2_TRAIN_30A80B877269,2,483.543375,99.282454
R2S2_TRAIN_9AD41414543B,1,623.593295,116.021629
R2S2_TRAIN_2550AAAA0D69,2,383.810597,130.610184
R2S2_TRAIN_E2784DCC251F,2,555.949660,173.978898
R2S2_TRAIN_42A94F194949,1,722.553427,122.506447
R2S2_TRAIN_89B88E7EB157,2,611.947189,123.340684
R2S2_TRAIN_3BCD7D829D31,1,478.284018,111.427143
R2S2_TRAIN_230DA9C10BD1,2,415.363283,116.037668
R2S2_TRAIN_3D1D338A60C2,2,625.454067,176.495079
R2S2_TRAIN_9E331375FDDC,1,538.183824,104.162889
R2S2_TRAIN_5F379F23D425,1,729.387271,124.109849
R2S2_TRAIN_555761FC9066,1,388.153966,67.169682
R2S2_TRAIN_636FACC75FAF,1,329.126058,86.989452
R2S2_TRAIN_5ABE6B87D1C6,1,451.753643,124.369036
R2S2_TRAIN_0FC3FF447CAD,2,639.190306,132.362585
R2S2_TRAIN_97EADE283D05,1,710.854340,160.936838
R2S2_TRAIN_D14CBCE7101A,2,469.032261,133.076871
R2S2_TRAIN_42E5541B46E1,2,413.502128,101.311866
R2S2_TRAIN_14C82DD7009E,2,353.381225,120.659936
R2S2_TRAIN_848494E0D011,2,397.920229,124.980256
R2S2_TRAIN_91A49D2DB037,2,570.777335,126.186568
R2S2_TRAIN_10A4E90BDABE,1,517.092979,135.343516
R2S2_TRAIN_525AD2D7A8C9,2,618.345311,109.489967
R2S2_TRAIN_83129AAC3A90,1,538.288180,132.826520
R2S2_TRAIN_6979DC96DD27,2,411.429550,130.758098
R2S2_TRAIN_1765F2851FB8,2,545.197363,139.871374
R2S2_TRAIN_91AD70303689,2,876.159849,162.427616
R2S2_TRAIN_20D3838082DE,1,546.961702,120.657228
R2S2_TRAIN_BAE0B7ED058D,1,575.852404,103.951015
R2S2_TRAIN_6264F7DDBFDF,2,644.458833,125.725402
R2S2_TRAIN_D784AA311148,2,726.486863,144.914515
R2S2_TRAIN_DDDE5FE5A680,2,668.233255,137.586017
R2S2_TRAIN_4A0818604242,1,517.345849,163.836922
R2S2_TRAIN_BD9DE78BF169,2,533.097142,145.481556
R2S2_TRAIN_780EFA9DEA7C,1,533.754350,110.681196
R2S2_TRAIN_7F7A3EB7A27F,2,421.937557,89.472342
R2S2_TRAIN_36367E4956D1,2,479.561722,104.879829
R2S2_TRAIN_28A533F20E24,1,601.674905,156.327674
R2S2_TRAIN_2A4253B503AE,2,471.857364,129.733405
R2S2_TRAIN_243FEAD61348,1,429.687008,137.072614
R2S2_TRAIN_2B1B005B8AC9,2,392.169664,91.602077
R2S2_TRAIN_D8620C73CD61,1,525.969676,92.888526
R2S2_TRAIN_70C074A9F56B,1,624.408710,136.607317
R2S2_TRAIN_B2FD494F3FAC,2,700.591367,141.453871
R2S2_TRAIN_6F94F82BDBEB,2,698.066576,177.869808
R2S2_TRAIN_E16F753BD422,2,488.662134,158.587254
R2S2_TRAIN_B4758FA88B2C,2,723.787896,94.830336
R2S2_TRAIN_81E3E790F19B,1,612.957368,126.226443
R2S2_TRAIN_6F661411F365,1,417.896639,127.572923
R2S2_TRAIN_7EF6E9D5278C,2,475.863051,108.852617
R2S2_TRAIN_39B9663955CC,1,452.537677,146.965022
R2S2_TRAIN_76DCB84448CA,1,425.469044,95.900471
R2S2_TRAIN_88D61F0A2B93,1,593.054539,110.680102
R2S2_TRAIN_C1A39146140B,1,448.395058,88.014908
R2S2_TRAIN_2BFD09DB0703,1,715.527918,167.125958
R2S2_TRAIN_3F2BF8568F5A,2,426.128610,122.682254
R2S2_TRAIN_C46EE7AE6701,1,342.005416,90.003455
R2S2_TRAIN_F3DBCA4678CA,1,380.175492,112.036197
R2S2_TRAIN_3B5E571F53B3,1,481.787867,125.193949
R2S2_TRAIN_D2A25154C811,1,605.705755,145.626633
R2S2_TRAIN_E40D479FAAB0,2,453.869506,139.497756
R2S2_TRAIN_15BD59E0BDDB,2,542.181269,109.262543
R2S2_TRAIN_98F269C8F04F,2,608.192862,122.520168
R2S2_TRAIN_3814FA4AF825,1,418.257751,110.812036
R2S2_TRAIN_4D2C51EFAA4C,2,363.841045,92.410482
R2S2_TRAIN_525133C10C15,2,641.926383,188.607279
R2S2_TRAIN_AA2BC36EC8F8,2,594.228008,154.149706
R2S2_TRAIN_5CBEDEE50E9E,2,449.635939,139.466768
R2S2_TRAIN_4739534658FF,1,406.591148,87.749757
R2S2_TRAIN_DE7078F62486,1,390.343798,86.918821
R2S2_TRAIN_0D6CEE7C9667,2,656.930451,107.848934
R2S2_TRAIN_8C279729D170,2,361.720880,106.050585
R2S2_TRAIN_FBF96D9C7472,2,611.458404,194.573034
R2S2_TRAIN_937BA7524B26,2,435.976009,118.114610
R2S2_TRAIN_AF8A35310CA4,1,674.076742,127.856816
R2S2_TRAIN_81CBBAC4826F,2,637.722204,149.011334
R2S2_TRAIN_CF49F45EC250,2,750.808297,152.306814
R2S2_TRAIN_2BAFDEE2CD8B,1,360.459999,109.502051
R2S2_TRAIN_2AFE7508DBB7,2,528.146808,159.216901
R2S2_TRAIN_158A4004220E,2,454.495690,81.408806
R2S2_TRAIN_37D271C4F48F,1,565.037116,99.304682
R2S2_TRAIN_684297919E8C,1,626.702213,161.118619
R2S2_TRAIN_727C34D01DE5,1,646.975505,162.472520
R2S2_TRAIN_9E739F435EC2,2,680.757210,108.725895
R2S2_TRAIN_B8DB20110630,2,643.403844,166.049815
R2S2_TRAIN_39089C9A2017,1,503.466182,98.803268
R2S2_TRAIN_0DABA9E91E3D,1,667.157605,158.992846
R2S2_TRAIN_0DEDEA1D8C89,2,474.456403,127.387646
R2S2_TRAIN_CFFEEE7918C8,1,556.841033,130.378444
R2S2_TRAIN_D5B846E52CF3,1,587.033169,122.147453
R2S2_TRAIN_11277BE044C4,1,450.815978,95.381311
R2S2_TRAIN_C6E3DED2C590,1,463.002380,132.348764
R2S2_TRAIN_D6B7AB9B67A6,1,424.880869,153.971482
R2S2_TRAIN_AD50AD88C1B8,2,500.879242,193.665998
R2S2_TRAIN_134C99D21E6C,1,363.743379,99.907607
R2S2_TRAIN_085C683DFA1B,2,582.442427,129.601900
R2S2_TRAIN_D31580F2EF22,2,590.973263,130.133301
R2S2_TRAIN_19701A802E77,1,503.721488,115.622483
R2S2_TRAIN_AE12B41AF788,2,520.373643,95.487079
R2S2_TRAIN_EB23ECFF6622,2,351.831562,96.456691
R2S2_TRAIN_A1EC899789AE,2,520.884548,117.442811
R2S2_TRAIN_9560333F4274,1,634.472801,131.838422
R2S2_TRAIN_08C03958CA7E,2,605.565751,142.530716
R2S2_TRAIN_55AB6BDD7F27,2,537.773934,103.218181
R2S2_TRAIN_11C00E7F7479,1,300.027152,79.884874
R2S2_TRAIN_1A8FE2D7F3DF,1,454.115668,95.474396
R2S2_TRAIN_36EFEDCA43F9,2,645.903337,146.269105
R2S2_TRAIN_39653C663636,1,767.552374,151.849557
R2S2_TRAIN_3F3C79133382,1,331.267523,108.047598
R2S2_TRAIN_3FC2B7812EFF,2,449.781095,132.775901
R2S2_TRAIN_45D82DAE085B,2,657.153937,144.644235
R2S2_TRAIN_A7BD2D6C5574,1,461.069292,91.435721
R2S2_TRAIN_831A1B687967,2,516.084053,144.390928
R2S2_TRAIN_806626444313,2,798.550012,150.898747
R2S2_TRAIN_374DE3E71A1E,1,350.082481,111.068960
R2S2_TRAIN_3F2276B11390,1,507.792620,94.028318
R2S2_TRAIN_656D40A6E838,2,848.391119,152.409057
R2S2_TRAIN_02A8FE916429,1,459.861521,115.632594
R2S2_TRAIN_8AB0D5C6B6B7,2,560.422909,118.395689
R2S2_TRAIN_D6E84BA5070A,1,666.951966,161.478196
R2S2_TRAIN_F6E908253404,2,593.169891,98.192508
R2S2_TRAIN_CF6B82DF5437,1,792.934130,167.716174
R2S2_TRAIN_61E36E87BD84,1,584.616473,108.333442
R2S2_TRAIN_5122780191EB,1,618.646813,106.000985
R2S2_TRAIN_C4439DDF1C75,2,623.719843,140.761663
R2S2_TRAIN_0A5B001DCEE8,2,698.267033,148.646749
R2S2_TRAIN_9AA2F58470C3,1,430.379898,95.384809
R2S2_TRAIN_88375D90A5C0,2,484.486215,119.885107
R2S2_TRAIN_F68DC5CFB67B,1,324.810486,100.751828
R2S2_TRAIN_2253DF797A48,1,602.243937,115.820266
R2S2_TRAIN_8206969400AA,2,568.036484,139.249032
R2S2_TRAIN_024259B857C4,2,448.404029,113.287785
R2S2_TRAIN_4B4919661016,1,768.447517,126.979383
R2S2_TRAIN_DDD751E78367,2,511.293252,137.126132
R2S2_TRAIN_C2C93B89405F,1,428.881193,75.773884
R2S2_TRAIN_5A281279173D,1,534.756823,126.429635
R2S2_TRAIN_057ADCCCBB78,1,532.016192,122.857719
R2S2_TRAIN_1DD528DED2E3,1,563.309582,83.280846
R2S2_TRAIN_85411BD2DAA7,1,574.554595,137.347781
R2S2_TRAIN_CE1477512915,2,562.003011,125.637534
R2S2_TRAIN_A427BB6E4AE1,2,463.356547,100.352645
R2S2_TRAIN_7BE6AA144642,2,446.935608,78.872542
R2S2_TRAIN_2AA94B616496,2,712.812100,169.050235
R2S2_TRAIN_22079BCCB081,2,502.614705,104.734653
R2S2_TRAIN_45A68849BEA5,1,477.343705,95.463298
R2S2_TRAIN_D2F1B0C47186,1,429.970202,104.688878
R2S2_TRAIN_A16FB5F2D3A9,1,642.534193,131.843840
R2S2_TRAIN_B2528549414A,2,454.583856,111.843071
R2S2_TRAIN_0C4D41323726,1,492.938863,81.974169
R2S2_TRAIN_F23D1C379CC6,2,600.330864,172.420119
R2S2_TRAIN_AA08FABDCE90,2,418.925410,124.021280
R2S2_TRAIN_4B13AF04AF83,1,442.535798,118.909463
R2S2_TRAIN_567BB8647BAF,1,368.208754,79.758481
R2S2_TRAIN_AA7F285BE926,2,712.234429,159.834883
R2S2_TRAIN_DB3B89A68765,2,394.698898,98.419257
R2S2_TRAIN_A8E3AB8A9B48,2,464.987099,75.968802
R2S2_TRAIN_EE176E349770,1,521.555043,144.369037
R2S2_TRAIN_C97CF966D9F5,2,466.129631,106.871457
R2S2_TRAIN_F7654352708B,1,754.202061,171.974267
R2S2_TRAIN_04C89807170F,2,556.573773,99.840203
R2S2_TRAIN_0E81517DC2B3,1,337.886686,85.707618
R2S2_TRAIN_A6B28E94E47B,2,410.966181,92.549137
R2S2_TRAIN_096FE70C2EB0,1,521.467782,129.513488
R2S2_TRAIN_DD0B7A0175E8,2,376.861184,89.733898
R2S2_TRAIN_84EC2C02F373,2,455.582279,110.247003
R2S2_TRAIN_45B1CED4E7CE,1,587.528707,130.684684
R2S2_TRAIN_89B93AFC717A,1,429.779562,93.724556
R2S2_TRAIN_8A3A11FBFA1C,1,691.540950,136.050482
R2S2_TRAIN_68556013D338,2,583.259317,138.593986
R2S2_TRAIN_1F3FA4582C8E,2,479.642353,140.746001
R2S2_TRAIN_D3F70CA7BC2E,2,372.722606,102.864484
R2S2_TRAIN_E55F53F04EB7,1,518.175017,114.314965
R2S2_TRAIN_2756FB37BCCA,2,577.053347,144.210744
R2S2_TRAIN_ECEDA23DD9E5,1,400.670229,79.407636
R2S2_TRAIN_E85C399E6A80,2,543.363264,158.346883
R2S2_TRAIN_AAD490F984D3,2,436.217752,88.111658
R2S2_TRAIN_1A05E68EEF36,1,462.908674,91.073126
R2S2_TRAIN_4EB0AEDB85F6,2,377.107907,92.230774
R2S2_TRAIN_62EF051F8BCE,2,464.636673,130.752336
R2S2_TRAIN_4607907C3F4D,2,392.788554,75.944970
R2S2_TRAIN_D9515B0F4724,2,584.442992,190.109853
R2S2_TRAIN_28BF442F7CFD,2,619.175997,148.155339
R2S2_TRAIN_0E6B00C49F46,1,710.131010,146.731332
R2S2_TRAIN_CFE675B12AA0,1,740.590688,124.777487
R2S2_TRAIN_4CCB054EAB13,1,614.338767,158.936534
R2S2_TRAIN_4A53EF5077BA,1,438.769920,124.106855
R2S2_TRAIN_DA5644F396DC,1,369.547863,137.034666
R2S2_TRAIN_D5398298695D,2,593.068639,144.927186
R2S2_TRAIN_8F464DF484C7,1,648.058374,165.779925
R2S2_TRAIN_107A3D9C4FB9,1,711.835692,140.804875
R2S2_TRAIN_025F35233510,2,322.146206,125.201256
R2S2_TRAIN_6BAD97454C15,1,566.397997,163.220739
R2S2_TRAIN_B15047DBDC33,1,749.851581,142.721532
R2S2_TRAIN_1B35910AE372,1,572.880354,154.915266
R2S2_TRAIN_0F38F50CDAD8,1,692.979018,152.413726
R2S2_TRAIN_2B9EB1F64AA0,2,755.333929,135.066370
R2S2_TRAIN_D17CD9A9565F,2,371.412778,101.283600
R2S2_TRAIN_5765BCB166D7,1,380.058046,114.795617
R2S2_TRAIN_866908F7A528,1,591.872205,127.996613
R2S2_TRAIN_77CFC3A22E5B,2,604.417204,141.293565
R2S2_TRAIN_51EC95565F8E,1,444.812029,121.277045
R2S2_TRAIN_F7D5A2FB67F1,2,618.053286,167.038913
R2S2_TRAIN_237F846E2658,2,716.125356,160.436303
R2S2_TRAIN_A6DDF69563D1,2,403.490912,175.321515
R2S2_TRAIN_647907AEF7C5,1,526.101564,109.938538
R2S2_TRAIN_A3D4CDC15C41,1,429.104621,101.258642
R2S2_TRAIN_97383B6CBF6B,1,474.141695,109.067097
R2S2_TRAIN_8A0B6FA03B7B,1,606.768909,101.268648
R2S2_TRAIN_F1876E5838AA,1,473.192652,119.400921
R2S2_TRAIN_1066F84B681C,1,435.045493,118.577924
R2S2_TRAIN_298E67AA54FF,2,706.995218,176.669223
R2S2_TRAIN_0AE07ACEECFC,1,593.724921,109.494707
R2S2_TRAIN_0F75BCEA8519,1,517.899123,94.379755
R2S2_TRAIN_AE30E9D8778B,1,591.188502,113.708400
R2S2_TRAIN_5DAA41D4E6F6,2,493.251304,103.224507
R2S2_TRAIN_18ECE342258A,2,364.424392,83.572405
R2S2_TRAIN_C372F6B6D2A5,1,374.460247,95.855071
R2S2_TRAIN_21AEBFA61EDF,1,735.707131,136.515986
R2S2_TRAIN_51CE34D10B81,2,391.940108,100.107706
R2S2_TRAIN_B7F7E327EB8C,2,329.018790,87.811008
R2S2_TRAIN_327A15A59EB3,1,513.925212,107.114837
R2S2_TRAIN_D9F4856807B3,2,399.548374,120.602860
R2S2_TRAIN_456840B22F11,1,409.398989,102.084840
R2S2_TRAIN_C13621891B1F,1,399.343694,107.708670
R2S2_TRAIN_D635FF204C28,1,583.696617,121.255563
R2S2_TRAIN_13CEADAA9130,1,420.466393,102.241223
R2S2_TRAIN_93C31C341FB2,1,438.259925,90.806229
R2S2_TRAIN_854ACA20DD68,2,673.333596,163.633560
R2S2_TRAIN_27CE7229AC73,1,486.703889,138.515227
R2S2_TRAIN_9862474D2641,2,603.108374,140.033465
R2S2_TRAIN_2154F0D2769E,1,614.568086,128.982227
R2S2_TRAIN_F753DAB97538,1,554.145081,129.109086
R2S2_TRAIN_D0A6CD99B387,1,479.670066,108.660102
R2S2_TRAIN_4586F0B88BB6,2,490.930092,160.932515
R2S2_TRAIN_29D6806BA03B,1,529.259016,93.801768
R2S2_TRAIN_549879234744,1,431.600288,131.036261
R2S2_TRAIN_6246A7819B63,2,406.750895,114.260200
R2S2_TRAIN_9230FE5E1F5B,1,505.881863,104.836763
R2S2_TRAIN_4C7ECB4D0671,2,442.509536,143.295486
R2S2_TRAIN_E806F3FCF4C4,1,435.124638,108.491956
R2S2_TRAIN_1034A474DD30,2,344.793086,85.060676
R2S2_TRAIN_78AD36072AD8,2,483.857859,108.752510
R2S2_TRAIN_2923B3EAE9F0,1,646.631729,127.432569
R2S2_TRAIN_043E0BD86F37,1,643.329958,125.057497
R2S2_TRAIN_D5F6E06BD218,2,722.547599,129.021269
R2S2_TRAIN_E422472AA21D,1,698.552439,135.545126
R2S2_TRAIN_0B1D572D1B91,1,516.654112,142.579276
R2S2_TRAIN_A1870079F5F7,2,765.610247,169.330426
R2S2_TRAIN_01F1B5D60AE4,2,371.455598,119.421904
R2S2_TRAIN_CFFA009997F5,1,568.608210,130.279993
R2S2_TRAIN_AA25021EAF35,2,612.835083,103.777951
R2S2_TRAIN_1EF6A946AB90,2,605.510177,130.950889
R2S2_TRAIN_5F884D32AD49,1,553.663529,92.239507
R2S2_TRAIN_153995C9E8E1,2,459.769178,112.085360
R2S2_TRAIN_88506F6E0DF1,2,591.200939,130.313513
R2S2_TRAIN_2E12EED60118,2,665.497218,142.676298
R2S2_TRAIN_7F7C17EDEDE1,1,466.026369,110.712642
R2S2_TRAIN_6CA4B68E1583,1,456.910184,92.611300
R2S2_TRAIN_9E4C39420404,2,548.994862,166.200663
R2S2_TRAIN_F4FEA1EF3F3C,2,375.014463,124.215949
R2S2_TRAIN_08A2045ADFCE,2,449.101830,152.879794
R2S2_TRAIN_65F212D67BDD,2,621.666142,134.421283
R2S2_TRAIN_A83E89C63924,2,564.476670,177.259183
R2S2_TRAIN_D468D181FF59,2,358.633972,92.529680
R2S2_TRAIN_15C09CC30302,1,662.997520,100.874006
R2S2_TRAIN_0D8101F066C9,1,480.409463,101.223935
R2S2_TRAIN_FC47EF3D5285,2,464.365844,144.205531
R2S2_TRAIN_DE2C78AC5EE8,1,616.746983,161.930820
R2S2_TRAIN_4A0B1102D495,1,339.118326,102.681917
R2S2_TRAIN_1A2595D492C0,1,547.585778,152.997122
R2S2_TRAIN_7F76A9EE7B55,1,540.187832,159.296764
R2S2_TRAIN_3B96D3934369,1,852.124524,139.180051
R2S2_TRAIN_69CCA8296869,1,476.388449,159.980870
R2S2_TRAIN_5C3250F0DB33,1,532.870641,109.718007
R2S2_TRAIN_AB76A16CA6E8,2,494.791691,106.840404
R2S2_TRAIN_46D07D401844,1,654.579635,115.212817
R2S2_TRAIN_E04544597D56,1,481.967506,109.582662
R2S2_TRAIN_8CBD2DAB65A7,1,602.444127,137.751970
R2S2_TRAIN_2473F0DF630D,2,501.726329,141.495999
R2S2_TRAIN_604C05B74D21,2,364.718071,97.475717
R2S2_TRAIN_772BAF94918A,1,433.925115,140.798124
R2S2_TRAIN_4C29193E531E,2,586.365570,149.830388
R2S2_TRAIN_1C0E0752F1BD,1,538.882035,173.379646
R2S2_TRAIN_9AFAB2C241EB,2,446.873727,105.100488
R2S2_TRAIN_F8D62E44F8E5,1,677.806470,167.432797
R2S2_TRAIN_060C18DC3F58,2,699.843800,166.480161
R2S2_TRAIN_DEF136010756,2,498.332363,128.719340
R2S2_TRAIN_5DADAEBA01D6,1,341.418105,110.366517
R2S2_TRAIN_56FAA1E78D3B,2,422.360037,158.989353
R2S2_TRAIN_D723DC127CF4,1,375.237036,108.714863
R2S2_TRAIN_27E25FF883EA,2,440.659511,147.564157
R2S2_TRAIN_FF32507FBBF4,1,458.831395,135.957611
R2S2_TRAIN_5EA6D744DB4F,1,663.132409,129.926449
R2S2_TRAIN_59054ECE76FB,1,638.805261,166.583071
R2S2_TRAIN_DD8505F1FD8D,2,473.599499,119.271678
R2S2_TRAIN_F0603EF98211,1,797.723106,159.308528
R2S2_TRAIN_C4FAB221DA36,2,484.174759,153.238859
R2S2_TRAIN_FC2BBB31A227,1,573.227286,112.362999
R2S2_TRAIN_68295AEF7BAA,1,479.575932,113.406954
R2S2_TRAIN_49658CEEBD9B,2,550.541965,120.790425
R2S2_TRAIN_5118048A88B7,2,705.421000,175.177178
R2S2_TRAIN_8FF887103C65,2,356.984689,112.078137
R2S2_TRAIN_8EA52C797ADD,1,492.380935,116.818391
R2S2_TRAIN_1D7D05A09783,2,353.851901,103.714999
R2S2_TRAIN_7CDC3FC59E2F,1,653.244208,142.199479
R2S2_TRAIN_5BD5670633D5,1,339.555598,65.123052
R2S2_TRAIN_C4231246D200,2,557.538266,114.357489
R2S2_TRAIN_1EAFB09D7DAF,2,661.452083,167.788664
R2S2_TRAIN_585659F2BD71,2,595.692734,149.108575
R2S2_TRAIN_A2AC40F02552,2,376.714815,120.774047
R2S2_TRAIN_7CEC0DAFA8E6,2,566.436084,107.906136
R2S2_TRAIN_6F711794047F,2,564.856851,120.672924
R2S2_TRAIN_AD9DF14F9303,2,669.786924,217.883836
R2S2_TRAIN_8D492235C765,2,541.652926,143.260111
R2S2_TRAIN_DD2C080379F4,2,635.713042,154.405575
R2S2_TRAIN_7E0F74DACBD2,2,513.863254,130.447397
R2S2_TRAIN_DB3632A1351F,1,479.123740,134.704695
R2S2_TRAIN_0F6046DCA1A4,1,638.719684,120.545133
R2S2_TRAIN_2C1236384400,2,601.109444,97.704006
R2S2_TRAIN_8F665009A54F,1,625.365169,109.932179
R2S2_TRAIN_FA8A5DF8E836,1,401.613286,113.151205
R2S2_TRAIN_F6F1D249DB0A,1,717.767887,124.307762
R2S2_TRAIN_B7E59FB4194D,1,339.861905,101.243843
R2S2_TRAIN_E73D6C841A82,1,588.138582,103.645800
R2S2_TRAIN_B6BF1E659F94,1,438.996137,86.991199
R2S2_TRAIN_264451AC39A0,2,449.605980,117.272775
R2S2_TRAIN_526A225D2254,1,499.266566,130.546727
R2S2_TRAIN_1D10679FC176,2,493.730448,128.072736
R2S2_TRAIN_798B09E6F71D,2,548.827012,128.914957
R2S2_TRAIN_327210CAA4D6,2,699.956984,160.562627
R2S2_TRAIN_AD0A85CAB7C3,2,349.399178,119.750098
R2S2_TRAIN_8104F7C5A93F,2,417.490865,119.415875
R2S2_TRAIN_266718596160,1,551.533415,117.187577
R2S2_TRAIN_BCC4BBE12E94,2,407.931506,120.729007
R2S2_TRAIN_497464C03ADD,1,457.825652,123.415716
R2S2_TRAIN_552FC8DA2B6D,1,451.673891,121.717235
R2S2_TRAIN_039816FED15A,1,505.502546,113.444009
R2S2_TRAIN_CA0896B20EC5,1,427.387737,129.135794
R2S2_TRAIN_AA1DB9350EC8,1,640.311717,113.264327
R2S2_TRAIN_9FE4762EF297,1,616.359096,136.767068
R2S2_TRAIN_B3E713455E38,1,734.850439,146.062768
R2S2_TRAIN_302D7C85EFD3,1,627.415455,109.511633
R2S2_TRAIN_1D2D2B688CB9,1,486.910649,108.038772
R2S2_TRAIN_FDEF83BAE324,1,512.467290,130.574423
R2S2_TRAIN_B57322C9CF73,1,446.591289,120.014901
R2S2_TRAIN_020B189C13E3,1,597.836981,132.791538
R2S2_TRAIN_A54C7EDCD880,2,471.470671,162.752707
R2S2_TRAIN_335DFCD84353,2,485.554664,97.207759
R2S2_TRAIN_6A76D4292ECE,2,512.343753,106.552142
R2S2_TRAIN_C8CBB568BFD9,1,571.648583,145.399390
R2S2_TRAIN_AE1FB868D2AB,2,612.975588,185.682798
R2S2_TRAIN_76614165BEBA,2,482.335619,143.453866
R2S2_TRAIN_3298504C0456,1,539.455422,104.065138
R2S2_TRAIN_D75A14C893CE,2,727.065509,145.217878
R2S2_TRAIN_137FC75B17BE,2,442.505695,150.188298
R2S2_TRAIN_2D3B97D10BA2,1,507.147293,117.324060
R2S2_TRAIN_FCE849968A2C,1,739.290324,135.228328
R2S2_TRAIN_39415746B729,1,592.691672,105.196289
R2S2_TRAIN_EFB610894822,1,367.553161,122.972778
R2S2_TRAIN_2B1C648BC0E1,2,356.537280,101.413062
R2S2_TRAIN_2BBCE9EAB538,1,548.917924,115.815874
R2S2_TRAIN_EDF3CFC1DC0C,2,442.247079,133.714049
R2S2_TRAIN_9E3730E35B4E,1,754.001151,144.180983
R2S2_TRAIN_67CE35E83F3B,1,466.953122,122.913434
R2S2_TRAIN_F2F77AD7F214,1,502.168942,137.274592
R2S2_TRAIN_CFDE85050662,1,362.369845,86.357173
R2S2_TRAIN_6F491790C5F4,1,404.132578,116.449987
R2S2_TRAIN_31523D88741B,1,628.775472,128.529610
R2S2_TRAIN_7E170E4A8167,1,424.799672,101.473720
R2S2_TRAIN_2CEC21CA4D45,1,546.293116,102.328716
R2S2_TRAIN_FEFB55137F87,1,571.105212,122.038886
R2S2_TRAIN_4111FF470615,2,515.675397,124.399835
R2S2_TRAIN_B49CA09565BD,1,422.021881,90.953228
R2S2_TRAIN_E088960F86DD,2,628.760673,130.969542
R2S2_TRAIN_5D9EF9A98096,1,422.543413,91.233331
R2S2_TRAIN_D1BF75931D40,1,531.394175,105.433240
R2S2_TRAIN_53CB3AA24D34,1,659.876844,119.205727
R2S2_TRAIN_61CF85D74C36,1,643.775064,144.231942
R2S2_TRAIN_A62D9A5CB74D,2,401.164148,102.701776
R2S2_TRAIN_75D376C6D702,1,548.812958,157.158848
R2S2_TRAIN_70C6315C85AE,2,528.557286,125.153126
R2S2_TRAIN_FCB899A49A7D,2,516.498706,106.572834
R2S2_TRAIN_10CF686B3B04,1,337.803636,89.106194
R2S2_TRAIN_5512D8AE484F,2,681.526830,182.048825
R2S2_TRAIN_4940C37A91DD,2,494.680284,127.775850
R2S2_TRAIN_61363C0376FB,2,516.334974,137.053091
R2S2_TRAIN_3AE2092F2042,1,447.610480,169.780043
R2S2_TRAIN_013D74C29F92,2,678.102608,142.707946
R2S2_TRAIN_509C7177C930,1,469.291567,88.715190
R2S2_TRAIN_9544C9CA00FA,2,547.838662,112.772072
R2S2_TRAIN_F11D30839E51,2,661.683069,135.238179
R2S2_TRAIN_BD58B3833A7E,1,443.317770,166.959658
R2S2_TRAIN_DC74D2851216,1,363.049662,79.498725
R2S2_TRAIN_18F3A0733C93,1,402.450462,126.405947
