sample_id,air_volume,cold_air_press,hot_air_press,oxygen,hot_air_temp,coal_rate,humidity,gas_rate,furnace_top_press,upper_press_diff,lower_press_diff,total_press_diff,air_press_ratio,furnace_top_temp_avg,air_speed,furnace_throat_temp,pig,all_quality,consumption,fuel_rate,coke_rate
R2S2_TRAIN_4DCB697BD26C,4221.490806,403.110602,389.345042,11797.391933,1185.580252,41.875000,7.214100,48.383173,219.946908,46.787921,122.623750,169.411671,24.895273,148.354885,287.239086,207.162151,32.639606,57.095322,1.668803,507.658829,323.543041
R2S2_TRAIN_636D6F424D6C,3373.611126,341.562282,326.016282,6096.930249,1181.606053,36.233029,24.192695,47.705829,205.230957,48.457433,103.836285,152.293718,25.089827,216.811839,278.962648,236.496354,30.646452,57.922984,1.644755,502.449808,324.601358
R2S2_TRAIN_30D0BEF5435C,4163.003349,395.909667,382.710662,10680.320737,1199.573502,41.562500,14.590783,47.791793,219.730944,49.411835,116.305093,165.716928,25.375844,126.829584,285.565057,168.842202,34.227032,57.498998,1.654149,504.552975,330.849007
R2S2_TRAIN_FC75BD187A60,3816.440909,376.154635,379.203913,6126.495290,1200.172463,37.057884,25.464781,47.597096,217.986326,52.950304,105.721196,158.671499,24.710939,177.742112,273.951423,188.385885,31.435418,57.561745,1.648178,505.665516,329.072242
R2S2_TRAIN_572F4F3623EC,4202.760452,401.743585,389.225556,14130.336666,1187.100926,45.783782,9.563357,47.342595,219.917438,50.563120,118.878575,169.441695,24.781187,157.090319,289.833090,223.149462,35.044960,57.289865,1.659700,513.571883,324.618382
R2S2_TRAIN_B60206FAEE27,4110.471090,390.498530,378.623235,13785.810123,1200.211482,43.125000,7.372727,48.243409,219.984505,51.530348,104.195324,155.725672,25.945308,137.961102,287.895955,158.708801,34.402762,57.369180,1.658800,503.641214,325.143268
R2S2_TRAIN_E7BCAF404B0B,4226.604170,388.307615,381.059761,10538.256298,1200.536445,42.125000,3.731771,48.653919,220.024162,49.620222,106.871315,156.491537,26.808001,132.621433,292.896878,175.583241,34.460956,57.519777,1.656505,502.593265,321.236265
R2S2_TRAIN_0AD6D45B91FA,4134.976276,395.725229,383.784536,10638.613855,1184.629325,42.000000,26.384032,47.867942,219.918546,49.208209,113.002123,162.210332,25.531519,150.539184,289.396370,207.701474,32.560822,57.290254,1.669765,505.667926,323.827266
R2S2_TRAIN_5D28A1F6550F,4301.347318,397.906105,389.126198,13899.342411,1199.655517,47.530497,7.287094,49.000471,219.951929,50.224840,117.096635,167.321474,25.141525,129.455242,293.970189,182.640875,34.887291,57.136405,1.667457,502.354981,309.771066
R2S2_TRAIN_97AD4F6E6957,4192.836907,398.150423,386.727644,12438.257534,1178.943668,40.000000,12.246941,46.708246,219.917265,46.579748,117.181479,163.761227,24.797084,217.170578,286.812334,186.965693,34.222281,57.391936,1.662109,543.709708,358.650144
R2S2_TRAIN_4640062BE6FF,4120.204257,386.274909,374.951959,4254.301546,1200.073764,38.588209,16.004096,49.782267,219.964443,51.838800,105.381200,157.220000,26.245853,180.345021,291.698034,239.457738,30.646452,57.431652,1.651510,499.063121,326.862223
R2S2_TRAIN_296F0B9054C6,4122.276434,399.366780,390.614589,10150.714353,1186.879718,41.067964,3.638066,48.131074,219.977201,57.902488,108.542082,166.444570,25.150241,132.659205,284.456681,223.545403,34.224863,57.630312,1.655800,503.445765,320.541925
R2S2_TRAIN_EAEF2BD8938A,4102.424848,392.792281,380.439137,7298.085311,1196.426970,41.625000,4.761115,47.352545,213.842777,53.715361,108.132486,161.847847,25.240309,151.675641,287.906282,197.597833,33.435042,57.354637,1.654500,507.127360,322.780717
R2S2_TRAIN_3EC5430141A4,4091.498942,388.001960,379.249225,13367.613716,1185.513494,42.312500,16.729675,48.319873,219.935877,49.847028,107.500733,157.347761,25.685838,128.912511,289.071018,176.672021,32.019484,57.511960,1.649677,516.286550,337.333949
R2S2_TRAIN_A184C6A9877A,4046.965033,389.427740,382.843505,11037.360464,1184.273114,40.812500,15.475189,48.322882,215.948447,51.774157,105.509599,157.283756,25.544094,171.716550,284.988692,201.130321,34.295067,57.664921,1.656293,509.013736,320.804546
R2S2_TRAIN_ECBDA3ED9454,3968.057997,391.780151,379.310655,6718.573574,1200.204790,38.936183,26.180164,48.555260,219.948810,48.304729,116.020281,164.325010,24.552579,165.806002,286.595463,229.350265,32.648674,57.298329,1.658572,511.451029,327.570921
R2S2_TRAIN_6FC44B43E633,4218.203038,390.060032,379.391376,6878.593943,1185.445865,37.676597,15.349333,48.993179,219.966611,55.969626,109.903960,165.873586,25.690429,162.320911,284.068350,227.187755,31.204217,57.523757,1.650000,517.962569,330.219940
R2S2_TRAIN_8369A8F48925,4258.660605,401.035434,392.847495,8205.384075,1200.564841,45.664627,4.318577,48.967552,219.979670,56.587341,115.439616,172.026957,24.939136,138.252210,291.746292,222.156534,34.290136,57.210433,1.658900,496.843694,310.274982
R2S2_TRAIN_7ABBEC40FCA7,4143.902435,392.113825,382.968570,12024.927421,1187.838089,43.125000,20.851505,47.669980,219.956088,54.440567,105.845645,160.286211,25.280521,141.709346,286.749512,203.193227,34.092055,57.600410,1.653900,505.757438,321.313775
R2S2_TRAIN_438A3CF59DD4,4220.156237,401.010910,388.200056,10215.020243,1188.261316,43.720132,11.630576,48.999854,219.994015,56.980779,109.882081,166.862861,25.618636,141.783089,290.984399,225.388316,32.654162,57.076250,1.665812,503.640638,315.676792
R2S2_TRAIN_5B00C233E567,4178.186254,392.400489,383.120088,12482.073751,1184.846189,44.529246,13.500662,48.199832,219.947221,49.761458,112.920322,162.681779,25.987069,142.449701,289.943281,159.218477,34.995690,57.396129,1.657881,523.112033,337.794602
R2S2_TRAIN_0C5B563CFE1D,4230.291466,402.295782,390.221917,12824.725350,1194.069057,41.812500,24.731002,48.709825,219.966702,47.623136,120.536382,168.159518,25.214326,177.425706,289.373896,236.532323,34.178233,57.271223,1.661098,506.948903,320.798760
R2S2_TRAIN_7FCFCFC85733,4129.022552,398.996360,390.346931,10807.219101,1185.701255,42.014741,18.428122,49.520636,215.945402,55.196698,112.963753,168.160451,24.542006,194.239741,283.795468,229.969823,34.224353,57.163891,1.660700,502.924703,311.880926
R2S2_TRAIN_84CA20A2B48F,4252.492033,389.668484,374.551051,14425.180044,1187.977879,41.750000,24.167305,45.972433,216.034204,50.193599,107.480685,157.674283,26.541329,164.761536,293.960807,173.528558,34.434435,57.715875,1.650739,518.848628,345.756572
R2S2_TRAIN_CF28C079623C,4099.557007,390.506142,382.686930,11854.939039,1184.474544,40.724275,13.516292,46.528044,219.971425,54.698953,108.286798,162.985752,25.849925,137.711480,285.677065,211.449921,33.121492,57.531686,1.652300,511.424977,336.065963
R2S2_TRAIN_5378F57BF3E6,4221.953579,400.362395,388.468190,11733.904368,1185.316318,40.404940,17.922748,48.326155,219.966159,46.822197,118.232017,165.054215,24.794502,150.096168,289.242087,151.448566,34.294553,57.458191,1.656047,511.902388,319.069892
R2S2_TRAIN_9A5E9258D827,4050.241300,378.233175,379.885973,9139.956179,1188.048850,40.160509,13.946670,48.073877,219.948341,51.342868,108.867816,160.210685,26.156976,149.237287,290.956348,150.896714,32.547524,57.567729,1.654351,500.604619,314.163119
R2S2_TRAIN_F026E3DB51C4,4058.983847,392.159729,380.388848,8639.268769,1198.392035,37.140948,25.213258,48.616056,219.915301,54.446276,108.779419,163.225695,25.313178,194.124497,285.915607,217.489916,33.349654,57.592363,1.649831,513.679013,321.478288
R2S2_TRAIN_498A3FCB3CF7,4092.850489,391.552154,378.703516,8628.423138,1185.742166,38.062500,20.802623,47.385607,219.940721,51.060983,106.665496,157.726479,25.382765,173.260108,278.689964,242.139559,31.215410,57.299910,1.664912,509.618361,329.888532
R2S2_TRAIN_F351A601861B,4193.087282,401.767941,385.631324,9442.505236,1182.740132,42.687500,3.625487,49.011721,219.981463,50.686332,120.319871,171.006202,25.071567,158.267115,289.737589,204.249653,34.361599,56.335341,1.666840,506.174292,318.569829
R2S2_TRAIN_FC7992FB775B,4061.344634,378.487694,361.154875,8510.829090,1186.210565,41.625000,18.111621,48.883577,219.967575,50.557211,104.974872,155.532082,26.114398,134.867037,288.049050,194.320071,33.051605,57.606979,1.654726,508.515201,321.110066
R2S2_TRAIN_2A78EBC3CF38,4144.803154,396.847455,380.534053,8458.978110,1200.620973,36.075331,9.968771,48.869578,219.958087,56.370726,102.988349,159.359076,25.487968,179.449297,287.282694,241.252928,34.376837,57.795437,1.654000,518.773306,335.548121
R2S2_TRAIN_418B6502E77E,3649.813432,374.016944,370.200856,3976.989608,1193.613436,36.625000,24.536254,49.389522,215.974481,54.635846,86.296919,140.932766,25.034649,221.670809,279.213016,221.441164,31.468246,57.534471,1.660900,496.887849,310.412723
R2S2_TRAIN_CAF6C408FC56,4191.080400,398.490037,380.126958,8435.566404,1189.420680,38.745153,10.101694,48.438181,219.993371,57.117999,108.536442,165.654440,25.365403,170.553265,284.818138,215.865814,33.863610,57.457500,1.657766,490.897294,312.352274
R2S2_TRAIN_174C5983B81B,4219.033381,399.326299,379.379356,9196.930880,1199.511479,40.812500,24.700270,47.506022,219.996577,53.347453,109.422784,162.770237,26.221612,141.499090,294.179182,195.197121,34.266329,57.604744,1.653899,496.862135,310.703360
R2S2_TRAIN_5F48F15C8AF9,4169.429175,395.512608,382.391878,11202.022391,1180.902150,40.833561,12.508848,48.490519,219.935587,54.722413,109.712489,164.434902,25.515004,183.981594,282.793423,222.129249,33.775187,57.323176,1.666400,502.964425,316.164775
R2S2_TRAIN_90842684F66E,3503.895135,387.558423,377.014156,9047.142854,1181.022782,41.812500,23.565635,48.524338,215.981245,45.674116,115.886649,161.560765,24.780553,217.952222,273.285881,208.407757,31.237255,57.179883,1.668413,515.698582,325.360688
R2S2_TRAIN_9517E558B294,4242.670305,401.165993,390.334131,13931.293309,1186.247579,43.059789,27.516966,48.366614,219.934435,49.636123,121.098350,170.734472,24.762512,167.387478,290.281649,218.869317,34.419350,57.206517,1.662914,510.851318,317.261049
R2S2_TRAIN_5BF240119D3C,4191.176764,385.533905,377.834200,5254.335928,1187.593019,40.312500,8.917732,48.577502,220.023784,51.139792,104.370706,155.510498,26.654010,135.145171,291.742352,231.499466,31.128576,57.512552,1.655600,508.351792,324.116664
R2S2_TRAIN_ABF76FE2563B,4245.665492,403.122827,384.137837,13361.645171,1178.916969,46.668306,25.443758,48.879461,219.965852,55.113557,117.463388,172.576945,25.044789,148.943916,290.580321,216.874293,32.693436,57.080167,1.693871,505.405455,317.586699
R2S2_TRAIN_E59B6B1F7A7D,4205.362254,390.609355,378.422895,12385.331642,1187.745772,43.625000,17.093864,48.424745,215.386453,48.919539,107.929105,156.848643,25.907342,152.712928,294.261356,228.626523,31.998376,56.845331,1.676800,508.194201,322.260744
R2S2_TRAIN_C937C6C4BF4D,4297.438480,403.399860,393.896674,14384.356760,1194.501168,47.204343,11.796291,48.439342,219.980774,49.862512,122.804625,172.667137,24.526362,158.430413,290.252443,172.357495,34.519754,57.314934,1.665600,505.312959,311.969316
R2S2_TRAIN_31391A4DFF4F,4233.109877,402.430402,393.127274,13866.568864,1184.367065,41.187500,4.468381,47.171906,219.944848,55.472003,123.183698,178.655702,23.900167,142.280787,288.734815,180.142639,34.520641,57.776955,1.652000,522.674409,327.526558
R2S2_TRAIN_CA552EBD1BC4,4084.085740,400.756516,388.684963,10930.904203,1184.997504,41.062500,4.180590,49.402367,219.951090,47.824201,119.574225,167.398426,24.212548,168.616346,283.598790,223.010885,33.393007,57.404993,1.662800,490.004020,303.491678
R2S2_TRAIN_E788E18D2FD9,4214.881080,393.000944,384.410783,8807.751601,1188.358353,39.937500,11.587246,48.460200,219.952825,56.109728,104.244631,160.354359,25.906230,187.101009,290.451819,228.789865,34.226190,57.215784,1.655900,492.036084,312.770565
R2S2_TRAIN_2102E7761BC7,4257.723725,397.570450,387.548737,8827.096208,1187.323382,41.777697,11.008468,48.018138,219.940199,49.613122,116.376315,165.989437,25.552266,186.261634,285.479326,212.187529,32.997962,57.229507,1.657976,525.580643,331.857940
R2S2_TRAIN_10390BCFDC5D,4270.389238,398.287015,386.412663,12984.140654,1187.292627,41.000000,19.257221,48.549479,220.004745,52.441731,110.523940,162.965671,25.769161,187.661433,290.844464,219.370128,35.082351,57.326913,1.658045,499.058300,319.192943
R2S2_TRAIN_03FE8F9A2C7B,4164.048979,397.650700,384.616314,13025.451809,1185.797819,46.125000,19.403953,47.924561,219.923203,51.074524,116.076844,167.151367,24.926367,169.462593,285.803851,214.149449,34.253414,56.336763,1.689103,520.406512,333.071867
R2S2_TRAIN_876E43E5ADFD,4126.250564,393.715376,376.820090,12536.757681,1182.447890,42.562500,26.814421,48.207876,219.954605,49.247879,110.308759,159.556638,25.958177,159.758904,286.471322,198.700632,34.377858,57.619186,1.655700,498.709787,311.740296
R2S2_TRAIN_F18174BC8F88,4252.247968,396.540782,386.103352,10223.192401,1194.045310,41.312500,9.250258,48.718646,219.975911,56.097893,106.754285,162.852178,25.829089,134.373588,297.284341,221.047219,31.346017,57.258248,1.666675,497.909334,313.082766
R2S2_TRAIN_FBF18C9D1791,4302.982064,397.842826,385.418332,14857.813334,1185.219497,45.255504,27.835962,46.796127,217.960001,44.319170,125.550017,169.869187,25.138068,203.844177,294.120978,228.546063,34.316922,56.659925,1.672342,543.709708,351.576634
R2S2_TRAIN_4D90EB4267B5,3712.142373,380.620624,383.405021,6237.864989,1185.974278,38.125000,19.989972,48.421632,219.899451,50.911116,108.378825,159.289940,24.940560,154.023527,281.489141,223.997989,30.646452,57.037626,1.662000,518.578520,335.708168
R2S2_TRAIN_C92DC38A415F,4205.584632,396.833314,377.602242,6273.053989,1187.482500,39.856502,25.809701,48.835083,219.974787,53.261069,106.927074,160.188143,25.399961,161.493917,288.952728,232.710605,33.081595,57.678815,1.651371,503.517710,314.280667
R2S2_TRAIN_F00FC7328F51,4200.326596,394.784746,384.361945,10413.534033,1201.405030,40.562500,11.399968,47.861626,219.991810,56.749543,110.056536,166.806079,25.987424,141.995908,288.637596,228.451589,34.575201,57.708246,1.647786,502.685430,314.492275
R2S2_TRAIN_EE29048DA225,4098.556562,386.032837,376.938401,10303.028650,1181.181204,40.937500,15.608485,48.115192,219.149455,54.268383,109.608407,163.876790,25.373595,154.029230,286.161362,223.778503,32.539705,57.542794,1.657900,500.169279,309.010722
R2S2_TRAIN_76B78FCD981E,4092.040710,399.109881,382.222972,9156.516614,1186.140205,41.416878,20.584108,47.787958,212.702566,51.522284,114.678813,166.201098,25.299350,153.437593,290.809759,183.451333,33.254882,57.214407,1.659393,510.843024,319.413117
R2S2_TRAIN_7E79C6C90F71,4094.072219,390.931601,378.232911,4145.042979,1188.110593,42.375000,20.980315,49.049618,215.974462,56.572325,107.019051,163.591377,25.731171,157.184979,285.846062,226.015374,33.182261,56.989610,1.663508,507.167421,312.796939
R2S2_TRAIN_77D4C8C15431,4188.623785,390.927323,380.509345,8128.231848,1200.844875,40.937500,11.362421,49.986100,219.992070,58.970105,93.866865,152.836970,26.451033,153.847987,292.601765,229.093276,34.237341,57.717236,1.650225,494.745446,312.188896
R2S2_TRAIN_ABBA1F3E9E79,4093.621222,396.071542,389.766715,11605.634408,1178.984054,42.312500,10.935772,47.706134,215.979110,48.657441,111.668132,160.325574,24.144207,159.000636,276.049870,220.660908,34.109577,57.070738,1.664697,509.000317,321.709036
R2S2_TRAIN_97358FEF0F0E,4233.447118,397.240636,386.917147,13827.441841,1181.475396,38.045456,11.058663,47.798341,220.022257,52.107129,110.695226,162.802354,26.143583,154.985822,291.885115,149.820401,34.454620,57.465280,1.657200,504.294843,325.142696
R2S2_TRAIN_B7B2C7B2DC6F,4191.659681,394.752732,385.738432,10007.027642,1185.223462,43.062500,5.973496,49.202656,219.948700,54.789740,112.566363,167.356103,25.767130,120.283385,288.517665,163.280356,34.463651,56.335996,1.692070,499.067605,308.116748
R2S2_TRAIN_98A3A0A5E0CF,4103.018806,395.872315,382.530028,8605.731573,1184.475395,42.625000,25.866399,48.861221,215.964443,51.417675,107.836145,159.253820,25.333190,190.324800,283.149257,202.537951,33.020026,57.453312,1.662000,512.621568,322.817906
R2S2_TRAIN_BD532187B4E5,4148.777069,392.642776,379.295673,12216.909370,1186.126637,44.139142,17.241416,48.439889,219.978253,50.135570,118.920340,169.055910,24.291087,151.836695,289.670576,186.413839,34.490842,56.924951,1.669886,516.471804,322.545210
R2S2_TRAIN_8FDD6A564FEC,4098.100825,392.017923,382.004937,8162.727189,1199.253469,42.086956,19.341155,49.515755,220.000451,52.714987,108.567422,161.282410,26.128600,187.340384,290.910983,229.818836,32.935451,57.503050,1.653096,502.758989,317.030614
R2S2_TRAIN_0C4EB8BBF950,4270.188275,397.166274,384.887589,13355.515552,1199.926195,45.123722,23.089079,46.932472,219.938264,54.883564,106.044879,160.928443,26.073024,133.723520,292.921270,223.501381,34.306211,57.100121,1.663054,505.957456,330.315359
R2S2_TRAIN_07CA517ABC96,4172.140400,388.681562,378.172189,10201.831269,1169.789168,40.937500,20.203506,46.727102,187.122851,47.974498,108.589703,156.564200,26.714783,159.759988,290.727636,155.677123,34.977512,57.146990,1.667490,509.332631,330.019913
R2S2_TRAIN_7A55534F422B,4010.039462,399.018330,381.679315,8128.147526,1185.067670,40.238702,10.885983,48.191689,219.357742,50.086180,120.293325,170.379505,25.029297,202.370015,275.724121,222.651487,34.142675,57.792166,1.647137,508.287139,318.779925
R2S2_TRAIN_C31BC9DBA236,4194.480509,389.411068,382.915755,10029.898574,1183.526105,41.500000,15.821062,47.780877,216.028638,49.820335,112.043643,161.863978,25.788572,138.614062,289.304088,178.530474,34.438004,57.531179,1.654944,515.005615,327.303592
R2S2_TRAIN_FAD3BEB7A0B7,4231.739641,403.631856,390.741045,10485.970227,1183.519627,45.000000,4.658295,49.459491,219.936814,57.835598,107.383764,165.219362,25.599139,144.279355,290.769705,220.912155,34.289903,57.489634,1.659812,495.073869,309.623709
R2S2_TRAIN_9909AA28D0E7,4069.019871,385.098343,373.188505,8123.162023,1199.497189,40.687500,17.607328,49.986100,216.038530,54.789601,114.125942,168.915542,25.162133,183.632681,281.789041,248.898269,34.336995,57.766609,1.646901,493.681177,307.461505
R2S2_TRAIN_08B22232AF28,4251.421720,400.798672,389.322906,12385.306693,1171.536049,44.882628,17.689880,48.537559,219.917127,47.149073,122.407596,169.556669,25.260367,154.969417,289.854391,190.684570,31.530931,57.270755,1.662500,508.336492,319.168008
R2S2_TRAIN_8CCD62096F1C,4054.756413,397.063119,389.811747,10695.937724,1184.598142,41.062500,27.192611,48.954772,219.921518,54.734276,120.218611,174.952887,23.824656,230.628314,285.222690,240.856840,31.140302,57.171790,1.662000,510.137928,336.422421
R2S2_TRAIN_DBE62D6BB059,4271.585369,397.222912,392.019170,13930.856963,1187.752021,43.613065,13.007446,48.349536,220.009359,55.229450,118.140652,173.370102,24.975016,146.346711,290.636326,215.702019,34.348255,57.659849,1.648297,511.489827,321.080831
R2S2_TRAIN_4FE1DCEC12B3,4160.464744,390.016518,381.498188,4091.327243,1200.428636,36.423438,9.986327,48.640796,219.942054,53.092549,108.611736,161.704285,25.581471,172.257202,290.079392,215.539361,31.173216,57.487624,1.664377,495.262519,320.375074
R2S2_TRAIN_06CDF943793A,4128.712350,381.477899,373.080685,9162.942024,1180.523351,38.062500,24.924513,48.760353,214.451354,47.357433,113.527938,160.885371,25.879864,211.594555,283.413675,245.408880,31.240120,57.371834,1.665014,512.729409,321.506878
R2S2_TRAIN_A7DF3A7B2917,4093.068468,399.426387,384.819473,10167.330010,1185.958006,40.000000,26.468487,48.269686,219.923183,50.121942,119.949760,170.071702,24.697229,197.459957,281.104726,195.089656,32.592000,57.614219,1.652275,510.919757,325.251425
R2S2_TRAIN_FA0002238451,4062.469351,390.489104,383.877277,10025.835885,1185.799751,39.903881,14.481163,48.697412,216.047033,48.294531,109.229204,157.523734,25.549241,218.339661,285.320168,175.406890,34.190020,57.941585,1.645537,519.026377,321.897741
R2S2_TRAIN_900678B32492,4195.554707,392.597937,383.237621,12442.542553,1199.341201,45.500000,7.252720,48.282917,219.968153,54.053728,110.215711,164.269440,25.506409,132.387595,290.019784,190.883379,34.069413,57.452256,1.666400,509.420950,316.392993
R2S2_TRAIN_2D5358BDAB3D,4098.885874,394.971257,383.083832,11137.004579,1183.985581,41.375000,9.475572,47.776929,219.968156,55.249262,110.538521,165.787783,25.183557,141.804666,285.098070,174.202359,32.528165,57.754355,1.642507,509.189822,321.502530
R2S2_TRAIN_81C7327284A9,3997.302495,393.245721,371.790151,6992.861548,1194.513186,38.290331,12.968962,48.898810,219.996143,52.571639,101.070095,153.641734,25.470333,178.159474,284.969415,235.594169,33.352473,57.131147,1.663537,506.394946,325.181242
R2S2_TRAIN_9513EA3C0E6C,4261.354831,398.989912,391.818526,13748.083628,1184.111138,46.136808,21.933644,48.389862,220.023220,45.132101,117.952886,163.084986,25.323928,180.566219,292.809541,155.065491,34.214144,56.989355,1.669520,506.567054,325.289632
R2S2_TRAIN_702FB5CF38B5,4230.922436,397.193688,383.084294,8167.615720,1200.759617,40.847666,5.104904,48.998847,219.946318,56.525241,105.040676,161.565917,26.085604,133.767349,296.359766,176.503677,34.327972,57.580629,1.662000,495.150746,313.885574
R2S2_TRAIN_CD2EB3D138FF,4213.996822,397.531738,385.950139,8688.205093,1184.145929,42.062500,23.443818,49.006968,219.985024,55.062786,115.425298,170.488084,26.028928,161.679008,288.706222,194.859928,32.907841,57.026799,1.662700,501.804500,313.114350
R2S2_TRAIN_53D2332DA80A,4226.374006,391.114892,382.460936,10485.086472,1187.026842,42.920161,8.106410,49.140324,216.905264,52.534554,104.473076,157.007630,26.279750,199.937280,294.628776,227.127735,31.185725,56.336708,1.668921,490.004020,309.767958
R2S2_TRAIN_59396A94F18B,3781.966455,381.054068,371.798552,5267.194696,1187.746021,30.144015,25.429796,49.358723,214.193209,49.812880,103.354690,153.167569,25.391746,218.864156,280.000498,255.722983,31.120815,57.093697,1.664657,519.911895,325.920722
R2S2_TRAIN_A83B8CFC8999,3880.648763,392.194401,381.302231,10648.960780,1184.480854,41.500000,9.189000,49.556388,216.035226,53.780979,109.085166,162.866145,24.083521,173.721716,278.371725,186.313811,34.252215,57.318757,1.656500,507.943958,315.379076
R2S2_TRAIN_A10EA4203CF3,4234.604095,401.661462,388.689505,13531.892614,1185.834297,42.375000,22.955263,48.296573,220.005134,47.815785,119.518469,167.334253,25.811196,153.727258,293.954092,211.047200,33.140123,57.210430,1.668770,519.460413,337.506808
R2S2_TRAIN_6CF702266AFD,4307.006084,404.492309,391.614162,13450.906201,1200.080934,46.330699,11.234882,47.479704,219.996130,49.765234,123.472586,173.237820,23.686754,155.327672,291.251776,197.186702,34.397629,57.501765,1.662838,504.465586,317.246204
R2S2_TRAIN_6FA8CD970209,4237.843045,397.523076,381.804401,10326.353243,1200.642830,41.920905,15.502518,49.471487,219.972843,59.382908,106.561761,165.944669,25.076699,144.399437,290.907903,237.251749,34.559732,57.346307,1.659522,499.402847,316.561052
R2S2_TRAIN_E0732D4EFC92,4106.215304,388.918273,376.685871,9487.043535,1186.207081,39.090327,10.531945,46.553193,219.961109,56.764834,105.831113,162.595947,25.527701,160.480610,285.287823,201.972277,31.435614,56.673358,1.674257,513.605015,337.461065
R2S2_TRAIN_B0D1FE88A397,4245.651019,402.365431,389.217019,13187.734299,1182.766267,41.187500,4.884181,47.991760,216.892786,52.072959,121.824232,173.897192,23.918644,148.018017,287.943019,186.478221,33.956615,56.430573,1.676206,504.561389,314.900425
R2S2_TRAIN_19FA04768058,4068.771387,386.365275,368.658698,8841.328092,1186.110675,37.929286,8.124038,48.106938,217.630402,53.175471,108.609593,161.785064,25.257838,155.872320,284.793917,189.335430,32.092751,57.147541,1.662002,511.317603,338.577833
R2S2_TRAIN_999187190B53,4022.925460,400.498219,389.275310,9964.157333,1200.292213,39.519723,20.450144,48.523849,219.977293,52.071798,115.232711,167.304509,24.532655,171.744740,281.309224,229.953653,34.523376,57.295160,1.657900,510.438773,317.228575
R2S2_TRAIN_985698BF139B,4138.239194,400.806400,389.197758,8940.230611,1184.230292,41.312500,13.331875,48.944509,219.959742,51.409813,116.464917,167.874729,24.223296,146.199885,288.212542,220.907219,32.657342,57.362109,1.657000,497.177850,310.388710
R2S2_TRAIN_5DDE5338D5C9,4241.788269,395.193394,383.667542,12678.253626,1187.889134,42.062500,24.115843,48.378459,215.976084,53.224080,109.196495,162.420575,25.859201,133.870792,296.340955,222.035009,33.392180,57.448423,1.660867,501.040128,321.610744
R2S2_TRAIN_026E3F655C11,4090.413698,393.448811,379.772330,5267.088744,1200.628656,37.154405,26.107221,48.706172,219.943667,53.597075,112.561255,166.158330,24.475813,176.490964,286.382528,244.648907,32.084956,57.583425,1.646503,507.328381,330.058648
R2S2_TRAIN_250D4E42CC77,4295.680694,400.874906,387.000538,13079.602689,1199.724394,42.062500,6.233398,47.203308,220.033778,57.029478,113.996920,171.026398,24.801671,173.269701,294.740341,148.591511,34.416081,57.207509,1.664400,505.317546,318.093287
R2S2_TRAIN_2A188B405AE3,4103.506805,394.638493,384.742756,12813.298796,1183.548018,41.937500,23.110384,48.681419,215.934100,51.591238,107.059813,158.651052,25.453971,159.589439,286.975761,234.709514,34.047333,57.107683,1.666197,507.141926,326.503332
R2S2_TRAIN_EB6086B4FFC9,4241.443503,385.994870,375.852250,12998.630526,1188.118284,42.185660,16.887250,47.859913,219.944103,47.358325,105.996221,153.354546,27.187911,133.899599,294.060830,187.427538,34.452809,57.221459,1.656796,512.439640,316.442295
R2S2_TRAIN_2F5133749CD7,4046.625730,388.322221,377.526171,7167.401129,1184.069990,40.467927,10.406650,48.313670,216.014513,51.062774,107.809225,158.871998,25.506577,155.650871,287.763691,220.793250,32.718370,57.202632,1.656500,506.568267,320.214109
R2S2_TRAIN_C9BB0794AD13,4184.736144,401.672881,391.257544,13852.306326,1181.041067,46.643649,24.746565,47.939069,217.962423,49.159003,120.626428,169.785431,25.018641,164.583463,289.798913,142.359869,34.395274,56.942969,1.668213,511.284766,321.918862
R2S2_TRAIN_B639406DE9F1,4019.269878,386.615392,378.144352,9720.374397,1199.266705,40.687500,24.162257,48.589466,219.877093,50.054451,108.239683,158.294135,25.621810,158.072049,284.606776,212.311453,34.330704,57.325433,1.657783,511.022600,328.789994
R2S2_TRAIN_8626015789DD,4123.309762,392.148272,378.898354,13128.541213,1196.121689,39.349387,26.127439,47.088401,219.918776,45.185099,118.080152,163.265251,25.178418,232.412363,290.179784,239.622679,32.750285,57.146206,1.664684,540.900214,338.517356
R2S2_TRAIN_0F075C19C9C4,4205.652064,390.062287,382.305897,10200.542286,1183.856852,41.763678,8.700901,48.668234,216.015037,49.943654,106.641355,156.585009,26.118397,121.599004,289.969006,169.539231,32.028586,57.480319,1.651787,505.669173,315.153911
R2S2_TRAIN_89BC67C205C3,4148.341030,389.920898,379.017699,10594.564437,1187.833050,39.337396,17.579930,48.175176,219.936348,49.257910,114.111223,163.369133,25.285815,146.173569,291.012888,202.150513,33.064706,57.134148,1.660549,503.153314,324.280711
R2S2_TRAIN_705C4CCE2CE4,4200.293923,400.324483,388.490060,11133.505210,1183.289470,39.875000,7.908709,48.747377,219.927139,56.537433,116.082299,172.619732,25.129176,146.748256,289.143028,209.699673,34.508472,57.296658,1.658835,504.336533,310.629481
R2S2_TRAIN_B27FCAD5D8AA,4171.501161,381.125430,374.640510,11303.206824,1183.156073,35.009549,10.157389,48.589460,219.940286,47.831775,107.812652,155.644427,26.128186,172.931021,286.131442,221.828823,32.145167,57.537356,1.652687,514.836047,325.308616
R2S2_TRAIN_5FBF6DB7F6B6,4212.775110,405.027413,391.280125,9491.224164,1187.707151,39.937500,3.527036,49.340217,219.993477,53.232107,117.143533,170.375640,24.447977,176.783670,287.985657,216.931710,34.029177,57.656036,1.648600,496.919045,313.054844
R2S2_TRAIN_1C7F4A046754,4317.122979,390.620350,383.412402,12301.698135,1181.890516,42.937500,15.761878,47.095499,219.975452,49.012826,106.914600,155.927426,26.329203,132.889384,293.965121,190.414200,34.571121,58.052515,1.640953,503.394793,321.376305
R2S2_TRAIN_E923BCC0BC48,4188.887040,394.737212,389.025432,10545.669816,1187.624848,38.424067,15.580490,48.803206,219.982735,48.802910,110.069350,158.872261,25.431760,162.029048,286.715470,211.497100,33.022418,57.656779,1.653983,505.854007,319.146825
R2S2_TRAIN_A93C5CF23519,4129.425664,395.534615,380.930726,13740.127114,1186.127045,40.063378,26.180672,46.557477,219.923209,47.876179,115.837252,163.713431,24.911147,210.702775,284.797243,232.462016,34.385535,57.512323,1.651922,520.107457,332.452882
R2S2_TRAIN_35410EF1C1BF,4254.738394,396.738549,384.075119,13797.816807,1138.405007,41.687500,8.693102,47.280507,219.946604,48.381696,115.419727,163.801423,25.460748,188.952258,291.936625,162.184968,34.095883,57.339468,1.662000,501.593245,317.529593
R2S2_TRAIN_36B48F5D6AB3,4220.042952,401.042544,390.694092,11352.554655,1185.232278,43.778263,25.267207,48.904182,219.949332,53.843221,116.067727,169.910949,24.500061,142.007691,292.027479,241.321520,34.439254,57.510433,1.657900,495.370156,305.622866
R2S2_TRAIN_F0E599681A64,4006.301843,386.934606,368.794805,4209.408180,1200.005453,37.402650,10.349679,48.531653,219.930336,55.981286,91.999686,147.980972,26.843898,148.766771,287.854880,222.566217,31.395912,57.303193,1.665865,499.550995,317.937699
R2S2_TRAIN_D42A7B62C184,4226.564754,393.584132,383.575114,11498.410207,1200.076094,40.125000,19.423321,48.543334,219.941469,52.405443,113.434882,165.840324,25.567512,158.768008,289.439816,217.699595,34.452216,57.695475,1.655483,522.050308,344.355756
R2S2_TRAIN_6C02FFFDEDCD,4223.477280,400.819663,385.087692,10253.048854,1196.685834,41.437500,8.155439,49.198332,220.001046,52.098083,114.680991,166.779074,25.886451,133.592535,292.537077,238.033008,34.528769,57.381423,1.656100,497.917979,315.105775
R2S2_TRAIN_9F857B070123,4228.534325,400.165427,391.017438,13855.273963,1186.844967,44.375000,10.621101,48.858372,220.013090,51.935688,119.238331,171.174020,25.453679,133.953695,291.229039,220.097132,34.532966,57.265777,1.659852,496.874222,311.154058
R2S2_TRAIN_D5DF63314C32,4191.509447,403.339054,392.840059,12538.287030,1181.378706,43.062500,14.466680,48.062086,216.003732,48.800698,120.349190,169.149888,23.752661,153.059398,287.289275,208.566675,34.533627,57.455287,1.661700,509.179612,322.984345
R2S2_TRAIN_3850B5A320CF,4145.318199,394.200256,383.988405,10227.721078,1187.115616,38.437500,25.453418,48.875143,219.999898,50.699649,103.765867,154.465516,26.051109,218.971699,278.043745,218.466453,31.706727,57.326044,1.657200,516.542195,338.052090
R2S2_TRAIN_01245FDEA6AB,4204.394020,398.461896,385.984527,14684.244814,1184.082447,43.994364,9.724398,47.884689,219.995852,48.389557,117.061500,165.451057,26.307004,141.555236,292.068274,161.386501,34.575935,57.323127,1.661025,514.292261,324.733844
R2S2_TRAIN_9D7CD99A398C,4266.300220,404.081770,390.461909,13372.891759,1181.968084,46.173721,12.193655,47.312520,220.029995,50.547686,120.299307,170.846993,24.700078,186.275364,288.353731,172.269251,34.842028,57.452176,1.664030,509.780061,314.833020
R2S2_TRAIN_D8189639A2F0,3969.271788,390.787135,374.946277,7427.875435,1185.701876,40.125000,25.953507,49.385271,195.095551,48.338053,111.794237,160.132289,24.965522,204.700974,274.181631,226.839716,33.127778,57.242039,1.664845,509.317226,325.413395
R2S2_TRAIN_FD9E18F0B27A,4341.503791,401.788310,389.457778,14792.229416,1186.106705,47.162823,20.891642,46.966829,219.974582,51.059451,119.803585,170.863036,25.618179,156.748215,295.859338,173.964015,34.410132,57.243490,1.659124,510.999015,317.892052
R2S2_TRAIN_E2916682FAFE,4066.659717,394.038620,379.660260,12149.818819,1182.742381,42.875000,4.987201,48.426899,219.915564,47.989372,106.261079,154.250450,25.633680,167.054703,286.472691,157.975100,31.408401,57.419117,1.661471,495.228340,306.832417
R2S2_TRAIN_29051223B03A,4046.690906,397.122512,385.577565,5023.474447,1184.896102,37.685815,26.083538,48.595357,219.938791,56.305385,108.509398,164.814783,24.445837,221.980316,285.604637,243.213180,31.287346,57.100093,1.676629,504.914663,321.676025
R2S2_TRAIN_A5B96C18DEF7,3933.466840,378.556227,377.123175,6212.061336,1159.815663,40.375000,14.120674,48.377370,213.958206,47.978742,108.516508,156.495250,25.546482,180.393389,285.967315,217.194176,31.180421,57.315361,1.659178,518.732156,322.150277
R2S2_TRAIN_896532ACBA21,4092.148598,392.809182,376.873850,7269.313892,1189.203797,40.125000,12.706612,47.844960,220.002586,47.864245,106.880732,154.744977,26.027514,172.829236,283.040634,210.667570,30.931010,57.631202,1.650372,506.310963,326.101996
R2S2_TRAIN_28FE336FFC61,4012.565210,382.109307,364.180767,8883.368386,1186.579227,41.209243,18.168281,47.386690,219.938361,54.914629,107.329986,162.244615,25.679724,156.697596,280.150976,229.338803,32.718999,57.084133,1.682685,508.394912,318.725811
R2S2_TRAIN_C950EC466E16,4086.968391,399.472179,386.840974,9005.814158,1182.493039,42.062500,25.614318,48.636482,215.939329,48.403757,121.380632,169.784389,24.669438,132.144173,287.787916,201.226288,32.762620,57.395065,1.661708,490.004020,309.051683
R2S2_TRAIN_66214D0EEB90,4115.337124,390.800544,380.677468,11410.735281,1181.099713,41.459807,13.013489,48.367593,219.974263,52.399143,100.650040,153.049182,26.066680,146.660325,288.416899,195.277268,32.529427,57.044965,1.674370,508.241890,333.614402
R2S2_TRAIN_F8618DE9E438,4120.649636,327.477791,325.607776,9126.260677,1199.603954,37.629282,24.828966,47.310594,219.925353,54.790035,81.771246,136.561281,26.820464,179.323459,289.127300,223.438699,33.068650,57.527773,1.656500,525.554500,351.206243
R2S2_TRAIN_54C6F201D4B0,4080.056628,392.012864,382.568972,11378.774790,1178.977960,40.750000,27.835962,47.775987,215.736805,47.251209,117.154964,164.406174,24.523368,216.193140,280.143231,225.554195,31.647050,56.331934,1.672722,518.835117,328.211692
R2S2_TRAIN_223B0EE9324C,3972.525653,387.898903,379.050283,10468.766867,1195.417640,38.936353,4.171293,48.700458,219.984888,55.967956,87.608528,143.576484,25.702564,183.111173,278.941778,227.252154,32.591332,57.431020,1.652400,498.285696,312.063036
R2S2_TRAIN_6272E1E3F406,4191.161480,391.396765,382.980790,10516.400147,1195.675155,41.500000,22.305881,47.388425,216.982427,48.960282,109.806601,158.766883,25.220085,191.537270,293.530335,206.923668,33.261956,57.413597,1.652791,511.555307,328.578948
R2S2_TRAIN_99C1A003A67E,4207.923623,401.564343,389.354525,8863.407019,1194.460595,47.639688,25.687561,49.912587,220.033393,49.399932,120.259073,169.659005,24.807026,158.125546,290.013662,228.461613,35.025967,57.515976,1.646406,497.093705,306.832924
R2S2_TRAIN_D8DE750266CE,4158.904635,395.820387,387.469480,12167.027647,1188.013839,42.750000,9.808495,49.001752,219.976724,51.958739,113.252079,165.210819,25.304145,162.006369,286.064552,214.148069,34.347092,57.557679,1.659292,512.768469,314.900133
R2S2_TRAIN_4B94CBE4B488,4046.015166,380.907702,380.986420,10268.948140,1184.578875,40.040814,13.676590,47.772591,220.005211,45.178089,108.592384,153.770474,26.232088,166.518123,290.009981,176.488930,31.119966,57.440645,1.656500,520.098762,328.425344
R2S2_TRAIN_B6D233531052,4308.261388,400.958123,392.136776,13591.058704,1184.705539,45.289495,15.693808,47.230820,219.960387,55.225462,117.148616,172.374078,24.865925,162.927507,292.419344,239.432568,34.276178,57.349299,1.672135,509.797034,328.205322
R2S2_TRAIN_A9DDA417C5BC,4224.638718,395.953056,388.673017,8939.804953,1190.522562,41.432976,23.330137,48.802749,220.008390,46.894717,120.339809,167.234527,24.698915,155.609922,286.150184,195.801212,32.999430,57.324186,1.655107,506.054429,316.344202
R2S2_TRAIN_E408F03AF29F,4105.001766,392.582998,380.390270,8664.485861,1180.565277,40.125000,6.760453,46.699271,213.999065,47.105932,108.641878,155.747810,26.380194,157.228416,290.016270,156.173665,31.157759,57.207041,1.669235,514.891096,325.217286
R2S2_TRAIN_400B04541F0A,4193.038086,398.498247,381.362549,9778.576828,1199.179908,42.780635,4.493574,49.603488,219.986052,58.799708,105.750300,164.550009,25.720509,145.947890,290.715170,250.638340,34.297594,57.165559,1.668500,492.705821,309.083413
R2S2_TRAIN_D55BBE639BF4,4228.248443,394.682244,386.428505,6985.658129,1200.689612,38.448085,16.960845,48.674280,219.930844,58.467540,107.579001,166.046540,25.974327,177.399420,289.241592,219.510561,31.997294,56.485389,1.662976,503.548765,322.324420
R2S2_TRAIN_7B2D209462F5,4129.029229,400.397702,391.178970,12433.754320,1189.130316,45.123978,9.874637,48.523775,220.017224,49.550200,123.882128,173.432328,24.849759,146.407573,286.378373,204.015039,33.352878,57.518818,1.659002,508.407903,319.291035
R2S2_TRAIN_01168A877BA7,4140.979287,389.911587,385.872658,12715.963467,1178.566139,43.000000,23.711739,48.168093,215.292483,47.738832,117.658118,165.396950,25.507127,152.140802,287.477988,189.537400,34.452069,57.268748,1.662100,529.638288,332.611184
R2S2_TRAIN_CDF54B1DC2B8,4262.431775,401.800634,392.316776,13632.330698,1186.880178,47.639688,12.538270,48.530711,219.980048,54.124351,117.332854,171.457205,25.584286,131.575428,289.441916,230.890256,34.325418,57.649500,1.656000,502.209298,321.793886
R2S2_TRAIN_7C3DFA02D0F3,4085.816554,395.171690,381.285725,8182.788412,1199.668378,36.625000,4.516273,49.611619,219.952694,57.957179,109.139510,167.096690,24.700962,180.956882,281.583820,257.375422,34.325821,57.670189,1.652877,496.050196,308.997612
R2S2_TRAIN_0B52DFCB9302,4255.922418,388.950873,380.409060,8125.676475,1185.856225,41.187500,8.086575,48.820228,220.035908,54.068801,104.991324,159.060125,26.819455,171.806556,294.145039,227.623691,31.919643,57.204354,1.676008,510.731937,331.287078
R2S2_TRAIN_7F0C665431AA,4202.270067,401.559905,387.896159,8688.179073,1199.498619,37.316291,19.127751,49.078444,219.955627,57.003078,113.282140,170.285218,26.172406,178.946416,288.135361,227.170505,31.394463,57.623664,1.653600,507.767505,318.669918
R2S2_TRAIN_15E497811415,3373.611126,352.024550,342.860306,8037.709247,1186.757488,32.502606,13.512807,47.097725,182.659214,49.436689,106.504623,155.941312,24.793314,171.620745,275.010081,192.860343,31.841783,57.438281,1.660900,509.585421,325.130684
R2S2_TRAIN_5DF68FAD87E1,4171.741265,385.568917,381.332600,10429.559616,1183.732874,42.875000,22.547906,48.599741,219.945512,51.016309,113.026103,164.042412,26.117044,156.392198,290.698517,225.523976,34.402596,57.037925,1.662517,507.701992,327.646365
R2S2_TRAIN_52827A03D728,4254.917768,399.053765,389.610291,12797.062576,1188.554088,43.875000,14.871372,47.815497,219.955566,49.013400,119.470082,168.483482,25.383952,175.884894,292.499913,217.037749,34.329222,57.580390,1.653383,514.405336,329.420551
R2S2_TRAIN_248F30992E83,4148.720934,401.665654,388.236756,12323.257438,1184.367927,43.750000,9.448159,47.897104,219.917337,55.235706,110.032298,165.268004,25.032093,195.335491,290.152259,175.511602,34.530530,56.961640,1.687241,505.504215,316.164627
R2S2_TRAIN_86C374612C20,3953.175069,377.988817,368.334794,8354.923473,1199.420757,41.437500,6.916150,48.929869,219.987494,54.197462,99.191024,153.388486,26.516922,127.110995,289.000767,175.187178,32.074593,57.575923,1.655600,495.566091,310.065724
R2S2_TRAIN_34335C8E490F,4210.700210,397.571942,387.520538,14719.857837,1183.622561,42.437500,25.217179,47.872548,217.931582,48.731106,119.863286,168.594392,24.681128,156.694013,288.578522,197.197634,34.324564,57.491399,1.659700,509.038519,333.565697
R2S2_TRAIN_7E56AA00B1E6,4239.453398,399.389768,385.569363,10012.960436,1186.421574,42.097051,20.393468,48.187175,220.039561,49.821521,120.016020,169.837540,24.918928,150.605859,292.128053,196.045407,34.584557,56.362501,1.689512,512.506003,318.189590
R2S2_TRAIN_AFC07438BC68,3634.211146,392.834105,379.700535,8907.785314,1199.271209,39.500000,24.745860,49.404269,219.900649,52.485849,107.830693,160.316543,24.674262,154.979551,277.482068,237.939971,32.608792,57.755458,1.647733,505.141898,317.101838
R2S2_TRAIN_9B8712E935A7,4023.942663,382.888579,379.283739,6253.408285,1195.973630,40.483978,26.524664,49.426081,219.957098,58.479173,99.952391,158.431565,24.274881,194.169784,278.963236,243.022457,32.588697,57.504958,1.651156,517.849659,324.332298
R2S2_TRAIN_F24B9F0474D9,4209.640128,395.211277,384.042279,12963.316860,1199.350668,39.446221,17.726617,45.798740,214.935427,51.769490,109.840523,161.610013,26.041904,196.757274,291.328307,197.641203,34.372087,57.568318,1.653700,531.407313,339.364602
R2S2_TRAIN_363D2471E89A,4083.405778,396.167637,384.010845,10302.910955,1192.488031,37.661265,13.338992,48.994925,217.948066,53.398065,110.898094,164.296159,24.776262,140.532504,282.615008,199.764981,32.571017,57.417095,1.650600,507.298340,321.201422
R2S2_TRAIN_3C779D74675A,3934.773431,386.616653,373.715754,6254.977307,1183.824511,39.375000,12.360525,49.298055,219.947835,50.978423,115.494576,166.473000,25.627796,151.211731,286.524011,204.536439,31.352291,57.546068,1.659860,494.272861,304.756203
R2S2_TRAIN_C35B4415F09E,4222.157451,392.060682,381.353076,11134.369948,1172.028422,40.357018,4.839784,48.329165,219.927759,56.223786,105.449944,161.673730,25.906598,160.730792,288.940600,198.519317,31.904503,57.429922,1.661491,503.726767,327.633730
R2S2_TRAIN_DDECF852CA67,4311.233631,394.647496,383.301203,14897.299810,1184.694399,46.552450,12.224140,46.575251,219.945474,57.052309,108.619150,165.671459,26.385305,155.985509,294.545088,149.914416,34.374960,57.448330,1.650793,505.410243,321.888334
R2S2_TRAIN_883EF81590D4,4047.352066,393.596608,380.569106,12233.123830,1200.578249,41.875000,26.142313,47.124806,219.922331,48.788999,111.761074,160.550073,25.269578,218.081309,285.267850,229.219285,34.400323,57.635336,1.653500,512.672593,333.281315
R2S2_TRAIN_4DCA8BC44FEC,4117.837772,398.110907,388.083980,14100.921106,1183.655045,41.000000,25.055050,48.283120,219.953677,49.094364,117.134947,166.229312,25.016348,164.844338,285.875221,195.615537,34.452653,57.044194,1.662500,516.705833,336.328188
R2S2_TRAIN_8BD1EE4DFEEF,4205.639079,402.593281,389.523395,10290.371851,1187.265808,41.375000,11.545348,47.774845,219.990606,48.224216,118.675263,166.899479,25.197731,184.455632,288.753182,193.054217,32.073857,57.475815,1.665598,505.625205,319.803489
R2S2_TRAIN_B18BE8272D7B,4156.889944,392.356973,382.941751,13605.631643,1181.084484,42.890167,8.430701,47.717621,215.980194,46.833400,111.982394,158.815793,25.250954,158.104510,284.617615,184.531990,33.010364,57.293430,1.662800,512.617534,317.167057
R2S2_TRAIN_4E4F466F8BC4,4180.582734,397.137548,380.107956,7395.502115,1199.827915,45.486583,22.935224,48.611067,219.971005,50.836959,108.866962,159.703921,26.224109,154.891242,290.602781,202.313735,34.249753,57.642347,1.654768,504.680603,317.317038
R2S2_TRAIN_785A0D0870C2,4191.465833,394.234491,380.952990,11084.480429,1185.563716,40.062500,6.943415,46.860040,219.918899,57.261393,104.871548,162.132941,26.136883,147.464176,288.375473,140.293036,34.048416,57.629018,1.655865,500.187822,315.751882
R2S2_TRAIN_EAFD8E322023,4093.928856,391.564993,376.086459,6667.853396,1189.635162,41.875000,5.016426,49.638362,219.950940,54.536206,107.718896,162.255102,25.348775,186.611204,283.849640,230.116901,32.696187,57.635413,1.658738,499.006607,311.795316
R2S2_TRAIN_9E3A1FB40FD1,4214.200428,397.169116,387.860643,12544.517551,1194.175636,40.375000,15.604413,48.517241,219.919358,55.684596,117.262120,172.946716,25.783021,151.577699,285.856818,212.910026,34.267454,57.502462,1.650401,506.333322,317.464013
R2S2_TRAIN_3DF18FCFA949,4317.233378,401.167814,389.003999,14615.143966,1182.530218,46.216429,16.610921,47.906386,220.045149,55.255583,107.085936,162.341520,25.665555,192.201936,294.270987,232.727514,34.976171,56.161503,1.690679,509.974626,325.930673
R2S2_TRAIN_562C13111BAD,4255.282007,394.009565,382.490797,13395.676062,1186.451866,44.258081,3.815031,48.736487,219.959671,52.190320,108.267776,160.458096,26.656624,132.462920,293.919968,218.990175,34.447979,57.628637,1.659500,498.113800,307.975314
R2S2_TRAIN_A4089DB7E26B,4314.157936,397.532289,386.095039,13650.410529,1200.407240,39.881585,10.011626,49.217194,219.957424,51.642154,110.793123,162.435277,25.314894,159.601675,291.968973,218.114109,34.523367,57.213827,1.656926,494.752605,311.943769
R2S2_TRAIN_4EA53818B53F,4064.838104,389.093888,382.506393,8144.771357,1186.774753,40.437500,10.942121,48.988121,208.190967,50.332688,109.457479,159.790167,24.305513,198.685856,284.905623,238.817967,32.163345,57.544534,1.655800,507.367262,316.300281
R2S2_TRAIN_243CF76F05D1,3980.743483,382.070057,378.992873,11747.310270,1182.604542,40.062500,14.692348,48.333293,182.659214,46.954894,116.199407,163.154301,24.029197,210.074629,272.480932,173.382663,33.339376,57.574843,1.659700,520.450141,331.306291
R2S2_TRAIN_3F97CABA8E26,4050.238410,392.743330,386.066013,8681.127674,1185.457559,42.687500,4.069194,49.633946,219.974993,51.841807,111.492020,163.333827,25.311761,141.511164,282.121674,207.150981,33.943200,57.268762,1.657367,495.547903,310.774281
R2S2_TRAIN_9CC50E383A6C,4211.051721,399.291878,381.782069,9714.614370,1188.745794,42.810166,9.473774,48.961825,219.982267,54.290035,107.202828,161.492864,25.408927,154.056614,288.755910,222.893845,33.019056,57.063984,1.659497,504.237120,308.438513
R2S2_TRAIN_8B2635A3B46F,4115.174875,368.212495,371.965965,11120.139952,1186.197418,40.125000,25.289893,47.512902,204.036675,50.518436,104.999589,155.518025,26.570567,148.359389,291.488748,219.529925,34.111434,57.588731,1.647303,516.508473,333.044899
R2S2_TRAIN_7AA5284D18C1,4191.565458,403.888319,391.081188,12057.882346,1189.601165,45.364815,24.592434,47.786388,215.976602,51.199969,120.896413,172.096383,24.585287,152.142411,281.373053,227.847941,34.289856,57.409138,1.652321,535.460294,335.466396
R2S2_TRAIN_179CA47087E1,3767.617875,383.082665,370.239829,7910.312946,1188.361808,35.560368,21.020998,49.169988,216.757017,46.343968,105.548994,151.892962,25.778847,232.412363,284.804506,225.214848,31.205476,57.306978,1.663687,511.970715,324.339916
R2S2_TRAIN_CB688952AA2E,4103.312001,395.354241,387.297771,12577.087476,1199.289481,40.812500,9.113348,49.047435,220.016428,52.614509,103.432107,156.046616,25.433242,185.582027,276.786427,228.546565,34.351745,57.404638,1.655700,494.851724,310.862614
R2S2_TRAIN_72B374DA8870,4074.505731,403.896775,391.559242,8806.186287,1186.895777,43.562500,16.013355,49.695717,219.903435,55.372916,118.850330,174.223246,23.239722,157.994862,277.190031,234.427619,34.458674,57.359357,1.659500,506.105939,312.418078
R2S2_TRAIN_9F20F19B3068,4149.814922,395.587788,381.990687,12484.790468,1185.767335,42.312500,12.775014,48.381870,215.416797,49.486757,116.891666,166.378423,25.353915,153.581941,291.500457,201.952725,31.937829,57.081033,1.690681,498.680866,322.859874
R2S2_TRAIN_03705CC51C05,4253.320704,397.254270,387.499061,12520.101720,1199.706258,41.250000,16.450510,48.588518,219.967071,51.372806,111.062577,162.435383,26.103286,207.041168,292.354833,222.735882,34.314930,57.610465,1.656100,508.031245,319.766907
R2S2_TRAIN_17A2CA0C1D85,4065.307329,392.853938,381.516179,13842.898537,1184.488626,44.799021,23.436742,47.286894,195.095040,47.330180,118.557076,165.887256,24.830512,140.975859,285.085110,183.361113,34.319702,57.300336,1.652300,509.565434,320.816102
R2S2_TRAIN_4AF49E8F620B,4025.656363,397.209592,382.363528,8919.907774,1185.022429,39.375000,27.835962,48.474031,216.990913,47.678041,118.377692,166.055733,25.143469,186.388099,281.107714,228.815868,34.243602,57.334165,1.668300,525.564479,335.776312
R2S2_TRAIN_960C22BA0424,4161.157506,394.480075,383.199358,13660.377293,1180.713592,44.369036,21.039865,46.255235,216.676638,46.682830,120.120186,166.803016,24.251765,164.011743,278.872497,205.435789,33.619427,57.059687,1.666272,534.890680,344.879195
R2S2_TRAIN_6C7CD6F09E88,4199.144143,395.462328,386.002203,9018.447590,1172.415288,41.687500,3.616606,49.596563,220.028339,51.714952,108.488384,160.203336,24.216682,141.868030,283.693321,211.843840,33.203602,57.137144,1.664289,498.603163,311.544366
R2S2_TRAIN_B28C549C7120,3709.643453,392.912056,382.434772,8969.853879,1187.640074,42.312500,25.017271,49.185662,219.948710,49.002142,108.945754,157.947896,25.005448,140.512124,282.359144,230.295679,31.618868,57.665024,1.650623,496.831862,310.357615
R2S2_TRAIN_27A116C827E7,4228.728068,392.265960,385.867321,13362.786522,1199.745017,41.937500,11.562679,48.177424,219.960417,53.223262,110.763666,163.986928,25.421403,174.901822,286.013021,209.128471,33.429019,57.360088,1.652864,513.204516,320.877917
R2S2_TRAIN_7F5019315F69,4269.891148,394.203136,382.690878,12664.387413,1187.074545,45.451485,16.193781,47.960442,219.934964,50.292520,119.249612,169.542132,25.571716,149.837604,291.200936,179.230664,34.457854,57.721820,1.650877,504.349467,317.164119
R2S2_TRAIN_6C44C1DC6B68,4142.786266,350.425797,377.753484,9472.533290,1184.801949,41.000000,7.678173,48.397324,219.898170,51.942980,102.937169,154.880149,26.258433,136.159796,293.345870,200.542761,33.022321,57.584818,1.647832,497.484701,312.003312
R2S2_TRAIN_2DC0DFB7B49D,4054.694164,394.463919,382.568568,10207.713083,1182.950607,42.375000,14.807729,48.426889,220.016659,50.349690,114.223566,164.573257,25.372422,159.416147,286.871037,221.441445,33.656336,57.687191,1.661500,501.851543,307.309810
R2S2_TRAIN_ED746F85D7EE,3758.862985,389.356686,378.475061,5424.964000,1200.039031,39.937500,12.302504,48.533441,215.978698,48.866795,98.257696,147.124491,25.623622,161.536170,282.994139,227.602567,34.074970,58.043577,1.644786,495.976544,315.920224
R2S2_TRAIN_A8F487AA38D9,4002.171234,384.360949,378.644574,11612.042137,1166.409399,39.979007,16.646793,46.969208,210.659004,48.880223,109.721336,158.601559,25.770192,194.547390,286.401924,217.355699,31.227323,57.666497,1.650400,526.578458,334.522135
R2S2_TRAIN_64D7363B7024,4169.720342,386.382853,378.285008,13342.969456,1184.461222,41.062500,14.193230,46.233341,219.942505,50.107700,107.817359,157.925060,25.611219,155.442781,288.561002,170.976102,33.324534,57.376053,1.660700,521.074228,334.920096
R2S2_TRAIN_63863FBB456E,4192.944169,396.514293,386.287114,6252.145405,1183.884869,40.437500,13.888362,48.346604,213.966333,51.919616,113.751807,165.671424,24.780713,197.519488,284.719008,221.876663,31.220006,57.440238,1.651244,504.132409,317.126842
R2S2_TRAIN_49695FFF9AD7,4154.824715,400.284138,383.987288,14005.019320,1195.967089,42.375000,26.505943,47.671605,215.965106,53.364828,111.999325,165.364153,25.155594,168.015845,287.184394,193.052403,34.475752,57.552402,1.650600,525.570361,325.035716
R2S2_TRAIN_E0EB514AFA2B,3975.690750,369.455534,370.147036,8667.403406,1194.389648,42.312500,26.157005,49.303391,217.953238,46.347131,109.383878,155.731009,25.794107,186.177773,285.810601,200.503901,32.694305,57.581740,1.654500,511.066138,321.613181
R2S2_TRAIN_4189CC507E08,4265.540779,402.788630,387.137763,13670.239154,1180.036579,45.373168,21.207821,48.732789,219.970048,51.035179,120.280980,171.316159,25.398723,151.581182,293.387661,224.610562,34.307311,57.079643,1.668455,515.354954,325.165894
R2S2_TRAIN_AB3A4BAD10DA,4250.892238,397.417664,386.795305,12154.085861,1200.317913,41.331149,24.656069,48.200977,219.999221,56.199134,105.002489,161.201623,26.781495,145.972164,295.778923,204.155522,34.328359,57.641854,1.658568,496.782496,315.080125
R2S2_TRAIN_37BE1330C445,4353.142988,402.772317,387.884839,14960.192379,1182.717716,45.169056,7.219959,45.798740,219.943285,47.236464,122.236089,169.472553,25.749017,133.570769,297.552995,140.293036,34.394045,56.896089,1.684404,517.468216,335.968183
R2S2_TRAIN_87B3B15740F8,4088.904832,385.044598,386.089099,12808.771331,1185.835300,35.936507,24.948668,47.585898,217.959842,48.458099,112.320582,160.778680,25.262457,151.363496,282.858152,210.618749,31.450070,57.569469,1.655589,508.660426,333.778592
R2S2_TRAIN_A85D9993E41D,4002.078687,339.551723,366.424593,5124.084444,1188.306707,37.476143,23.574935,48.549623,219.968498,48.757560,106.429611,155.187171,26.264977,200.215171,281.540516,241.874337,31.178750,57.558982,1.653500,506.476671,324.828285
R2S2_TRAIN_CAF7C0181C53,4231.125339,389.047241,372.134489,10980.565120,1187.069940,40.500000,13.693845,47.423503,219.921228,55.694072,106.088450,161.782522,26.150349,141.440041,292.510974,220.045384,32.047827,57.320456,1.655100,508.772122,320.483630
R2S2_TRAIN_C4D6C4E3A931,4191.652331,403.768937,390.642219,11600.488505,1194.592403,42.937500,10.791569,48.355816,219.967212,50.253025,119.428030,169.681055,24.705542,155.556531,289.112854,196.623145,33.354820,57.065319,1.665326,502.261713,314.847074
R2S2_TRAIN_5ED1AEFAC4AF,4272.697030,392.957730,377.425531,9256.022011,1184.081358,42.286178,12.479795,48.097228,219.997662,54.266457,109.059214,163.325671,26.718477,165.251655,298.144697,194.493231,32.860139,57.236201,1.673857,490.902893,308.997786
R2S2_TRAIN_F8ACB6E39CDD,4154.931386,400.975795,385.290796,11211.362286,1186.140335,40.937500,21.285478,48.482702,219.993202,53.678117,111.345060,165.023177,25.257779,145.226419,284.696850,232.267121,34.388571,57.439651,1.658785,506.211154,310.305693
R2S2_TRAIN_8167D130B6C2,4214.622207,401.301317,387.604019,10543.194809,1185.771468,42.125000,11.049844,48.607581,219.988230,51.139926,120.535832,171.675758,24.524705,177.896815,286.729651,233.654554,34.101489,57.461644,1.656400,504.609003,315.670616
R2S2_TRAIN_C52219F3D152,4112.071723,394.223679,384.752827,13772.706945,1180.578235,41.500000,9.285734,48.200363,219.987031,47.367470,108.627314,155.994784,25.763105,131.273765,290.785644,161.942589,32.937768,56.950674,1.671339,508.317730,314.453715
R2S2_TRAIN_9B6981CD5887,4228.758040,397.320210,380.373072,13190.989201,1186.878533,45.719049,23.285336,48.129861,215.965033,47.227390,115.528664,162.756054,25.359954,152.133447,291.326074,180.980336,33.094836,56.989004,1.657442,522.410794,335.883564
R2S2_TRAIN_42192302870A,4199.316132,380.878494,380.357901,6179.955673,1183.558622,41.000000,7.366319,47.394036,219.966879,58.169800,103.266449,161.436250,26.227376,139.369376,291.578058,185.014228,31.939374,57.633536,1.650349,505.669156,318.402030
R2S2_TRAIN_A109DE7265CF,4005.991908,379.524010,375.302935,6358.459887,1185.071455,38.168510,25.268900,48.479135,215.950251,47.483359,110.325833,157.809192,25.585702,184.942485,286.157578,236.419649,30.926940,57.318586,1.656798,505.918051,328.405013
R2S2_TRAIN_C42621CB98E7,4183.863437,405.510873,391.530934,12514.517815,1194.542353,43.937500,10.488308,48.632725,220.003007,53.879805,121.999710,175.879515,24.472640,136.489917,290.308934,193.367486,33.126833,57.201133,1.674833,501.067439,306.953665
R2S2_TRAIN_F99A07CF6493,4079.146510,400.112999,388.298183,14618.698711,1187.153446,45.750000,21.223378,46.151849,219.953981,51.027947,113.693617,164.721563,24.733427,150.195506,280.762369,166.474781,35.089155,57.669968,1.653500,507.863522,330.212479
R2S2_TRAIN_BAA429E735B5,4043.197001,379.697301,355.274807,6140.645518,1184.441860,36.292730,25.221956,48.147179,219.923825,47.253965,114.206935,161.460900,25.460249,176.027489,280.091502,192.279114,31.552072,57.711978,1.649722,503.321139,325.233271
R2S2_TRAIN_C1A091BF62E7,4173.150000,392.506029,376.705045,8166.793103,1184.060423,41.000000,8.062124,49.048139,219.926042,47.186685,107.099841,154.286525,25.836760,149.904805,288.141602,196.390181,34.270256,57.572957,1.650600,504.876562,318.574986
R2S2_TRAIN_D56B33749798,4235.131760,400.129698,389.238674,13661.643614,1192.492598,45.878567,17.749020,48.065140,219.908171,52.338560,119.931282,172.269842,25.149098,159.885246,288.305750,200.720949,34.513221,57.226943,1.665151,498.038400,312.973962
R2S2_TRAIN_3394B546B055,4184.212217,394.916498,387.807094,14267.003972,1193.783328,43.190681,26.531956,48.585040,215.967387,49.426085,118.382496,167.808582,24.717272,157.554076,285.735293,215.664477,34.983204,57.859467,1.650200,518.450205,326.679328
R2S2_TRAIN_8DD8A2AE7D04,4206.907189,404.382165,387.686915,13091.490401,1183.179351,46.951511,23.332751,49.072753,219.988720,47.787573,121.154476,168.942050,24.735065,172.463383,282.364474,226.114090,34.373740,56.933583,1.677687,500.203080,307.483851
R2S2_TRAIN_1F2957B93278,4085.760824,387.825819,377.637069,10112.153428,1185.650482,39.340820,9.564753,48.214863,219.977250,56.901980,104.077906,160.979886,25.675401,135.900804,274.759421,232.821094,32.024851,57.294696,1.654300,504.706955,319.573666
R2S2_TRAIN_8226E5C3568B,4085.536653,392.131076,383.748995,6159.160662,1185.691593,41.125000,24.858552,48.761547,214.917147,54.398241,107.778733,162.176974,24.912966,179.153529,287.185697,257.375422,33.053704,57.496195,1.657952,505.820244,316.660675
R2S2_TRAIN_92A2E3032076,4204.979365,398.632339,387.701115,12117.529699,1199.275242,42.500000,15.376879,48.756895,219.997066,57.027606,109.020410,166.048017,25.010542,183.080264,289.235230,239.586882,33.327873,57.429661,1.686608,521.028881,334.261685
R2S2_TRAIN_417A044EFE48,4244.055846,401.401183,386.962586,13917.934155,1185.011591,44.062500,6.971842,48.870883,215.970608,51.903380,120.785217,172.688596,24.539176,172.913079,289.625030,180.775815,34.362231,57.493780,1.653900,493.541744,306.776302
R2S2_TRAIN_BDB009419B94,4194.597853,395.479230,387.551840,6366.956958,1188.599067,45.196570,12.894055,49.326849,219.978302,53.065757,114.035534,167.101291,25.001758,168.246363,291.134829,191.326326,34.192292,57.563553,1.659802,497.364597,309.629406
R2S2_TRAIN_6FD00BCD56ED,4077.106949,378.527354,355.392211,7191.651649,1183.717480,36.901933,12.209509,47.910775,219.920808,55.735910,88.988446,144.724355,26.000350,150.885704,282.887567,223.112821,32.593022,57.531679,1.655100,504.812635,318.333698
R2S2_TRAIN_3B2D34E9359C,4175.696481,396.001564,382.441917,13851.254676,1194.070420,44.568599,11.188826,47.488796,195.850291,54.113411,113.554752,167.668163,25.499987,161.573535,285.040255,163.209549,34.493602,57.512698,1.657200,506.118839,330.777213
R2S2_TRAIN_679A8011CA2B,4112.931117,391.376817,369.900122,8621.769249,1188.404726,38.588220,11.325138,48.760205,219.979287,56.104265,99.825586,155.929852,25.711005,152.488078,288.531572,214.027693,32.243344,57.682204,1.650223,503.933714,319.400933
R2S2_TRAIN_D7B65C607B6B,4271.710778,398.217404,389.290462,13028.511522,1194.135658,45.505204,25.308427,48.243498,220.033638,50.011179,116.362659,166.373838,25.547196,180.077756,289.983286,209.271518,34.784905,57.282636,1.664866,506.582971,320.613270
R2S2_TRAIN_319ED3946C84,4237.840988,396.473206,381.912184,13150.473567,1184.201025,45.374362,3.572372,47.617944,219.939496,54.904970,110.486398,165.391369,25.870575,145.907635,286.935189,189.106575,34.428197,57.049523,1.664400,506.156826,318.333638
R2S2_TRAIN_0BBD0389ADE4,4263.833227,401.742588,386.956571,14543.311756,1186.063599,45.280181,6.814930,48.317946,219.908181,48.607927,116.120216,164.728142,25.095118,141.532688,292.117991,160.200685,34.996083,56.933721,1.666513,502.763655,317.398014
R2S2_TRAIN_04145B57D969,4064.838640,391.839594,378.463274,11285.252163,1184.943506,39.000000,25.768011,48.212382,214.964409,49.059059,107.175440,156.234499,25.782867,173.412982,284.607223,242.484835,34.249644,57.257991,1.667213,530.581966,331.641216
R2S2_TRAIN_F4AC9547D72E,4121.229717,379.046142,355.533492,11027.976162,1183.015698,41.875000,13.260778,47.749866,219.957911,44.927395,111.210472,156.137867,26.233030,152.907691,289.830869,166.119010,31.212190,57.246903,1.656773,508.163845,322.444360
R2S2_TRAIN_24344146464A,4174.846592,395.489888,386.985582,11495.534825,1176.016262,43.000000,15.527919,46.534393,215.607116,48.475235,113.856226,162.331461,25.284442,147.249210,290.848893,160.074915,33.130724,56.304690,1.692821,506.246708,325.919546
R2S2_TRAIN_08E591798948,4052.029258,396.546403,379.529806,11735.748554,1142.098664,36.337145,12.011371,48.161129,219.933987,46.213559,119.386785,165.600344,24.671266,161.561017,277.264017,203.071313,32.549207,56.254250,1.668300,517.364640,338.525687
R2S2_TRAIN_75192A15A4BE,4233.876397,392.135560,377.370697,12916.579187,1182.444581,42.498293,26.172232,45.815598,215.996107,47.455129,112.351835,159.806964,26.055666,151.002301,291.584941,159.367518,34.400800,57.125792,1.661500,525.448989,338.929789
R2S2_TRAIN_3EDE9E592785,3974.029267,394.630029,377.901340,8931.384683,1186.513368,41.000000,23.041993,48.601373,219.998918,54.875898,107.940260,162.816159,24.667950,178.198425,277.656434,204.286627,32.607403,57.611714,1.653500,507.407453,331.380140
R2S2_TRAIN_1A801CF5347D,4194.205651,392.646758,380.815354,11571.483017,1189.000097,41.812500,26.264251,47.939887,217.951571,48.764376,117.208995,165.973370,25.094782,179.814856,291.321119,239.883360,34.177352,57.789704,1.647349,511.893044,314.734792
R2S2_TRAIN_687241570B26,4099.448318,396.490684,382.582794,5660.799830,1187.768335,40.375000,14.526071,48.764280,220.058365,54.877676,108.342330,163.220006,25.272213,169.615735,285.320768,257.375422,34.241677,57.371030,1.658500,506.608298,313.207560
R2S2_TRAIN_6372AE1A5D31,4170.686185,380.663978,374.802480,5298.278026,1199.473334,39.282690,5.310859,49.392409,219.945262,49.616027,107.686207,157.302234,25.510789,174.188580,290.490348,198.951453,33.087971,57.708012,1.647168,492.922014,311.466310
R2S2_TRAIN_7C0DECB91293,4233.037214,396.379348,383.236540,10503.355843,1200.538295,44.427152,24.679049,47.941356,219.947419,57.247131,115.954877,173.202008,25.722016,153.135781,289.410195,221.183554,34.455755,57.571014,1.653600,508.747564,314.815705
R2S2_TRAIN_7E6AC0508810,4231.610320,399.148015,387.164393,8789.912391,1185.890384,38.234279,9.151439,48.167666,220.008199,49.771363,123.471025,173.242388,25.148522,168.764066,286.799108,216.259799,31.932284,57.467037,1.657669,512.577806,309.004979
R2S2_TRAIN_1AD7D2ABEE24,4172.583812,397.558626,383.072072,10921.086399,1184.274548,46.062500,24.063911,47.798341,219.965177,51.822249,109.928016,161.750265,25.310514,166.485809,289.820041,154.408350,32.562453,57.556888,1.655006,506.069091,314.989113
R2S2_TRAIN_F7AC6DDBD32A,4276.071648,393.105704,384.397621,12824.947936,1193.373392,46.227075,10.940609,47.016351,220.023972,56.478876,100.209344,156.688221,26.261120,123.271062,295.152876,207.422125,34.644128,57.187188,1.654600,498.576406,318.815411
R2S2_TRAIN_5A264FF90E43,4143.599707,396.266947,388.456154,9687.808479,1187.178463,41.000000,7.169183,47.652210,219.994126,54.148290,112.884860,167.033150,25.175692,138.650810,286.541247,201.409504,34.361370,57.821203,1.640953,497.251020,311.665542
R2S2_TRAIN_35CE085A172B,4164.668636,400.952501,386.894940,9448.784708,1184.243727,39.937500,8.884282,47.175842,219.984917,50.020509,120.264734,170.285242,24.609008,168.939703,282.259435,244.317632,34.406668,57.844806,1.654817,516.695819,336.117478
R2S2_TRAIN_76C771C8F3F8,4210.918264,403.078280,390.404632,7169.406431,1188.703824,42.937500,10.675901,49.423092,219.959696,52.267468,118.176568,170.444036,25.103573,166.261369,289.937484,221.041303,32.025275,57.026237,1.687994,504.437365,321.912046
R2S2_TRAIN_684FF8BB4AB3,4152.314894,392.452135,377.514270,12111.309742,1187.169805,40.812500,25.962629,48.575664,219.927480,51.831852,111.574799,163.406650,26.050040,135.761370,287.649476,195.854801,32.654816,57.512421,1.650000,503.323699,325.350647
R2S2_TRAIN_40218E8E617B,4192.769750,394.264878,385.665491,6849.494545,1192.308372,43.687500,25.901714,49.275573,218.502277,48.724889,120.289126,169.014015,24.533489,171.725055,286.254430,236.924795,32.732089,57.379179,1.666273,505.124603,320.118404
R2S2_TRAIN_028514FAACE0,4186.957795,392.524537,382.637614,11771.402610,1199.651352,38.653782,12.056761,48.574190,219.970482,59.064853,97.285220,156.350073,26.152875,182.203702,289.275219,248.761539,32.236597,57.498631,1.654800,503.561532,314.055336
R2S2_TRAIN_B51C37BBC253,4287.198566,403.302566,391.732998,13794.352291,1136.494428,46.647910,14.213500,46.946161,219.968590,42.849423,125.550017,168.399440,24.456621,148.017211,290.595455,153.077125,34.900699,57.051462,1.662300,511.744593,328.637443
R2S2_TRAIN_387F95DFED3B,4110.611887,388.495951,374.654897,7154.248467,1187.235079,40.375000,10.654101,49.473532,219.898784,49.358916,101.431967,150.790883,25.932007,161.562362,289.697293,215.523829,32.334629,57.486824,1.659007,510.226425,318.004117
R2S2_TRAIN_2E0DC681E6BC,3977.106675,387.810176,379.137086,4108.924511,1195.155641,36.562157,14.144490,49.840315,219.950751,55.254261,101.157089,156.411350,27.187911,141.576866,285.846523,218.696619,33.249748,57.605356,1.650600,503.379769,321.110163
R2S2_TRAIN_1A65C2C612D7,4059.674420,395.305442,382.452570,8642.115109,1195.172941,40.687500,21.230569,48.278451,219.950641,55.225448,101.580575,156.806023,25.100677,188.091779,286.277589,231.158418,33.218994,57.408844,1.656127,498.846802,315.632541
R2S2_TRAIN_22F1F7336F06,4188.231553,382.286867,371.709250,11233.848854,1185.660522,43.625000,11.910953,48.966988,219.963932,51.763454,107.015305,158.778759,25.939731,150.966440,290.118597,199.717590,31.364209,57.580982,1.647323,511.888365,316.924541
R2S2_TRAIN_4448CDA3E9A7,4215.317216,389.488060,374.894962,10162.514137,1193.952349,41.503270,6.157712,47.921664,219.970323,49.272753,107.043042,156.315795,26.390048,135.878585,294.211749,140.293036,32.565223,57.424774,1.650530,497.347137,322.403276
R2S2_TRAIN_E5D36BBCAD76,4063.960729,394.573497,382.792909,13134.860473,1188.562855,46.077139,24.582892,47.681788,219.984761,46.034237,116.986471,163.020708,25.158378,139.570820,289.031355,193.966045,34.098518,57.663834,1.649023,503.807237,317.311617
R2S2_TRAIN_FCFD0100B15F,4022.149161,373.503035,344.081406,6239.064753,1187.030771,39.125000,25.586450,48.457732,216.015487,49.286399,107.595280,156.881680,25.587014,177.045612,273.485117,252.297109,32.600825,57.697208,1.644695,516.729653,337.484854
R2S2_TRAIN_A69C692D969C,4130.890738,381.196353,376.075330,6366.420321,1186.904727,41.250000,14.490013,48.771658,218.012885,58.004750,97.226789,155.231539,25.962504,183.313432,284.000609,229.637433,32.638013,57.055838,1.661264,506.570946,324.313887
R2S2_TRAIN_49D52A3DC363,4200.118932,399.085879,385.660609,13138.057277,1185.296382,41.840763,4.998005,48.545826,219.936932,56.666629,110.758152,167.424781,25.600166,146.611692,287.631789,225.968158,34.253783,57.188431,1.661800,502.468834,318.043424
R2S2_TRAIN_2C0971C9456C,3766.671096,386.991309,375.085703,8687.624261,1200.701369,42.000000,23.399415,48.923763,219.930688,50.086228,105.543150,155.629378,25.256124,145.862286,285.787253,201.926905,31.156482,57.574565,1.653700,506.189835,317.277250
R2S2_TRAIN_592DF1B5A3D0,4174.933089,402.819764,390.345980,10307.404227,1183.453358,43.687500,3.367278,48.501512,220.004980,56.719724,116.817819,173.537543,24.347990,135.611177,287.993437,196.435906,33.296540,57.243208,1.661800,493.893697,310.106913
R2S2_TRAIN_9F234F444227,4211.343212,400.971191,384.418908,9660.975151,1184.087210,41.562500,11.617262,47.942573,219.987482,52.759751,112.402195,165.161946,25.623325,130.310624,294.227212,201.076306,30.646452,57.175991,1.662118,505.044888,314.189166
R2S2_TRAIN_E78FBE868F17,4266.964165,401.752043,388.810156,14876.607755,1185.986785,46.812500,25.250310,47.623799,219.948561,49.754045,121.243106,170.997150,25.463971,133.493446,293.217830,173.898329,34.883620,57.356014,1.663468,516.824982,328.796268
R2S2_TRAIN_B837DF880BF4,4060.016880,394.024619,379.305024,11745.912593,1199.558225,42.312500,23.802872,48.434150,219.991007,49.451332,115.377635,164.828968,25.230684,174.807862,283.042914,153.832556,34.458264,57.007042,1.660283,514.207450,319.617099
R2S2_TRAIN_69F08C76129F,4152.759350,396.228147,381.748312,8792.163347,1184.909019,39.727519,4.020900,48.229423,219.970841,55.778002,110.200731,165.978734,25.900281,145.517826,291.737446,175.040621,34.415535,57.234958,1.662407,502.321281,314.311106
R2S2_TRAIN_2117C77A8F1A,4275.961679,399.817460,387.683277,13227.686734,1185.180303,43.433862,9.132246,47.071256,219.963296,50.384759,117.242101,167.626860,25.879460,181.789756,291.178930,185.570483,33.920902,56.164053,1.676374,511.583625,331.657411
R2S2_TRAIN_3E3FC98E2CF0,4279.420091,405.510873,394.035291,13901.336997,1185.204994,47.639688,19.652117,48.317474,220.046660,52.220248,124.897805,177.118053,23.985574,173.043718,287.948884,236.826115,34.408031,57.076676,1.665600,509.287468,309.094904
R2S2_TRAIN_CEFCF9B4F963,4160.330227,394.235286,380.559737,8220.595796,1185.678420,42.000000,7.322161,48.556150,195.293393,49.738766,114.671331,164.410097,25.197173,179.816940,291.140388,201.260845,32.360837,57.510464,1.650200,515.949342,325.886265
R2S2_TRAIN_5DACEA383549,4148.656072,401.336688,388.675690,10817.949750,1185.790132,42.436091,18.667457,48.296381,219.978684,53.421410,119.103256,172.524665,24.838053,213.997461,281.514840,233.786844,34.532761,57.338270,1.659100,512.793084,325.713946
R2S2_TRAIN_F955E502EA0C,4130.671363,397.133986,384.125159,9736.290795,1185.675575,41.449408,10.242687,47.681370,215.943274,49.012553,117.919804,166.932357,24.523190,151.706308,276.070567,160.336115,34.097763,58.023337,1.643050,509.928718,330.395803
R2S2_TRAIN_2F9F1A7BDBB9,4296.773956,402.404333,385.301360,10210.495638,1192.415954,42.062500,10.331393,49.456516,220.010805,55.475510,118.520321,173.995831,24.125800,182.716715,288.554520,229.284451,34.271136,57.452354,1.651900,509.261427,319.932543
R2S2_TRAIN_894CF8D07A6A,3971.255565,401.356483,387.492840,6107.108059,1201.405030,41.125000,25.028078,49.365813,220.001009,56.904485,106.475318,163.379803,23.239722,155.001163,276.467242,248.938992,32.505223,57.885514,1.648015,494.963096,319.803060
R2S2_TRAIN_3AD7575C2135,4116.872118,392.825862,386.677333,12273.022099,1186.132586,42.562500,15.534152,47.477936,217.227911,50.623029,120.336497,170.959526,25.005659,176.538787,285.438406,203.688069,31.228673,57.419297,1.659900,506.800250,319.922258
R2S2_TRAIN_590D54973493,4169.322753,392.898767,379.423123,10793.614297,1185.705706,43.625000,27.443946,47.230608,219.926809,48.054205,117.804946,165.859151,25.422168,162.119342,288.036703,220.364697,32.674395,57.383547,1.660900,512.362498,322.927406
R2S2_TRAIN_9E8710A65186,4020.103774,384.171819,370.435943,8437.628117,1183.579114,33.247921,24.508158,48.876636,214.088264,50.116964,106.506213,156.623176,25.098920,159.496626,279.553098,231.100007,31.273251,57.576657,1.658400,505.092056,321.597607
R2S2_TRAIN_BD664E2EB5F5,4155.489134,399.731383,386.249751,11675.688386,1188.503660,40.687500,20.858300,47.249365,219.977812,54.343615,115.231115,169.574730,24.187553,167.919251,279.848421,210.383022,34.438784,57.477846,1.663222,520.484448,326.972240
R2S2_TRAIN_749E15F7E7EB,4285.004625,400.160613,390.297553,12542.457530,1195.617152,47.211108,20.271456,46.932314,219.992646,47.665488,123.731367,171.396855,25.099883,136.187037,290.886549,180.328320,34.461184,57.621777,1.661400,505.528880,311.682671
R2S2_TRAIN_59E31C74737B,4353.142988,403.453287,390.186719,14611.477618,1187.781148,46.989898,20.246038,48.337876,220.058365,53.201876,112.250057,165.451933,25.931627,146.224357,295.011103,214.932835,34.952853,57.095252,1.664222,494.625782,308.051909
R2S2_TRAIN_6B9F49D6CCF9,4111.306527,383.702360,378.042707,13787.514794,1186.426061,42.125000,23.892600,48.876515,218.001386,50.124683,105.408679,155.533362,26.053069,151.630483,287.225428,218.030495,33.840305,57.277621,1.671271,506.599187,317.910064
R2S2_TRAIN_B68FAF26FDC7,4150.527347,400.554686,386.221232,13800.193883,1178.717997,41.120151,13.229336,47.255604,219.933472,55.364587,117.236737,172.601324,25.099300,179.430807,287.720355,215.004454,31.962801,57.060703,1.663855,508.121294,329.267403
R2S2_TRAIN_07BB1292B81D,4093.834101,394.038502,373.854168,8232.641215,1199.211127,41.125000,25.866684,49.292354,219.906228,47.699800,105.782813,153.482612,25.946367,152.976013,284.680951,204.691113,31.127341,57.335642,1.662000,521.152501,326.272449
R2S2_TRAIN_E5BE3B5CEF0F,4229.040921,403.560085,391.783018,12767.949096,1182.854940,41.375000,11.070707,47.249003,220.007526,58.259488,120.079321,178.338809,24.437159,165.317258,287.144551,219.345247,34.214145,57.170738,1.659133,504.514613,312.983175
R2S2_TRAIN_785657A2B9E7,4095.951214,387.399555,379.151770,9144.978138,1193.546584,41.085204,11.475945,48.325999,219.946437,49.446486,120.207413,169.653899,24.886914,164.336761,285.411614,226.979409,31.182820,57.511201,1.653800,515.987299,346.342468
R2S2_TRAIN_EB4506F4BB14,4191.411388,399.304572,390.212643,6865.534276,1199.406668,42.062500,6.520089,49.936465,220.039546,56.253063,119.953739,176.206802,24.789425,126.747474,285.716904,229.891472,32.570875,57.365539,1.654300,490.021754,303.491678
R2S2_TRAIN_0C1D17FF6053,4163.982330,392.358770,379.646490,12799.311935,1186.475333,41.937500,19.265278,47.094017,219.924230,54.283717,107.558874,161.842590,26.130035,203.105490,288.776626,230.368140,33.126345,56.143455,1.689827,515.354808,343.704601
R2S2_TRAIN_3ECFB0147109,4158.298242,397.148813,386.085161,11491.569389,1187.352077,40.687500,10.941299,48.736449,219.914233,59.257200,109.201754,168.458955,24.304329,145.252458,283.775977,220.435767,34.413399,57.382033,1.651163,496.412621,313.410397
R2S2_TRAIN_2F498F0B0116,4208.710574,390.457498,380.120928,13352.521491,1190.259094,38.936812,15.459280,48.233809,219.951952,55.588334,105.801481,161.389814,25.746151,187.523316,288.361441,241.371847,32.574593,57.184038,1.661030,542.850409,351.326958
R2S2_TRAIN_C5FD1DDC0187,4037.012703,395.603724,384.057595,10076.773502,1197.133162,40.375000,4.065734,49.055511,219.980039,55.370318,115.148843,170.519161,24.702076,179.864003,279.609874,227.668177,32.629595,57.454629,1.658412,491.825943,307.844752
R2S2_TRAIN_3B068F1298B8,4025.482378,385.751134,380.403300,5939.516480,1199.647167,39.268235,10.426671,49.546903,219.980047,54.170125,107.364305,161.534429,25.819432,147.377702,285.760610,217.990750,31.574166,58.052515,1.640953,506.458804,314.578275
R2S2_TRAIN_74748EFCC9E5,4079.500351,393.888013,384.255821,11032.996079,1162.645406,44.014079,17.186987,47.878891,216.476585,52.644023,109.746422,162.390445,24.517036,130.458305,288.419488,193.393672,34.932943,56.271951,1.671754,502.961415,307.379807
R2S2_TRAIN_43AE7157D6E9,4251.686416,399.294847,392.072555,13973.347115,1182.211363,46.125000,19.108560,46.531097,219.985925,46.784774,123.669800,170.454574,25.369473,171.611315,290.683378,178.556660,34.369562,56.882640,1.665596,518.278700,322.481523
R2S2_TRAIN_A0C4DEDDC8CF,4199.496667,393.286235,388.815681,8733.772311,1183.333857,39.625000,6.163975,49.204009,219.974150,53.602111,115.545619,169.147730,25.249725,147.378889,282.541036,232.345459,34.137581,57.521092,1.653700,503.808796,313.156758
R2S2_TRAIN_63B3BF9572FC,4090.756157,392.646239,377.365553,6103.708492,1199.943362,38.437500,4.384635,48.682219,219.973627,52.676464,105.665043,158.341507,25.959943,182.528063,286.733483,180.406446,32.967214,57.971049,1.650000,506.405775,321.694253
R2S2_TRAIN_8A5B4CE2C96D,4041.947301,390.795438,375.136410,8724.834942,1187.543218,40.437500,15.409061,48.427532,217.707664,49.165006,104.863785,154.028792,25.491464,145.348451,278.433809,193.922661,32.086539,57.803961,1.644549,514.612157,321.090380
R2S2_TRAIN_5E34A9EE0654,4275.948846,400.602078,388.843583,12471.381671,1189.202645,42.062500,23.119178,46.510220,216.012161,54.013257,120.207053,174.220310,25.808958,160.842474,288.195899,211.202546,34.349620,57.566725,1.656400,512.358264,321.122592
R2S2_TRAIN_CDB0FD6790B4,4144.237805,395.381950,383.529696,6149.827037,1166.450235,41.662122,7.199871,48.698685,219.987123,51.371454,110.908934,162.280389,25.392629,156.620081,283.202356,207.948024,32.122131,57.492738,1.657741,495.018444,312.013274
R2S2_TRAIN_7C787AF091ED,4091.451418,394.759621,384.867454,3976.467527,1189.205521,39.814683,23.965278,49.312113,219.954694,53.822739,106.770633,160.593372,25.226083,177.604058,278.483928,228.878460,31.402002,57.154559,1.668762,493.521025,308.015617
R2S2_TRAIN_598ECC6BD786,4276.865723,399.629337,385.332143,14882.702308,1195.227643,46.078182,14.382425,47.213402,219.981243,52.694123,112.862242,165.556365,26.755530,168.159231,294.249847,208.120056,34.293520,56.882924,1.669539,534.194426,331.485318
R2S2_TRAIN_02C4C5EDAA2D,4154.580850,398.815203,387.203877,11669.352699,1185.690903,40.812500,12.036475,48.130282,219.966895,48.938536,117.952660,166.891196,25.221286,166.724801,287.932468,204.861630,32.054547,57.295739,1.661977,506.174138,319.591016
R2S2_TRAIN_E081B2F621C6,4156.971198,400.547830,390.501526,10311.217343,1130.714451,41.992748,8.576532,48.626556,219.939225,49.838722,124.012358,173.851080,24.271317,152.476233,285.718779,207.936638,32.878163,57.631533,1.651278,507.636704,315.675857
R2S2_TRAIN_AEF281B02115,4248.093498,397.479309,384.551101,11847.616638,1196.020527,40.125000,14.205693,48.426976,219.990465,54.599399,110.722226,165.321625,25.139999,142.927420,291.735961,223.314529,32.552066,57.377574,1.661371,502.316823,310.808070
R2S2_TRAIN_72E0DD4EF7FB,4218.907611,400.596005,385.254541,10593.246113,1182.079681,39.937500,11.319650,47.312471,219.950364,53.177374,116.783478,169.960852,24.719788,182.122609,287.204752,203.814066,33.328180,56.996849,1.679073,499.125451,318.184880
R2S2_TRAIN_821BFA2580BF,4209.351431,393.558638,386.436267,11125.064276,1185.658199,43.375000,4.930539,48.232339,219.925166,49.824921,109.452501,159.277423,25.945284,146.555858,294.911511,169.599780,34.189980,57.682187,1.644729,490.004020,303.491678
R2S2_TRAIN_102CB0EF037E,3373.611126,383.214804,377.210493,6938.860486,1199.244040,37.058479,27.141560,49.120056,214.962416,54.695507,107.167050,161.862557,24.241728,187.550439,267.692901,237.997691,31.236173,57.546220,1.663242,528.003617,339.864672
R2S2_TRAIN_DABEB36EB8B1,4127.470206,394.276578,379.318331,12499.639210,1185.007949,42.035303,25.215828,47.705736,215.986582,47.221605,117.335875,164.557480,24.462216,178.471266,287.269468,218.784715,34.367351,57.595189,1.646962,522.398042,342.129665
R2S2_TRAIN_F2686EDFBF70,4116.025644,403.285604,390.087345,4581.228972,1184.596036,41.460532,25.313081,49.207502,219.937805,49.461593,121.306575,170.768168,23.239722,197.372874,273.665276,223.800851,31.209759,56.712164,1.684265,506.183096,309.231223
R2S2_TRAIN_E2F9F6E6A09A,4017.214363,391.870709,381.595747,9683.327222,1196.970791,41.062500,14.325087,48.486881,217.932237,48.500375,117.283844,165.784218,25.560026,184.791328,283.774476,226.263440,32.620056,57.572701,1.652860,524.667013,334.637193
R2S2_TRAIN_6FD6DC6168FA,4194.383123,397.758311,390.048984,13138.131647,1185.183491,42.000000,19.614337,48.392768,213.780169,48.725549,118.399677,167.125226,24.606836,146.076838,289.524373,182.202480,34.113868,57.155114,1.666242,517.393023,332.243467
R2S2_TRAIN_5226FBDE0B15,4041.682158,393.561534,385.783510,8694.611299,1175.223985,43.375000,13.943542,48.612340,219.962822,47.601850,116.646397,164.248247,24.340368,184.789553,285.447602,219.166593,33.109389,57.784260,1.648067,509.869083,325.902039
R2S2_TRAIN_CC304F015C1C,4171.557930,392.717084,384.075538,10657.400267,1199.250468,43.184168,13.223157,48.956713,219.995619,56.860809,104.807105,161.667915,25.964252,148.094872,287.994956,205.910786,32.492976,57.190389,1.655708,503.665009,316.246251
R2S2_TRAIN_767BC738A24C,4232.954282,401.356913,389.344343,12300.943510,1144.688172,47.577508,8.249814,48.242361,219.979516,51.150231,115.303947,166.454178,25.409032,197.428069,289.107056,221.127521,31.535442,56.258445,1.672634,503.639417,314.666626
R2S2_TRAIN_4F384F03C19E,4205.763020,397.780409,391.043543,13712.889582,1184.645091,43.062500,19.688801,47.365529,220.002536,47.456963,123.613894,171.070857,25.057733,146.612272,287.087757,204.956735,34.479010,57.325528,1.662166,512.945859,326.490682
R2S2_TRAIN_5B4AFB3606A4,4245.619406,397.764947,387.784394,12513.409847,1200.068947,46.812500,11.029901,48.996306,219.996047,54.193700,109.805458,163.999158,26.480078,122.597553,297.788363,203.020656,35.061378,57.798889,1.654166,491.584091,305.698092
R2S2_TRAIN_E93CDD9CF6A1,4205.607289,396.138355,386.101760,12065.179050,1158.685331,45.844473,11.677589,46.310799,219.955205,51.702385,111.380848,163.083233,26.052038,144.883485,290.960807,192.981010,32.110538,57.459530,1.654923,504.717216,317.604062
R2S2_TRAIN_5AD5C60EB28E,4112.022438,388.971176,379.167213,9061.175947,1200.639907,39.956533,24.205243,49.029016,220.021297,55.476899,93.297665,148.774564,26.020276,136.499182,291.609759,224.471116,34.360808,58.052515,1.648294,517.435382,326.593382
R2S2_TRAIN_ACB8370F51F1,4154.242594,389.699757,361.934059,10433.633390,1186.670247,40.875000,24.752950,48.683740,191.136186,53.037472,106.468926,159.506398,25.518164,161.814675,287.240213,232.718892,33.441215,57.002738,1.668300,515.785950,322.868832
R2S2_TRAIN_2FF1A4C13CE6,4296.378154,399.572786,390.696090,13373.422307,1183.127861,46.960716,8.508057,48.270059,220.005419,56.954648,116.503590,173.458238,25.572685,122.217057,294.112701,179.448578,34.693777,57.559493,1.658900,508.796021,315.236494
R2S2_TRAIN_86A61A8767DB,4179.574342,397.143412,380.105581,12121.319522,1200.695304,40.286477,3.822537,48.056365,219.977102,54.440834,109.441688,163.882522,25.089752,142.942831,291.876326,158.032606,34.463074,57.477100,1.653740,500.710974,315.093948
R2S2_TRAIN_CE38FF7DB547,4161.865513,394.907158,385.675600,13882.573247,1184.480040,41.875000,15.144004,47.251570,219.952554,52.299732,118.432432,170.732164,24.952467,170.514656,286.021668,225.612465,32.721567,57.272704,1.651853,530.638854,318.532978
R2S2_TRAIN_BDDD5656BF41,4005.787913,390.139257,379.277356,8591.383668,1186.476584,45.016506,25.547963,48.440239,215.960795,49.327936,116.945738,166.273675,23.852903,191.706483,262.188823,234.193883,31.376682,57.709879,1.652300,515.963251,324.148791
R2S2_TRAIN_F2FCABD62261,4039.502015,388.013292,385.226780,6721.705327,1183.888058,40.910634,5.547561,49.460358,213.901165,56.746812,111.152540,167.899351,25.025426,134.710939,282.243620,219.406575,32.565960,57.560460,1.656007,499.069149,320.783621
R2S2_TRAIN_BA06292EB33B,4249.081715,395.738570,384.447231,12497.001904,1187.930558,45.750000,9.198009,47.867130,219.994996,56.227786,106.776227,163.004013,25.931368,126.943361,296.841798,205.842931,34.337352,57.559278,1.661604,505.197240,314.127809
R2S2_TRAIN_78137EB242F7,4204.658749,397.412265,384.886293,10097.572691,1199.979314,39.312500,10.238239,49.954062,219.946443,55.363733,115.007771,170.371505,25.688168,129.664132,289.545994,229.282036,34.290799,57.513726,1.662357,494.017936,311.318415
R2S2_TRAIN_DA604BC4AE5D,4268.217693,405.510873,393.695471,14793.105269,1178.886361,45.500000,26.547988,48.874154,219.933653,50.874440,122.388525,173.262965,24.387863,146.547582,285.495096,197.473054,34.949764,57.436407,1.651910,509.011802,319.712590
R2S2_TRAIN_AC1E212C4F68,4214.466160,392.661241,380.688644,9159.282547,1200.645642,41.687757,10.639906,48.210660,219.973023,57.301348,103.810433,161.111781,26.706793,145.254139,288.779834,187.822221,34.332714,57.612947,1.655600,493.073912,313.876301
R2S2_TRAIN_CA8E8A39D3D8,4148.753453,393.102799,385.173757,6275.113526,1199.581229,40.687500,19.287736,48.628464,219.984187,52.618049,116.417085,169.035135,24.811317,171.842953,286.289860,207.391912,32.055206,57.423963,1.653136,507.867372,317.406357
R2S2_TRAIN_ACF4CE15F7AA,4074.602978,393.312634,379.420973,8195.798952,1199.737186,40.360428,23.172025,46.890372,219.962987,55.097489,107.203633,162.301123,25.577957,209.682894,283.540964,257.375422,32.020010,57.152419,1.662300,522.522014,332.708517
R2S2_TRAIN_B10510E2225F,4140.696459,386.465155,372.402267,13744.898891,1185.767871,41.500000,13.114629,46.973303,219.358916,50.571511,107.522795,158.094306,26.060996,163.408341,290.005389,210.868024,34.367159,57.244080,1.664733,508.911732,321.458701
R2S2_TRAIN_7432EEDDB478,4148.872761,388.427011,372.603405,8184.858495,1199.725093,41.875000,11.119100,47.779569,219.955317,46.763695,101.418228,148.181923,26.553573,145.877492,292.996975,210.489889,33.126192,57.634126,1.656016,500.465790,307.939956
R2S2_TRAIN_DAAC92D1D5E1,4253.195459,392.729976,383.160459,11201.046088,1181.897484,42.875000,26.903691,47.487717,219.930819,50.792078,114.676541,165.468619,25.353512,182.800793,290.893854,218.191819,32.831237,56.715486,1.672932,528.980145,337.172196
R2S2_TRAIN_AC55C8D6CDAD,4164.728089,402.570751,383.783027,10103.184724,1176.446231,43.119703,25.213971,48.879368,219.953407,47.851746,112.785160,160.636906,24.818971,191.287183,281.349446,221.290338,32.061206,57.249754,1.679725,508.561824,326.279596
R2S2_TRAIN_55C21FEC92EC,4131.771204,398.347361,389.759982,8953.629171,1199.743123,45.562500,18.539664,49.013592,217.707862,56.670810,105.855170,162.525979,24.843383,153.961319,286.824782,237.747567,34.506319,57.474757,1.653700,497.188626,313.058390
R2S2_TRAIN_C0C8B08EFB44,4225.210304,394.639124,382.287469,9124.434500,1186.316221,41.498659,5.041648,48.468915,219.935472,52.301414,106.960218,159.261632,25.339617,149.478360,289.231898,193.318400,34.324825,57.298337,1.662700,506.886890,325.764115
R2S2_TRAIN_249348B626AA,4168.497004,386.698747,375.860151,11453.676214,1187.482096,39.061505,11.046783,48.218732,219.943726,51.370077,109.576627,160.946703,26.474135,144.188355,291.418912,161.759777,33.936855,57.765760,1.648600,510.869755,323.961614
R2S2_TRAIN_F5D5340E7503,4103.299261,394.623216,378.078832,9753.570432,1181.244493,38.417351,16.133102,47.965294,214.986893,42.849423,117.271006,160.120429,25.261962,160.153031,285.792091,166.772531,31.232755,57.612325,1.650890,509.140975,341.014557
R2S2_TRAIN_071648B3F9D4,4093.541295,382.678813,369.480309,6311.943864,1187.195468,38.665554,23.947593,49.271303,219.927822,54.457061,90.417141,144.874203,26.059247,131.911951,288.258853,221.125973,31.407758,57.791182,1.652379,497.126681,322.889443
R2S2_TRAIN_A9691E334294,4199.168363,398.280819,384.386401,8189.295216,1200.308917,43.567185,18.771827,48.692374,219.988538,56.657029,113.978334,170.635363,25.280023,142.448635,290.301915,195.999185,34.565772,57.658350,1.656818,507.038889,316.416032
R2S2_TRAIN_1CF5CB23AA01,4180.211928,383.293336,375.095487,13028.595012,1186.112305,39.023807,3.708425,46.259884,219.964849,50.750445,104.667361,155.417807,26.252629,145.788001,293.275507,190.906977,33.250480,57.212332,1.668841,514.163517,332.827039
R2S2_TRAIN_C43AE6A1CE37,4134.312148,389.595862,380.648318,9665.236822,1183.557729,41.251909,8.849850,49.436347,219.995312,56.690137,102.210969,158.901107,26.708023,145.753133,290.440116,189.636756,34.292895,57.552581,1.662011,495.079297,313.540500
R2S2_TRAIN_7D3A1561C342,4291.971806,393.073885,380.284694,13780.891584,1186.984862,43.000000,17.010690,48.319152,219.982215,49.509171,107.283929,156.793101,26.826849,126.525212,296.439104,194.301980,34.901064,57.465039,1.656800,498.765481,316.148264
R2S2_TRAIN_050DAB0A1F08,4064.075121,383.937665,374.234674,9737.125910,1199.255450,41.562500,15.088700,49.278494,214.005118,52.478915,97.022095,149.501010,26.977942,153.795100,288.584600,218.107581,32.973739,57.518120,1.657300,494.718111,320.424698
R2S2_TRAIN_E588F5B79B69,4047.744545,388.068553,374.810334,8961.148641,1185.444192,40.918861,5.004674,46.954672,219.957271,50.031318,109.566257,159.597575,26.015929,167.011165,285.981606,162.975315,34.301253,57.536243,1.656298,512.615871,320.730588
R2S2_TRAIN_ED1DCB378174,4100.931236,399.625766,392.554439,10552.117620,1182.483319,39.169532,26.100186,48.366557,215.951909,54.485324,115.714353,170.199677,23.240669,180.815072,272.378322,229.779652,33.466882,57.401239,1.653692,521.981841,331.425382
R2S2_TRAIN_6B114AD42F55,4097.953431,390.059922,377.101454,7111.523397,1200.959383,41.375000,25.307811,48.774288,219.953967,52.374439,104.539951,156.914390,25.935335,158.850919,287.388037,238.770245,34.386276,57.849762,1.643926,501.710471,313.019549
R2S2_TRAIN_6BCCB5E418D1,3975.636014,388.889720,375.887021,13663.298444,1182.714410,37.280526,14.211117,46.232252,201.290183,46.355604,118.285395,164.640999,24.856920,177.897277,274.772085,199.686483,32.730271,56.967339,1.671298,516.227136,335.196875
R2S2_TRAIN_3F80EDB3AEA7,4253.866874,404.022060,390.073045,14616.697546,1185.055663,45.742899,9.159874,47.861392,220.004605,52.669237,119.223702,171.892939,25.665652,128.526341,292.548709,141.558278,34.518482,57.441289,1.659900,511.328648,311.139763
R2S2_TRAIN_880258B11D34,4146.019464,329.277755,370.410227,9971.966021,1186.478549,38.686243,9.336077,47.948446,219.924010,52.664280,105.671685,158.335965,27.187911,139.851820,289.096440,195.523611,34.297952,57.781186,1.647696,509.347005,335.078464
R2S2_TRAIN_0F40EC803CB4,4200.260884,394.710000,389.914527,11752.382093,1185.798168,41.520461,4.379200,48.360657,219.950099,56.641358,110.078467,166.719825,25.310878,162.355589,285.610231,223.763515,32.623846,57.291055,1.662841,513.055896,328.678285
R2S2_TRAIN_38D124B606CF,4167.428786,391.464032,378.868191,10300.434405,1186.053765,41.312500,11.451778,48.036431,214.993476,51.445369,105.604566,157.049935,25.918204,213.601949,286.592746,223.602869,32.583271,56.202766,1.688955,528.232109,336.052033
R2S2_TRAIN_1C17DD45FADE,4151.603816,393.932144,384.015287,10376.320139,1195.096932,39.231199,18.554721,48.001303,219.969750,56.689711,104.834104,161.523816,26.381906,152.509574,287.624261,224.902218,33.128001,57.361026,1.664744,502.263497,310.174461
R2S2_TRAIN_926D499A1270,4094.548907,388.311179,376.483760,12685.117269,1187.778466,40.687500,10.116893,48.772206,217.974830,52.003070,108.733058,160.736128,24.903137,144.851728,280.484056,226.341883,34.572914,57.743560,1.649967,493.263464,307.502862
R2S2_TRAIN_33C88522CE18,4118.643425,361.818337,372.396578,8082.174501,1182.468788,39.483940,20.836587,48.432241,219.939117,48.104171,108.063943,156.168114,25.456463,133.083928,284.898518,172.363395,33.064654,57.703825,1.646879,495.717710,310.239719
R2S2_TRAIN_A6AA53D43A9E,4157.918913,396.821825,387.669091,11369.570658,1184.592819,40.500000,13.400104,47.258514,219.929012,54.890197,119.831490,174.721687,24.715277,224.895289,277.458173,224.654305,33.740841,56.957661,1.689330,516.415260,320.529974
R2S2_TRAIN_450B084AD8C1,4101.924234,397.651420,382.224209,10788.468881,1187.748417,42.759642,4.723654,49.180403,219.937099,54.013703,111.036021,165.049724,24.245189,181.263735,284.864097,221.484878,34.275508,57.496558,1.658900,500.232278,316.316951
R2S2_TRAIN_CB85EBAF28B8,4194.685081,394.678086,382.367429,11079.960881,1184.654581,42.937500,22.619562,48.091830,214.914762,49.409471,113.914467,163.323937,25.305338,156.744390,282.741449,215.998779,34.361327,57.694215,1.650014,519.547820,322.593419
R2S2_TRAIN_EDD37257D85D,4193.102839,397.992075,389.572614,8582.996316,1200.439369,37.371248,26.324355,48.856337,219.994801,51.026778,113.418118,164.444897,25.478302,177.312402,285.787845,214.011812,33.338088,57.515284,1.657797,510.852017,330.446328
R2S2_TRAIN_8B46BECAD708,4205.974905,401.578333,391.776941,13820.304624,1178.151315,46.047089,10.468223,48.232478,220.027652,47.106445,124.943960,172.050405,24.683715,184.629948,282.109096,189.501729,34.993234,57.427959,1.652200,500.390654,312.007042
R2S2_TRAIN_A9DCD2AC75BA,3696.892778,382.097703,369.428416,10898.765974,1185.192733,41.514028,13.938982,46.666997,213.964568,48.940578,105.126127,154.066705,25.134135,180.062588,284.659111,155.283238,32.602298,57.746867,1.653327,514.071978,326.312540
R2S2_TRAIN_8F410689DC9D,4178.367200,396.528789,386.562903,10174.120235,1200.559428,44.468137,25.221421,49.474730,220.000231,56.364076,109.531596,165.895672,25.550655,156.677605,289.244230,231.153452,34.939919,57.313921,1.662100,500.539631,306.825348
R2S2_TRAIN_1B0BA21588A5,4106.355223,395.130169,385.050493,7118.069307,1186.668375,39.937500,12.943752,48.757649,219.979455,49.085435,112.859470,161.944905,25.274431,141.887672,286.868850,229.813114,31.291133,56.337413,1.688219,497.898963,306.550653
R2S2_TRAIN_DB52F9D60E5E,4228.824484,393.508230,381.389521,10239.614139,1181.303651,41.623958,21.128204,48.221495,219.910488,55.743185,108.989432,164.732616,25.647789,158.436353,293.010066,236.731259,32.072642,56.796081,1.691729,514.935234,331.415587
R2S2_TRAIN_93FB2FF71EB0,4226.422855,397.205295,384.387218,14563.389222,1187.672160,41.500000,25.965537,48.521482,217.903907,51.831580,116.448259,168.279839,24.591629,158.229585,289.752342,212.415344,34.494839,57.209337,1.670679,522.772809,336.904184
R2S2_TRAIN_E81D4E4772EA,4267.732537,401.942394,390.927386,14185.223937,1190.880564,45.082559,24.357900,48.380088,219.940863,49.922779,122.075570,171.998350,25.447607,128.947607,293.413920,177.740067,34.509583,57.935368,1.641158,503.640484,324.227152
R2S2_TRAIN_69A43A3B49C0,4090.219589,386.746067,376.928377,8009.576194,1199.767652,42.400536,14.127726,49.192728,219.939255,53.159221,104.810262,157.969483,26.180044,157.910988,286.472767,203.532226,33.198712,57.324563,1.656100,496.023784,314.947404
R2S2_TRAIN_CBF888225BA7,4195.870098,393.617571,373.889816,9848.126193,1190.101276,40.500000,10.035578,49.021535,219.871264,50.032346,110.735351,160.767697,25.567877,165.383146,293.622009,217.612618,30.908501,57.543597,1.653833,505.140831,326.603942
R2S2_TRAIN_F58E68A95CEB,3754.689123,327.477791,318.890332,6078.547359,1182.531348,36.486512,12.208466,47.825872,182.659214,47.577353,98.023493,145.600846,26.385640,162.160127,286.091257,208.435165,30.646452,57.435884,1.658660,531.333021,333.266460
R2S2_TRAIN_C5DE14E769A4,4067.518773,385.566950,376.254642,8183.278188,1187.584009,42.125000,21.738781,49.446066,219.980990,48.431147,106.831598,155.262745,26.036186,153.735794,288.191864,200.075924,34.074461,57.446877,1.667959,501.052489,327.046698
R2S2_TRAIN_F4BEAD634FB9,4165.675629,395.076767,378.950864,12760.987752,1195.265128,41.832582,26.676372,49.511508,219.921174,51.847065,107.781142,159.628206,25.819458,142.711254,288.347944,205.358263,34.481641,57.809317,1.645433,500.467238,307.585966
R2S2_TRAIN_905DCDF6110B,4076.294353,394.881053,388.931732,8416.180530,1200.075095,41.875000,26.247095,49.620967,219.955912,50.517118,119.850469,170.367587,24.873952,175.835948,273.948333,230.817142,34.347916,57.691260,1.651900,496.775923,315.019336
R2S2_TRAIN_80E66AF0BF1A,4204.287003,395.897908,385.497020,13604.828106,1188.607000,42.375000,25.664923,48.669561,219.945078,46.471773,121.544977,168.016750,25.543537,176.458100,289.922736,226.716496,34.198686,57.678942,1.655600,511.710425,326.545987
R2S2_TRAIN_48701FEDE0D7,4198.928628,393.212490,381.924910,12832.421794,1195.779476,42.469039,25.189495,47.875069,217.965348,46.960164,113.829590,160.789754,25.518190,175.328393,291.997456,211.740319,32.980735,56.249300,1.666271,507.852766,319.374946
R2S2_TRAIN_CE71CAF1DFB2,4162.117896,398.367264,382.206553,11390.829802,1183.588604,42.187500,12.828317,48.084688,219.998744,49.680545,118.247526,167.928071,25.156692,141.283870,284.624238,156.729370,34.336818,57.300301,1.659100,503.061817,323.198429
R2S2_TRAIN_61C7ECBC924F,4094.238514,393.976694,384.905098,10335.334631,1186.743363,41.562500,12.451207,48.557028,219.922445,47.757131,119.947093,167.704224,24.781457,183.512214,284.144909,201.161307,32.715702,56.302204,1.694576,508.538673,323.620229
R2S2_TRAIN_9B73571A46B1,3906.247535,392.063008,378.277552,5656.060905,1193.813565,34.376283,24.534920,48.922855,219.945361,58.876955,104.777829,163.654785,25.118355,159.162185,283.139490,234.763112,31.243629,57.277197,1.656400,494.618717,318.603957
R2S2_TRAIN_119D34DED9F0,4224.761409,396.889089,385.050153,12705.478758,1187.358927,45.553048,21.858357,47.874677,215.998232,53.862196,116.340911,170.203107,25.131974,171.467975,292.171687,214.237847,34.415256,57.433690,1.660459,516.115522,326.648188
R2S2_TRAIN_ADB8BB5930FF,4012.786408,386.005931,379.417989,9226.001559,1180.921000,42.108286,27.835962,48.440313,219.919933,45.647811,108.672676,154.320487,24.760253,157.926933,283.797417,216.066902,33.093809,57.505780,1.652100,527.906640,329.071003
R2S2_TRAIN_EED583A42572,3931.892964,393.239004,384.168078,7266.322987,1185.451448,40.486573,21.984326,48.961542,216.959557,49.271448,109.541537,158.812986,25.123721,154.593850,279.044488,197.648746,32.613146,57.692188,1.649150,501.893202,328.769698
R2S2_TRAIN_2C6DB76021BA,4088.136124,395.411155,374.664250,8125.932154,1200.101618,43.104535,24.088607,47.991463,219.957831,55.288354,100.425796,155.714151,25.541300,135.351219,289.435415,220.791206,34.472091,57.600142,1.652472,514.241589,332.742759
R2S2_TRAIN_598D7F9253CD,4265.981991,399.050605,386.973132,13612.811851,1186.888304,43.187500,9.021900,48.515450,219.993684,58.012378,105.599182,163.611560,25.482925,138.357591,293.881433,231.767408,34.258715,56.281464,1.687710,508.345788,322.457013
R2S2_TRAIN_386CFB4B6394,4201.777883,398.665650,390.198838,12257.866479,1199.557405,43.065856,8.411542,47.819298,220.014250,55.628426,106.139179,161.767605,25.858709,158.124773,287.910609,208.974591,34.468021,57.667855,1.650000,499.579825,316.975303
R2S2_TRAIN_BA4510BB637D,4096.163137,393.716385,381.605158,12844.852583,1190.716435,41.000000,25.431992,48.107708,219.936646,55.453125,111.281380,166.734505,25.594888,160.121267,288.434682,216.684577,34.302488,57.990353,1.640953,518.823655,327.466646
R2S2_TRAIN_81B821C75B42,4086.223897,393.556085,382.097667,8346.614350,1184.847627,41.062500,24.482889,48.336673,219.920270,46.098426,119.455150,165.553577,24.512848,199.671965,277.207618,205.780378,32.049808,57.687261,1.648900,514.556919,334.422436
R2S2_TRAIN_5F967F143B3F,4209.148563,392.376602,385.134086,11886.316205,1130.714451,45.875000,8.630875,47.339090,219.951441,49.125766,117.749406,166.875172,24.291863,184.768522,285.130213,171.595528,32.042755,57.531295,1.657810,505.797507,317.980628
R2S2_TRAIN_C24CC357E6FD,4085.838145,397.552548,383.542517,9903.922807,1200.113567,40.576283,25.066482,48.533669,219.964532,53.107968,119.759724,172.867693,25.091226,218.394349,284.148597,224.982681,34.344885,57.683907,1.654418,508.829436,333.663814
R2S2_TRAIN_9AF6051D609F,4205.728015,400.526928,385.806770,13922.967953,1188.390717,43.000000,25.177124,47.717848,220.011290,50.101630,120.511901,170.613531,25.480499,153.940403,292.965381,210.416973,33.126781,57.332315,1.657900,503.509452,328.038058
R2S2_TRAIN_E8406227CDF5,4185.225710,395.651203,384.682540,12224.856144,1200.928889,45.478749,5.767444,48.414452,219.978718,57.596816,100.885761,158.482577,26.053153,130.857878,295.785399,214.219029,34.428112,57.552342,1.649157,496.472228,317.077388
R2S2_TRAIN_DA744717CC89,4116.836548,401.644255,390.166280,10094.261512,1199.663509,38.062500,11.642780,49.459666,219.968679,54.540553,119.549179,174.089732,24.181793,154.307758,285.548893,226.819469,31.061233,56.879032,1.669950,510.984669,315.534910
R2S2_TRAIN_0F1EEA69B690,4284.005725,400.613578,389.902675,13799.200093,1192.947211,45.127920,15.895305,49.272696,220.052575,54.699704,119.728488,174.428191,25.446954,147.937747,290.930590,236.769927,34.523349,57.968379,1.648980,502.571766,319.277998
R2S2_TRAIN_624E93056460,4151.676782,399.512329,387.592634,13817.401867,1199.820092,45.118722,25.170608,47.449042,219.965624,57.202487,117.716365,174.918853,24.713743,158.852536,287.437591,221.344790,34.519657,57.569694,1.660619,517.306912,347.139682
R2S2_TRAIN_3A4C45044BF0,4138.380001,379.183670,372.336480,10015.679382,1185.843506,41.062500,23.915069,47.510231,214.989096,57.257050,102.226886,159.483936,25.681506,148.219107,283.253305,218.864805,32.638756,57.263489,1.658000,513.538647,343.567442
R2S2_TRAIN_7CA9BCCEB182,4163.837573,393.420021,384.118435,4002.259636,1192.604764,42.025760,23.037436,48.720240,219.950325,51.456516,107.390846,158.847361,25.383386,168.812982,281.335004,226.179308,31.209372,57.433761,1.656800,509.931560,326.496148
R2S2_TRAIN_9F22EC78883F,4187.133587,401.764068,385.622008,12166.733647,1184.883116,41.562500,15.655075,48.458061,219.920824,52.946065,118.300151,171.246216,25.401989,167.073690,291.090622,225.198479,33.230456,57.491295,1.650400,511.299815,323.796001
R2S2_TRAIN_EC1D406D3688,4128.499535,388.667957,377.288711,6250.057377,1189.917443,40.234277,6.180941,48.805620,220.031894,57.467497,92.174316,149.641814,26.383911,125.911074,286.637715,224.910064,33.015162,57.415490,1.662500,495.072419,314.156707
R2S2_TRAIN_5EF682D40E69,4224.531089,395.929725,388.139134,8636.243401,1184.295366,38.125000,24.825810,48.566126,217.952483,51.802797,111.660642,163.463439,25.088940,179.368399,284.464219,236.437603,34.261982,57.534813,1.657960,514.217558,329.518328
R2S2_TRAIN_E99A1B546EB6,4284.563905,399.302259,387.271910,14333.074432,1182.182734,46.125000,4.557074,46.730060,219.968865,48.140503,121.150296,169.290800,25.838871,169.318308,296.063449,183.896611,34.271417,56.237761,1.695200,513.234167,315.019656
R2S2_TRAIN_F60311854F44,3800.352213,373.398722,370.401206,8113.779440,1185.147523,37.790139,14.432322,47.885796,219.922901,49.233873,107.214179,156.448052,25.481978,157.998822,285.774343,221.407097,30.646452,57.141127,1.664225,530.769067,337.200080
R2S2_TRAIN_8877E2AD881B,4278.554015,400.709542,385.788070,13362.525888,1186.256948,44.933798,25.715227,48.602679,215.991952,48.447516,121.946024,170.393540,24.543713,158.668071,291.317418,193.933322,34.299535,57.390524,1.662100,503.539530,319.617033
R2S2_TRAIN_F1DEF292D7E2,4189.735958,397.989640,385.301397,12622.586864,1188.041485,40.437500,15.237750,48.321227,219.965016,53.541830,118.162276,171.704106,25.089911,128.526102,291.358175,183.505759,34.257220,57.053466,1.664700,508.509032,325.819511
R2S2_TRAIN_222E37C2D8C0,4214.310386,393.938671,384.673333,11593.936330,1184.906085,44.595291,25.314672,46.526977,214.427070,55.737128,113.842046,169.579174,26.157242,166.650313,289.236527,220.920102,33.058084,57.550848,1.656012,525.636339,336.398428
R2S2_TRAIN_1ECAFB21AF0D,4048.468517,396.763371,382.704358,9522.427669,1183.927291,41.966781,18.606808,48.296093,214.015417,45.667933,118.253084,163.921017,25.435864,198.444946,283.326301,209.540642,34.306516,57.523767,1.657699,509.945483,322.216857
R2S2_TRAIN_B301D32AD764,4251.048439,395.770586,383.007335,13139.836098,1193.954350,38.194759,13.214983,48.746697,220.017213,59.382908,107.439561,166.822469,25.522304,140.228875,289.825535,256.596430,34.461357,57.350125,1.661522,517.999486,327.439929
R2S2_TRAIN_3A14FF6CB8B1,4207.680330,397.959573,384.352932,10050.849781,1185.367440,38.329055,24.526799,48.670939,219.946373,51.837137,113.298582,165.135719,24.924374,176.897909,285.013450,217.408236,32.064960,57.371812,1.667604,512.969538,328.885506
R2S2_TRAIN_D9C4ACE8CADA,4133.242682,383.007661,377.235002,4312.260263,1184.301526,37.043588,23.614810,48.142244,213.972997,49.247173,107.252320,156.499493,25.262405,171.782210,288.318001,232.364154,31.509697,56.789568,1.665532,508.014219,330.735453
R2S2_TRAIN_34F726E9DA43,4159.564118,401.826834,387.521889,10526.909751,1194.246439,41.250000,7.201014,49.039910,219.989910,54.115329,118.756097,172.871426,25.224340,147.137841,286.205520,211.598425,34.374214,57.650242,1.650481,496.009849,310.418197
R2S2_TRAIN_1730BFF8DDC2,3807.917010,381.413600,376.184111,8384.733199,1140.762993,41.417418,11.257096,47.758044,219.948588,50.914404,101.925916,152.840320,25.495162,158.054171,284.329686,202.949590,32.078879,57.277985,1.662300,504.906338,315.275790
R2S2_TRAIN_F5D66ED834AE,3956.145001,383.884004,368.584982,9063.482276,1183.202364,39.054049,11.990560,47.166666,219.933671,46.733177,106.896946,153.630123,25.732055,170.598947,282.886723,216.296586,31.219475,57.092100,1.670037,530.569670,353.964646
R2S2_TRAIN_D2FE9354610A,4162.024328,396.374010,385.220935,12016.616108,1183.324320,39.937500,15.475724,48.153346,219.944780,49.696583,113.216981,162.913564,25.257078,145.857484,286.762993,184.643539,34.510498,57.398282,1.654174,505.496093,321.898318
R2S2_TRAIN_EF83A175A719,4081.217859,382.974131,371.878054,6157.156028,1185.513802,34.653366,11.857959,48.124674,216.297949,49.333762,107.206590,156.540352,25.632227,157.934910,282.084851,230.484835,31.022013,57.671641,1.649903,517.926695,316.479662
R2S2_TRAIN_A7FE5AAC00E6,4087.009514,395.877749,379.953450,12033.852357,1187.026430,39.500000,15.483496,48.690763,219.920071,50.417857,118.768485,169.186341,24.171356,198.596262,273.611907,231.180126,32.034965,57.543766,1.656461,505.175980,341.383116
R2S2_TRAIN_4CA478B2AD95,4145.200357,399.885505,386.841054,11357.467445,1188.214688,35.733028,24.476166,48.713143,219.976606,51.248916,116.188894,167.437810,23.672075,169.459226,267.888144,257.375422,34.522566,57.532961,1.656800,520.937189,322.152612
R2S2_TRAIN_57A11347047E,4047.437779,392.745244,385.376061,8158.947553,1182.727904,39.119338,13.179309,48.492085,219.932884,48.543784,112.697778,161.241562,25.203441,162.396552,269.116629,216.056227,31.540520,57.337696,1.661671,501.831381,314.190821
R2S2_TRAIN_EDA48C70E356,4124.775686,392.907979,373.193612,10439.164977,1185.748858,34.200864,10.985157,47.945001,219.976871,51.098464,107.295938,158.394402,26.035749,146.019966,288.176466,175.708061,31.283592,57.146802,1.667486,491.056463,315.278464
R2S2_TRAIN_F4644640803F,4190.082268,398.126993,390.521658,8760.934812,1187.712886,41.375000,12.659052,49.210774,219.990634,56.076783,114.235324,170.312107,26.027545,149.018047,290.907297,216.588265,34.451934,57.794485,1.649153,493.336884,307.957589
R2S2_TRAIN_74358B18314A,4079.879364,395.922641,382.528094,8133.849570,1185.733842,40.687500,11.850711,49.614774,219.951829,54.525668,112.194479,166.720146,24.568682,135.470003,284.697581,210.663512,31.958119,57.383853,1.665954,504.589315,317.979989
R2S2_TRAIN_89E311330899,4299.756756,400.905243,390.550280,14223.205979,1199.420388,47.635105,7.008933,49.051323,219.963410,56.270096,119.401030,175.671126,25.381276,133.773457,291.328705,205.146811,34.308717,57.433051,1.664671,499.003811,307.960028
R2S2_TRAIN_6AD2F0EE8C7C,4161.184844,384.405261,369.800620,8305.352893,1184.652542,40.937500,14.119166,48.070064,219.937632,49.186126,104.812708,153.998835,26.374120,147.922391,289.273723,214.743778,34.429183,57.628136,1.651043,502.810880,314.200961
R2S2_TRAIN_E5D4260A9696,4098.406653,397.320371,382.772719,12490.412502,1185.993483,41.379351,26.118180,48.603786,219.940027,53.868916,110.503517,164.372433,24.283274,174.724360,275.646254,225.120707,34.290196,57.437263,1.661500,514.717195,325.270201
R2S2_TRAIN_C9BAC91C0949,4123.952766,371.251197,331.151293,8012.572125,1189.835764,37.833370,13.884333,48.199406,219.961055,49.986648,100.055087,150.041735,26.551186,137.056341,286.797069,183.053566,34.350708,57.789659,1.649100,505.457693,319.892590
R2S2_TRAIN_3B4BC51CCF45,4166.050211,393.678373,381.250124,13875.187254,1186.244957,41.875000,6.949382,46.659452,220.022153,48.456846,115.645878,164.102725,26.168459,153.855689,294.091040,190.008762,32.919959,56.829229,1.662666,521.470591,327.289835
R2S2_TRAIN_1DEECF9FDC10,4123.522694,392.583106,387.054422,8634.690610,1184.419354,37.222775,24.943530,48.079458,214.938932,50.303522,113.346176,163.649698,24.567453,173.688041,284.667256,231.741025,31.995853,57.733751,1.650338,514.083702,321.391245
R2S2_TRAIN_ACF02471A385,4242.514725,397.851641,390.874075,9711.610375,1200.556552,38.083077,19.689624,49.212456,219.983208,49.185555,122.132390,171.317945,23.964660,232.412363,291.136289,227.614513,32.047313,57.142931,1.662694,504.612457,321.067893
R2S2_TRAIN_78FA859CE679,4194.114222,391.632563,380.291999,10979.776322,1183.565269,44.937500,14.170848,48.122054,215.919104,49.132537,105.280080,154.412616,26.202735,141.997102,286.704993,222.597337,34.474738,57.138070,1.662101,509.720551,321.223993
R2S2_TRAIN_7AAB4B5D5B42,4208.400277,401.961010,387.031275,13622.734212,1187.317402,38.752077,26.236084,47.372603,219.946935,48.918033,118.971505,167.889537,23.717387,232.412363,282.118296,222.724623,31.521880,57.407709,1.659300,533.826493,332.375737
R2S2_TRAIN_DF8811162CB7,4035.988005,393.616555,382.914371,6360.793522,1184.900961,36.683067,24.732247,46.865237,215.035962,46.609477,120.408695,167.018172,24.282613,232.412363,279.518371,204.808169,31.543022,57.513552,1.662300,514.009846,329.764952
R2S2_TRAIN_58129A17B0CC,4339.297883,397.389600,388.946213,13864.582641,1181.272354,43.937500,10.432755,46.775954,220.031784,49.561223,118.934233,168.495456,25.618903,188.580009,290.212396,222.015505,32.999326,57.091113,1.667400,509.546819,311.847949
R2S2_TRAIN_873068FF2373,4120.786062,392.191055,387.118082,7169.115708,1200.123069,37.735416,7.777640,49.121752,219.986720,51.359552,109.491896,160.851449,25.059673,195.512385,285.956034,248.680626,32.049418,57.734005,1.650097,494.771159,310.648267
R2S2_TRAIN_59A04969B59B,4032.008126,386.580006,380.163258,8701.669545,1195.296853,35.126332,14.900485,49.199456,216.002204,55.168565,101.128849,156.297414,25.285017,209.633099,286.953516,247.195396,31.237662,57.591590,1.652200,502.777222,321.411835
R2S2_TRAIN_0A1F2A0221E5,4156.475936,393.826528,378.667018,11524.246076,1199.527048,38.101167,20.861758,46.969467,219.966114,54.105085,114.707153,168.812238,25.198234,180.102709,289.825706,204.296504,31.534036,57.584680,1.654406,516.299035,344.054194
R2S2_TRAIN_C23F954A3218,4196.487518,398.272311,387.206076,10658.991938,1199.943681,45.433515,24.569382,49.141054,217.983281,55.189490,105.679466,160.868956,25.563035,218.849296,287.329948,248.709557,34.185420,57.567611,1.666816,504.543923,311.413497
R2S2_TRAIN_2940AFF27316,4296.452890,400.162881,386.156470,14637.057017,1189.881482,44.937500,5.145080,48.666017,219.982362,52.289253,112.383332,164.672585,26.801234,164.630733,294.903542,213.051746,34.563822,57.704632,1.651705,507.476012,321.226811
R2S2_TRAIN_5026EF9A2F12,4085.466545,386.902086,380.522224,7382.067406,1200.527130,39.508106,19.321819,49.218553,219.922418,54.127700,109.076670,163.204369,25.689997,149.985877,287.746036,202.780214,31.238399,57.568537,1.653985,511.800039,320.351014
R2S2_TRAIN_A904721641F8,4103.912320,386.548440,374.159969,5286.358999,1189.606105,34.902673,24.921878,49.093001,219.917487,51.442740,109.714188,161.156928,25.529883,159.748579,284.604326,218.890485,32.042960,57.477564,1.662100,519.388753,329.378725
R2S2_TRAIN_73F827D31CE0,3857.398361,386.076629,370.807218,7675.785577,1184.538592,35.233910,14.690481,48.291599,219.902077,47.572826,114.263020,161.835846,25.183006,172.950301,276.929879,238.145630,31.259867,57.649449,1.658933,516.142532,326.548901
R2S2_TRAIN_ABD0DA2156B7,4262.431779,397.538719,385.645753,10587.782344,1184.172561,44.000000,12.314072,48.875460,219.997403,54.105383,108.447573,162.552956,26.276005,165.748840,296.303765,224.709227,34.428206,57.418871,1.658681,491.283989,303.491678
R2S2_TRAIN_768CFD585D8E,4230.005636,399.493415,383.648756,14672.681224,1182.660715,44.963685,14.836077,48.022600,219.918604,51.284978,107.419702,158.704679,25.492032,135.033620,290.884730,176.098510,34.471330,56.142835,1.695200,508.310544,316.204037
R2S2_TRAIN_D2BA60A92E91,4190.222191,400.166767,389.593829,13384.918544,1193.855583,45.005922,26.874580,48.738503,219.974080,57.163103,105.019580,162.182683,25.738753,162.353003,289.225403,242.730166,34.640883,57.968606,1.640953,506.866942,312.052439
R2S2_TRAIN_FD234919ABB8,4250.133431,398.004728,387.243729,11357.370091,1195.530445,42.937500,11.493140,48.708201,219.989913,55.349279,116.083141,171.432420,25.636993,128.750203,293.650008,151.871050,33.193775,57.161314,1.666091,496.462599,311.293759
R2S2_TRAIN_B469BCC10ED2,4143.212027,395.120138,382.870314,10023.440893,1184.147700,42.000000,23.963266,48.963825,219.981904,50.203332,122.573297,172.776629,24.428934,145.829242,283.790859,220.875287,32.134762,57.519864,1.654200,502.995110,315.933077
R2S2_TRAIN_D5052EEEEAD9,4228.991056,399.035734,382.446281,12260.450528,1199.544760,42.206383,10.375540,48.834134,220.009837,54.953221,105.521612,160.474833,26.392223,135.361818,293.721003,214.383303,34.345066,57.268340,1.651900,500.280801,317.911739
R2S2_TRAIN_7E5B0FFB0C45,4157.400390,387.520224,379.673983,11095.542435,1184.386731,42.272538,10.989186,48.875338,219.982785,48.830318,108.698210,157.528528,26.115443,167.195206,282.165928,215.015873,32.485263,56.239923,1.692401,512.526871,328.246110
R2S2_TRAIN_BFDEA6459601,4207.260725,398.193254,383.870923,12688.616199,1187.748900,44.112855,11.028616,47.916421,219.943384,49.636657,119.059453,168.696109,25.054166,176.023631,288.951841,171.948964,34.340750,56.255234,1.665929,514.085003,323.782532
R2S2_TRAIN_948821E6BAE7,4074.232018,398.526166,385.352164,13451.040530,1157.030010,42.062500,14.684433,47.619958,218.038791,46.866541,119.163775,166.030316,24.796608,204.233623,284.950486,222.684744,34.224458,57.036349,1.670106,531.122059,337.796233
R2S2_TRAIN_5B9CAAB277C0,4337.296185,404.420575,391.141692,14853.692089,1181.331646,46.062500,26.244296,46.586230,219.984489,45.837277,125.406092,171.243369,24.775696,145.010244,296.394116,146.020331,34.543678,57.391912,1.663762,533.511076,330.892203
R2S2_TRAIN_76DDFEBB150F,4198.243405,392.735543,381.607842,10310.423011,1183.836208,43.375000,7.119257,48.297274,219.932054,54.606398,107.472991,162.079390,26.267063,133.962532,291.498916,157.998312,33.187526,57.322403,1.666534,500.671353,315.632010
R2S2_TRAIN_140E5C62CB56,4139.682798,385.008924,377.317018,12541.991374,1187.495241,40.625000,6.961979,48.683940,219.973211,49.478594,99.375630,148.854224,26.383049,141.973699,290.201700,203.688324,34.415294,57.682969,1.659677,506.111429,324.441302
R2S2_TRAIN_355D06FA26DB,4213.641475,401.425185,382.113808,13180.031590,1185.608881,46.231197,11.333976,48.246584,219.985900,48.431757,120.349460,168.781218,24.878290,139.690486,294.050612,143.901205,34.456478,57.499042,1.656200,497.790991,309.602449
R2S2_TRAIN_DCA088855B36,4096.840791,394.125268,381.812860,6280.874836,1200.229017,42.062500,14.086120,49.328723,219.959282,55.734454,111.603606,167.338060,25.640209,172.835354,295.015385,207.456218,31.503163,57.673722,1.652100,500.340498,312.197625
R2S2_TRAIN_70B284E5780D,4033.142947,387.042746,379.413374,6269.085177,1184.264886,38.635310,9.418579,48.354733,219.989444,55.031841,101.088800,156.120641,25.820652,151.441547,286.009059,227.373210,31.742770,57.166974,1.659414,501.011342,307.761658
R2S2_TRAIN_43662971D982,4112.996741,396.390417,384.681915,10403.558756,1188.215405,40.517146,13.189325,48.261448,219.950103,49.167569,105.949056,155.116626,25.231490,174.473556,287.470260,209.209958,33.338197,56.336066,1.689089,518.177512,333.682979
R2S2_TRAIN_D94AFB76729F,4070.788033,388.690148,372.779353,4103.447802,1194.105091,35.987416,25.943900,49.112135,219.813066,47.643022,110.195231,157.838253,24.882394,181.058885,278.529960,247.802016,30.646452,57.304743,1.655200,513.698923,331.708721
R2S2_TRAIN_4929C009AD3A,4200.179358,401.990063,389.972609,8302.336917,1186.237808,45.198180,23.037965,48.713355,220.016831,56.749428,110.373800,167.123228,25.110622,142.778410,286.607983,222.857698,32.992374,57.240575,1.659868,497.849928,312.800783
R2S2_TRAIN_B6A1DF964BF6,4230.756869,405.246656,392.732861,12917.988203,1188.349625,40.375000,25.030189,47.714265,220.057861,48.162410,123.987868,172.150278,24.531442,188.488191,285.589552,202.615646,33.306007,57.353563,1.657735,516.058795,323.668418
R2S2_TRAIN_FF4DA916C5A8,4251.382481,401.340117,389.826774,6980.338828,1200.099797,41.562500,10.374176,48.910427,219.972286,51.854669,119.584557,171.439225,24.690820,165.802901,289.528525,229.972619,32.560234,57.176802,1.652024,498.606677,314.795351
R2S2_TRAIN_2EF3E4E53192,4019.758776,393.662584,385.008022,8281.819111,1186.995105,41.562500,11.326614,48.294128,219.931254,52.834063,107.319525,160.153588,25.463837,146.086923,283.037948,186.970980,33.045119,57.037648,1.658873,517.827582,339.006159
R2S2_TRAIN_F4278054B0F4,4159.504542,403.379248,392.948174,13630.191830,1180.864671,47.639688,24.586057,48.813792,220.007447,48.293388,118.690736,166.984124,24.130034,149.394680,283.012842,231.474832,35.030003,57.435851,1.656000,506.351938,307.836270
R2S2_TRAIN_96B039F0D738,4084.170201,391.947832,382.355713,13434.032572,1187.483109,41.312500,24.965172,48.698405,197.229750,50.968947,106.558357,157.527305,25.526913,144.784373,281.374802,176.935677,34.340525,57.845974,1.649251,516.496602,342.130337
R2S2_TRAIN_F413B4183E7F,4016.960690,395.178497,381.970187,11700.849262,1147.252194,39.808461,20.647643,47.733658,208.758419,50.522815,112.914437,163.437252,24.765699,176.352729,269.382204,188.515986,31.123265,57.361456,1.656200,505.768624,318.351046
R2S2_TRAIN_FFC8890AE737,4013.504895,394.362128,382.282697,10330.096806,1189.220023,39.937500,16.781366,47.482823,215.924049,49.608557,117.335626,166.944183,24.073939,179.434860,278.662036,219.311894,31.159364,57.617403,1.651900,512.211253,318.114871
R2S2_TRAIN_A8CE994A0340,4112.547090,399.842537,385.819949,11352.228860,1186.279500,41.687500,25.854735,47.459202,220.023928,48.425580,122.609762,171.035343,24.281878,213.293337,279.883117,215.495340,31.501389,57.277256,1.658000,510.315761,321.975679
R2S2_TRAIN_44A4DEBC2198,4163.983812,401.044505,389.294727,13359.420612,1164.983929,42.885370,12.311483,48.254267,219.939351,54.262186,122.095509,176.357695,23.749574,179.159436,269.691011,203.050093,32.549750,57.227241,1.669682,507.575230,316.490070
R2S2_TRAIN_05B12CCE555A,4112.408935,399.724194,386.625231,10350.240244,1183.836197,40.112148,20.458404,48.462169,219.888162,50.605906,118.155817,168.761723,24.081418,191.582787,274.162912,225.129106,33.202297,57.306079,1.660390,504.496203,317.232771
R2S2_TRAIN_CE4CE6A3AE85,4353.142988,404.446803,393.826861,13806.054101,1182.719038,47.579604,7.826365,48.250963,220.058365,50.353169,119.083806,169.436975,26.242416,136.409027,296.876601,156.944784,35.102170,56.304178,1.673711,497.715682,311.290846
R2S2_TRAIN_3B7EAFEC6DAF,4191.591812,395.133897,380.760955,12445.687331,1182.745373,39.698775,24.168006,47.463065,220.029345,51.429701,110.589101,162.018801,25.770041,156.174467,295.263838,176.040288,34.407719,57.314807,1.661500,518.608123,335.557645
R2S2_TRAIN_81DC8103DACF,4060.559964,394.649467,381.055855,8246.419451,1184.116183,38.569777,12.479574,46.577033,215.999465,45.675762,120.788613,166.464375,24.692371,182.564070,285.743781,222.229126,32.123341,57.418095,1.654000,508.540501,327.351168
R2S2_TRAIN_59289E451A0E,4210.890894,393.526012,383.283639,8438.546570,1200.945105,40.437500,9.898099,48.710352,220.007877,55.872780,106.377953,162.250733,26.142967,136.536337,290.730553,196.359633,34.158302,57.307659,1.666142,501.338092,313.195812
R2S2_TRAIN_B5CF66E09813,4064.340947,386.584142,375.571718,10922.056631,1186.621853,40.000000,24.474281,47.862747,219.958394,54.336588,108.349551,162.686139,25.938531,197.484682,281.855664,228.271834,31.946340,57.889465,1.647248,521.127088,339.793950
R2S2_TRAIN_E63B8FEA0CB6,4148.080282,396.766509,385.416086,11290.235481,1186.121999,41.125000,7.812410,48.125931,219.991404,48.747815,118.350348,167.098163,24.377956,173.665693,282.862409,225.930594,34.310496,57.444940,1.659926,507.258811,322.898161
R2S2_TRAIN_ECE6DCE057D5,4054.872412,387.465433,379.005617,10249.420174,1186.105900,38.591671,13.186837,48.847387,216.006212,49.019800,108.143069,157.162870,25.664856,155.444943,286.258443,226.757713,33.216764,56.186624,1.671474,502.647523,319.057266
R2S2_TRAIN_C69E0B546B07,4054.980252,392.395848,382.492368,13009.109003,1182.733233,40.695952,18.362147,48.254623,218.000437,44.613048,113.514263,158.127311,25.265620,179.687044,287.072983,219.424173,32.022204,57.278146,1.659489,514.090210,326.838199
R2S2_TRAIN_770CDED2D193,4168.274048,392.820156,381.585743,12009.825646,1185.061874,42.687500,20.523630,48.034460,219.958250,47.790504,119.205380,166.995884,24.546647,198.232585,289.499918,240.359634,34.221322,57.673799,1.649100,509.936070,308.575499
R2S2_TRAIN_8029DADDD729,4261.932289,395.285549,384.919400,14116.966845,1182.938863,44.875000,13.508378,47.259031,219.935246,48.994463,111.952571,160.947033,26.137460,137.379508,293.448021,197.339531,34.899809,57.682670,1.653002,514.676676,318.381046
R2S2_TRAIN_34B5F9BC1D40,4073.687304,392.886108,378.342241,12933.032384,1187.760156,41.234510,27.240471,47.996122,219.936245,49.266282,115.416293,164.682575,25.057431,200.925443,283.928451,236.060053,34.526286,57.347498,1.659100,520.928229,330.072353
R2S2_TRAIN_FC6F92C8FDCC,4039.543406,378.334108,372.274009,7910.522554,1186.566282,34.936757,17.750507,48.067686,212.145703,47.899169,104.168514,152.067683,25.402787,196.955782,287.964610,230.473259,31.011206,57.280432,1.668000,506.508646,334.396476
R2S2_TRAIN_168049B44A99,4120.366602,401.838904,392.136997,8781.652106,1194.492752,41.250000,23.576622,49.432664,219.962025,53.460859,119.481986,172.942845,24.429934,160.746699,279.934138,227.209765,31.286602,57.020502,1.671309,509.150605,322.888059
R2S2_TRAIN_5FD02E461BDB,4087.452360,391.243654,377.689009,6361.684349,1200.411300,41.500000,15.781276,48.432329,219.979815,53.406396,105.440594,158.846990,26.020236,133.518963,286.508169,194.936407,34.467748,58.052515,1.640953,501.188343,310.212211
R2S2_TRAIN_6DA3715CD7F5,4158.905777,396.363709,387.042214,8181.052694,1199.299998,40.635584,14.878951,48.941907,219.994439,51.951083,111.104878,163.055960,25.381116,182.472919,285.277763,224.983971,34.282511,57.280867,1.665324,499.692630,333.486781
R2S2_TRAIN_59A97D0D2DBA,4227.242467,387.786090,377.863262,10560.138453,1194.828856,40.937500,13.613504,48.620939,219.967228,55.628932,103.821965,159.450897,26.377134,173.715671,292.052321,190.900028,34.314766,57.531180,1.656176,512.361104,320.865174
R2S2_TRAIN_A716228B362E,4064.066044,393.496631,384.211199,8803.023963,1187.412171,40.375000,14.191581,48.036687,219.975292,50.304458,112.643812,162.948270,24.414290,173.799690,276.763323,237.711472,34.312237,57.509749,1.657500,510.955643,330.338890
R2S2_TRAIN_3B5612156BCD,4180.954778,396.252421,386.367160,11933.802269,1190.575022,40.875000,17.045824,47.943184,220.027796,49.576351,119.701589,169.277941,25.442406,154.323753,286.409894,194.559867,34.352668,57.461023,1.657740,504.862123,333.182397
R2S2_TRAIN_D5369826476C,4068.815591,387.077591,384.184712,6156.793197,1192.487397,37.937500,6.114614,47.873449,219.932388,55.517228,102.608727,158.125955,26.238733,141.130386,287.126145,235.779878,31.172904,57.430641,1.659958,502.747515,319.188330
R2S2_TRAIN_07AC41917AB6,4258.453491,397.444638,385.370792,8770.784046,1201.337068,47.552480,9.324480,49.986100,220.035843,57.717148,107.464274,165.181422,26.222849,130.513338,295.161579,201.562644,34.429201,57.441928,1.655800,491.329218,304.065451
R2S2_TRAIN_67B00274070D,4125.957661,364.593861,352.787053,6099.054097,1196.206629,38.125000,4.741238,48.371972,219.933028,50.164018,94.426171,144.590189,26.382680,148.021632,293.892190,232.921793,31.291046,57.455154,1.652281,491.429209,305.826149
R2S2_TRAIN_0AB78447EBD0,4146.959950,392.556032,383.128347,14280.240817,1185.873393,41.375000,24.422406,47.051727,219.968445,52.173488,107.600655,159.774143,25.637764,122.550139,288.498065,229.517784,34.522983,57.450884,1.655600,508.390895,318.127269
R2S2_TRAIN_751CEDD4C0B9,4178.120534,403.647243,389.104616,8433.197767,1195.658187,34.023251,13.496380,49.986100,220.006061,55.265202,108.386208,163.651410,24.900133,158.662577,289.630126,225.860759,32.114202,57.628975,1.654722,504.955267,321.124859
R2S2_TRAIN_51D128BD1EDC,4182.689212,398.790060,389.461535,10255.507067,1189.475734,41.375000,4.680908,48.361347,220.017983,54.057206,111.874222,165.931429,24.945638,163.615268,282.274326,221.356202,33.319277,57.304331,1.687929,510.495218,314.988475
R2S2_TRAIN_1E1454B3FFFA,4204.352408,387.441885,377.245491,10425.225030,1186.902229,38.602684,24.429658,48.325987,219.957364,48.254870,107.399643,155.654513,25.807016,167.355796,289.650213,224.671410,33.605708,57.165662,1.660774,521.826364,331.447532
R2S2_TRAIN_D2FBA2D291A7,4348.536467,405.510873,394.035291,9777.362425,1186.478814,45.301583,14.330406,49.655946,219.995221,55.135247,121.916291,177.051539,24.133146,132.446953,292.034532,224.616794,34.968471,57.487996,1.650594,496.541377,309.729268
R2S2_TRAIN_47B3601B6152,4124.760123,387.270232,376.146785,6023.953152,1186.428403,36.513341,23.560706,48.564151,214.951679,51.118051,100.370066,151.488117,26.318948,158.685442,289.949209,205.929672,31.195612,57.459799,1.658183,507.317873,315.821584
R2S2_TRAIN_98796649B8CD,4225.722806,396.996378,382.859653,11560.435939,1199.509820,40.125000,13.139279,48.478107,219.976389,54.648191,117.556906,172.205097,25.122963,145.828752,288.539959,218.958669,34.209909,57.090674,1.667340,509.790403,320.777689
R2S2_TRAIN_2E568AEB0329,4312.599321,402.379848,391.797902,13633.644469,1196.772030,45.735674,24.998302,46.061389,220.031654,56.863085,110.372570,167.235655,25.664438,192.575746,292.023903,221.578272,34.331240,57.152848,1.671295,512.467351,318.167059
R2S2_TRAIN_5EAA6CDCD56D,4305.727736,401.717965,389.099723,14807.249161,1195.978690,41.062500,23.636205,46.704542,219.998564,54.290679,117.866065,172.156744,25.674276,149.361473,296.677148,198.984341,34.997119,57.044760,1.668209,518.264408,333.165600
R2S2_TRAIN_77FC4D4BCDAA,4103.051930,385.761457,380.814556,9395.991429,1186.721192,37.831606,26.618477,47.329029,216.967252,47.573478,110.135583,157.709061,25.283136,184.782755,286.695446,198.112690,31.172186,57.306615,1.661416,508.823623,329.493279
R2S2_TRAIN_9EC8D75356A1,4086.651205,382.827553,329.131185,9644.319446,1184.844656,43.162455,15.758701,47.101925,215.956468,47.430714,105.045770,152.476483,26.395843,178.028055,288.421722,172.461057,32.507475,57.049291,1.662200,494.889229,309.967607
R2S2_TRAIN_8F0B0CEEFA75,4122.362308,396.266204,382.074198,6275.653863,1200.143825,41.667915,21.652199,48.905542,218.516290,56.017901,114.870845,170.888746,25.249890,153.109532,288.108146,203.406871,32.792235,57.742190,1.649032,506.585443,313.313966
R2S2_TRAIN_58B24B34137D,4083.681364,386.447560,375.999174,11226.419868,1192.634635,37.044876,26.864206,46.668331,216.061675,49.409774,107.380414,156.790188,25.936630,161.484235,283.802345,225.264140,33.127754,57.240966,1.662207,543.709708,358.650144
R2S2_TRAIN_7075CFA8C2F9,4199.473667,397.610061,387.672037,13435.490402,1184.616290,45.000000,19.447751,47.347156,219.969694,45.706366,120.005703,165.712068,24.567216,189.301469,286.386001,193.398118,34.265145,57.251951,1.660590,519.381499,329.422700
R2S2_TRAIN_34C58341EE78,4167.245549,400.165193,383.068501,8024.933361,1189.027940,39.962792,11.281469,48.537071,217.939607,46.870068,118.728166,165.598234,25.184494,140.425370,284.946844,171.647346,34.167986,57.422992,1.652595,504.243377,322.818127
R2S2_TRAIN_FC914723143B,4148.522410,394.393165,380.921340,10978.731390,1200.291209,40.000000,24.626502,48.080206,219.969051,52.793497,112.142597,164.936094,25.268507,170.213345,282.482886,202.395217,33.629312,57.475245,1.654900,505.476579,319.635016
R2S2_TRAIN_30B3E0732E7E,4147.779152,393.526868,382.208566,14086.313053,1190.362724,41.300772,17.220671,47.669647,219.967107,57.642729,106.560358,164.203087,25.411254,150.274162,287.965116,148.295972,34.347491,57.629176,1.647419,497.944897,318.618399
R2S2_TRAIN_D1973D2E8731,4184.325793,396.410763,385.950229,8281.785287,1187.814062,43.375000,9.955771,47.456642,220.035715,48.767951,118.889769,167.657720,25.669777,167.044751,292.435165,176.351377,32.564389,56.835674,1.664059,513.947187,325.427699
R2S2_TRAIN_1E021ED3015E,4148.260340,397.410460,380.818911,7113.077564,1196.923511,37.727063,9.950994,49.285847,220.010404,56.053669,105.791682,161.845351,25.363163,142.452139,279.611569,213.739506,34.480462,57.768233,1.647672,516.045717,320.793451
R2S2_TRAIN_1E5F5237F29E,4251.854126,393.314727,383.793319,13455.776512,1186.233275,40.125000,24.844233,48.437263,219.920618,47.309192,110.604026,157.913218,26.010262,164.600156,291.893012,174.947907,32.088165,57.683404,1.648600,512.857413,331.804306
R2S2_TRAIN_315E82FE004A,4235.048372,398.648238,383.887086,14475.370373,1187.768870,42.875000,10.722121,45.798740,219.917414,47.237516,119.364007,166.601523,25.574937,141.374189,294.204875,162.995475,34.525464,57.315867,1.663172,507.902092,320.805279
R2S2_TRAIN_6365AEB2C008,4238.953936,401.079524,388.746138,14295.769733,1184.158189,44.062500,13.865659,46.552535,220.006792,46.786644,120.119210,166.905854,25.450709,173.175860,288.552550,182.160223,34.470994,57.092857,1.675630,532.797382,346.031258
R2S2_TRAIN_29A987387B82,4186.499669,399.450171,386.885639,10479.430126,1185.685500,40.719098,15.188119,48.072510,219.962135,54.775416,113.215855,167.991271,25.500865,147.012244,285.751523,183.216841,34.499648,57.561628,1.652200,499.829757,319.972297
R2S2_TRAIN_064CA777FDB3,4100.342431,400.292215,383.792800,14911.733625,1186.514398,41.687500,18.475407,46.418042,213.633640,52.617648,121.194057,173.811705,24.642799,159.072371,281.775649,173.653895,34.340461,57.549567,1.656000,536.529617,336.923487
R2S2_TRAIN_CDF5A7525356,4224.700445,392.042916,379.710641,8755.574370,1200.060144,41.025731,13.020856,48.527843,220.022700,57.951672,106.894337,164.846009,26.209051,123.986763,298.144697,210.460652,32.787942,57.511736,1.659411,497.021270,319.125894
R2S2_TRAIN_E1DF36F3C348,4168.867140,397.611017,386.123229,12248.089458,1186.805650,41.076152,10.546825,47.697296,219.943949,56.129942,108.219932,164.349874,25.404511,142.602963,288.604736,210.817055,34.545418,57.629790,1.653800,507.525500,319.570929
R2S2_TRAIN_A563C8F0E551,4026.650754,370.798512,342.189463,5067.695481,1199.834895,37.995694,9.192298,48.872187,204.396573,55.775472,84.055101,139.830573,26.541385,138.207636,289.269441,203.607424,31.202335,57.523054,1.658141,503.663889,320.324076
R2S2_TRAIN_DC2E7EA2C995,3664.636868,390.080943,383.405851,9023.444464,1183.207880,40.937500,26.238998,47.939658,216.952261,45.686994,110.107815,155.794809,24.210450,176.896073,280.839347,231.106690,34.466033,57.542263,1.654400,521.452916,329.061467
R2S2_TRAIN_983D340E8298,3929.678579,371.253068,375.550512,5066.642467,1187.628717,36.969084,13.360946,47.269933,217.994073,45.648110,110.550785,156.198895,25.942838,138.333519,289.762343,204.992370,31.178321,57.540620,1.654900,509.171035,336.434353
R2S2_TRAIN_48D65F315C18,4266.298771,397.137764,386.043379,13332.140156,1183.742038,45.374063,13.220933,47.050456,219.988445,49.178548,119.130141,168.308689,25.461171,168.195193,292.339402,170.235979,33.999050,57.104790,1.659800,503.612025,317.011828
R2S2_TRAIN_B99693BEF14B,4163.999060,395.810429,381.074588,9292.000391,1178.856846,40.625000,10.896831,48.319309,219.977378,47.665592,105.876937,153.542529,25.607011,194.750480,287.653208,188.278320,31.191772,56.312286,1.659379,512.694840,331.339960
R2S2_TRAIN_12079A30FA48,4244.058742,393.888536,388.660192,12191.035247,1193.610092,43.044429,21.764083,47.786047,219.900545,56.771352,113.009921,169.781273,25.409416,138.660603,293.329383,184.164393,34.476777,57.429857,1.653300,516.542656,325.428254
R2S2_TRAIN_78AD51494EE3,4023.764464,393.851921,388.228039,11114.680339,1185.703129,35.966875,26.379230,48.470215,219.968939,48.538506,113.523152,162.061658,24.435368,172.797375,275.215572,234.245686,32.075373,57.246958,1.660200,521.084348,328.223348
R2S2_TRAIN_145303A8978F,4149.904030,397.894220,386.934448,8530.959740,1200.745375,38.097811,14.633240,48.444828,220.021636,53.676065,116.874929,170.550994,24.864805,164.397198,286.013135,222.054740,34.856952,57.846775,1.647484,514.224807,321.236866
R2S2_TRAIN_F1A9638F1347,4151.681401,393.051327,379.419154,5386.472976,1183.104261,38.353358,7.025032,48.653646,220.006315,55.199365,108.409076,163.608441,26.142772,173.127839,288.574083,231.651243,32.183173,57.377201,1.665811,501.354378,309.103364
R2S2_TRAIN_5DA8B57FFF53,4196.849484,398.621779,386.419523,13521.006971,1186.046436,42.000000,5.629556,48.193164,220.004314,52.824272,119.209682,172.033954,24.700116,151.704402,286.030887,163.934650,34.477180,57.463773,1.652125,498.286739,310.746045
R2S2_TRAIN_4F1BFCCEBF49,3794.798207,380.063720,369.228216,6084.849255,1154.931308,34.142208,19.971943,49.201827,219.863358,45.738521,106.348031,152.086552,25.562885,140.657808,278.578221,198.611256,31.200711,57.588523,1.654305,505.422581,324.782316
R2S2_TRAIN_DEF4E976CE91,4218.949540,392.372209,380.358418,13792.423825,1187.948203,42.437500,6.166403,46.970979,219.978146,55.013745,107.286317,162.300062,26.433063,134.128348,294.798592,159.068266,34.503036,57.381427,1.662500,512.158690,321.540654
R2S2_TRAIN_717C00995247,4175.782379,392.207846,381.673042,10173.517581,1186.766996,39.241962,14.952620,48.495789,220.050607,55.084986,98.652642,153.737629,26.113812,166.688609,286.136105,229.293516,33.120545,57.199917,1.667713,511.496707,321.867908
R2S2_TRAIN_BE8D5E97A318,4206.068820,396.418652,383.573001,6988.707913,1186.766912,42.325496,10.546961,48.939693,219.940420,49.378134,111.710939,161.089073,25.608716,147.292911,287.625496,180.242683,33.956919,57.568352,1.650600,490.926191,306.892667
R2S2_TRAIN_3B35E1546654,3373.611126,392.699327,382.488358,6120.340761,1200.176684,41.062500,24.801568,49.568216,219.887199,51.440299,105.537664,156.977963,24.436795,193.095530,276.611052,248.541452,31.285224,56.930791,1.658900,506.283530,312.803876
R2S2_TRAIN_0B3949DCF805,4077.323742,390.043426,382.438421,8664.763469,1151.148765,33.117343,3.676650,47.310828,206.599891,48.952422,105.842226,154.794648,25.284942,148.379429,279.792455,184.160183,30.802606,56.142835,1.690373,503.242938,325.514405
R2S2_TRAIN_1683900054F5,4204.111153,394.777345,382.690049,12003.590295,1186.263146,43.496372,12.068246,47.351793,215.950079,53.078565,117.340561,170.419126,25.568021,125.719392,289.369245,184.713512,34.440500,57.284000,1.661142,510.897871,327.584217
R2S2_TRAIN_B7866B7C12AE,4277.138320,396.460368,385.111219,14096.106054,1181.192352,46.638876,11.457090,45.798740,219.020059,49.393539,113.955180,163.348719,26.385119,161.812347,298.144697,150.333124,33.754172,56.232633,1.680416,535.274296,341.495149
R2S2_TRAIN_224F7A6E04F4,4100.610865,390.897638,382.017205,12798.460548,1187.661497,42.000000,10.804176,47.911338,219.950643,49.765808,115.393744,165.159552,25.561319,141.424103,283.952251,192.289272,34.416172,57.544274,1.654500,516.292154,323.683002
R2S2_TRAIN_1F2F49BDC2DC,4252.059361,394.486739,382.608036,12617.211558,1194.255304,46.908038,23.838921,48.401118,219.950662,57.115482,106.103490,163.218972,25.607788,163.528709,291.977409,229.876560,34.467201,57.187562,1.653600,505.778915,321.514710
R2S2_TRAIN_B253530172C6,4245.161343,393.974779,381.318089,11936.249647,1184.657837,43.167294,11.270852,47.299905,219.974402,53.334690,103.874987,157.209677,26.673126,132.662216,294.543246,211.977797,34.478084,57.469281,1.656479,502.551589,311.061027
R2S2_TRAIN_658A64B04BAC,4018.015878,395.358186,383.153916,7108.037656,1200.714894,40.562500,24.727141,48.805349,194.871708,51.691173,114.471442,166.162615,24.749406,183.395200,281.177795,227.676312,34.457637,57.340382,1.658000,499.125584,321.664760
R2S2_TRAIN_397D7D4FAA3D,3778.314173,364.399059,376.020997,9795.886382,1187.168940,37.469682,16.969563,47.718336,217.957985,47.183983,110.403641,157.587625,24.610282,168.780147,274.944108,203.898527,31.139056,56.469907,1.667496,521.774624,333.893800
R2S2_TRAIN_5429BEDC9552,4168.907130,392.846838,382.295123,12607.592632,1186.085496,40.000000,12.973516,47.180771,219.976945,48.421386,111.158713,159.580099,26.115061,147.008652,287.421997,157.176584,32.038490,57.565117,1.652400,524.718709,340.911346
R2S2_TRAIN_14BF46E325F8,4193.071024,400.508290,389.571941,14120.345250,1185.115421,43.187500,8.911996,47.948622,219.927867,54.325656,118.274880,172.600536,24.031786,160.698678,287.016108,186.082182,35.050087,57.577386,1.663247,506.896519,329.215203
R2S2_TRAIN_0D5858C1A055,4174.179417,400.461065,389.024908,11321.599091,1199.772662,46.812500,8.117341,49.258188,220.020529,57.828272,113.589250,171.417522,24.166371,146.246839,288.252795,225.170021,34.448545,57.280517,1.661255,504.818095,320.005087
R2S2_TRAIN_84B19E8E73AE,3983.364621,389.734766,379.086410,11191.013937,1185.077242,40.562500,25.533998,47.953593,214.953688,47.256878,116.359822,163.616700,25.415377,187.726353,282.579191,233.742107,33.736054,57.085015,1.688154,526.576768,332.507631
R2S2_TRAIN_2DAC9E7BF43C,4300.773095,400.030104,387.805299,14100.380184,1199.504594,47.636366,21.582578,48.752939,219.948148,57.965572,115.360676,173.326249,25.031025,138.698674,295.676867,215.028386,34.831255,56.983800,1.668659,513.643362,322.280580
R2S2_TRAIN_06CD8B6741DD,3662.359688,385.790893,373.981590,6988.859154,1186.573981,40.660947,25.049624,48.457669,215.225474,48.745947,105.457679,154.203626,24.701380,184.128831,269.498148,214.070111,31.074760,57.701528,1.646829,495.937689,317.012707
R2S2_TRAIN_570C1ED35083,4194.133979,392.927912,376.330344,10352.652939,1185.640040,39.377492,21.231242,46.766101,219.886457,46.736875,112.372953,159.109828,25.258363,171.064799,288.281767,153.942058,31.500321,57.262540,1.666901,506.582005,321.110840
R2S2_TRAIN_69B47548CF91,4080.810620,394.657269,382.202985,8170.342958,1183.910945,36.195138,20.606868,49.022606,219.945691,50.183428,111.930626,162.114054,24.946044,211.929481,277.451834,257.375422,31.617617,56.892316,1.689345,506.948442,321.025844
R2S2_TRAIN_72163BAC0BF1,4164.658181,399.254998,382.526172,10678.907253,1199.424142,43.221783,19.375495,48.671626,219.986280,50.187546,115.160483,165.348029,25.375262,133.662791,288.717718,178.090505,33.998364,57.647769,1.651100,502.554842,309.806801
R2S2_TRAIN_A2EFDBA4D076,4232.559074,401.673328,393.640055,13972.730448,1182.990681,44.555412,21.226709,46.682347,215.922956,49.197865,118.343232,167.541098,24.713579,179.703950,287.990650,225.602211,33.135829,57.432372,1.663652,514.145434,327.515582
R2S2_TRAIN_397AFAD2888F,4079.912016,393.687553,383.388235,9119.455249,1196.348319,40.646901,24.087493,47.862095,219.997458,52.450666,109.639958,162.090625,25.127237,196.984866,283.066253,235.478951,31.155521,57.604031,1.654132,506.612281,325.733508
R2S2_TRAIN_BE3F5AD362B0,4096.386778,388.541007,376.057491,13821.148604,1183.025867,41.875000,27.080826,45.982225,182.659214,44.954726,120.466206,165.420931,24.779804,177.761076,285.923411,203.860884,33.101002,57.151585,1.688895,541.451831,337.600542
R2S2_TRAIN_025028E9C66D,4251.865743,400.334946,382.484243,14103.026529,1184.255049,42.000000,10.230648,46.228265,219.904277,49.762272,117.909877,167.672149,26.282989,149.481301,293.263141,150.440519,32.668774,57.320918,1.656100,510.927543,323.884468
R2S2_TRAIN_EAA69079DC6D,4197.129038,398.600891,385.046208,6260.140676,1199.995914,36.982625,8.466456,48.620953,219.982758,49.797318,108.154904,157.952222,25.413921,145.594031,290.102568,176.553355,33.068081,57.236164,1.661022,513.775930,320.552444
R2S2_TRAIN_B251B1019332,4294.847769,393.847086,382.972002,11609.371202,1187.261069,42.000000,12.322851,46.545142,219.943871,55.075984,114.803657,169.879641,25.976928,159.460126,295.625228,203.140529,31.327439,57.298902,1.690689,513.691243,335.888348
R2S2_TRAIN_17A5B5FD503A,4123.835601,399.321469,386.020348,11314.436218,1186.292121,46.824730,6.768723,49.069062,219.943996,57.419275,108.096640,165.515915,25.154104,156.837377,286.148094,214.744120,34.425736,57.579570,1.652618,491.976089,309.422402
R2S2_TRAIN_546CB422D6E4,3964.862075,389.128844,375.883982,9839.609755,1196.808978,41.437500,6.368137,47.942087,217.936173,51.399910,112.186489,163.586399,25.010025,158.399033,283.342241,219.156314,32.961799,57.617483,1.651000,501.067260,309.055026
R2S2_TRAIN_9FEC4E27E435,4054.413375,391.522343,380.813728,8613.654250,1184.797502,41.311864,27.068822,49.205085,201.109665,53.129769,118.527360,171.657129,24.048078,154.830577,271.080689,226.809737,34.492627,57.459347,1.650181,493.719751,310.105893
R2S2_TRAIN_4EB9B3FADD5A,4347.146052,404.430937,391.326738,14212.276344,1189.518417,43.937500,17.104569,49.075951,219.980917,48.744848,122.759044,171.503892,25.748347,122.887376,295.823635,200.246281,34.933915,57.350513,1.667712,509.227607,321.132656
R2S2_TRAIN_85ECFC517F94,4274.173908,397.153257,384.004493,11780.628502,1200.513001,43.750000,11.163093,48.683361,219.969397,54.578398,102.766760,157.345158,27.187911,141.296700,293.155686,221.522884,34.941202,57.796872,1.654900,498.596627,310.494282
R2S2_TRAIN_E2C074FBBD6A,4069.637448,392.486151,382.469417,10030.673004,1185.379523,41.449070,11.711996,48.430590,215.965536,53.742380,110.604799,164.347179,25.280964,146.401160,289.235945,214.102681,32.737922,57.772950,1.650260,518.274880,330.920594
R2S2_TRAIN_E865CF50C7DE,4074.110526,400.032669,387.980255,13356.979450,1184.694132,45.118409,18.698624,47.843527,219.006620,48.475614,117.214638,165.690252,24.196962,146.490975,281.300891,183.290069,35.045256,57.506294,1.658400,511.474065,317.391355
R2S2_TRAIN_05B82D778E1C,4087.447457,390.047789,375.587432,8476.140479,1186.378411,38.627564,10.931652,48.905888,216.510009,50.326080,106.899010,157.225091,25.314811,184.228713,279.848282,177.670008,32.003288,57.388756,1.657300,516.739818,323.397998
R2S2_TRAIN_A0FE2B8BF6C9,4353.142988,405.434414,394.035291,14579.918072,1186.443610,46.446638,14.098762,47.518049,219.988010,53.603635,125.550017,179.153652,24.396559,142.125627,296.116343,223.507550,34.460309,57.152708,1.664700,502.809556,314.223674
R2S2_TRAIN_515E769E419C,4243.364352,401.454013,388.495761,14522.163986,1185.839112,42.437500,24.838880,48.430498,217.962151,49.082263,123.470549,172.552812,24.183130,177.931214,285.753868,222.944901,32.658328,57.160543,1.660970,515.313943,337.070960
R2S2_TRAIN_6983C65A3DC4,4067.334613,397.163804,380.108491,9090.597000,1194.744051,42.062500,11.164642,48.301108,219.956747,48.958561,121.013976,169.972537,24.696724,177.812890,283.594533,217.407700,32.988885,57.480103,1.652700,506.982990,318.673495
R2S2_TRAIN_C2B4966F79C7,4209.987136,396.154703,384.615206,14674.159154,1185.218268,45.875000,12.937009,46.594313,219.576749,47.612446,118.742204,166.354650,25.878523,136.013009,292.928264,145.941525,34.495655,57.397597,1.657799,506.494331,309.295850
R2S2_TRAIN_864D74FC8FDA,4167.077736,390.810254,377.178780,8259.261086,1175.955346,41.875000,3.816983,49.214582,219.965942,47.099672,107.483154,154.582826,25.337646,154.916381,285.109841,191.824777,33.169769,57.830611,1.642586,502.560190,311.730122
R2S2_TRAIN_EEA353E2B796,4233.160636,389.903981,379.841138,5251.204508,1186.968234,40.125000,14.928645,48.419529,219.956387,49.535826,114.390089,163.925915,26.476801,146.089981,297.409264,214.132488,31.344277,57.194378,1.662738,502.197429,319.722564
R2S2_TRAIN_7622A65DF640,4102.954871,385.323536,375.806387,10494.551510,1184.607125,40.062500,19.676194,48.489020,211.757512,48.059554,107.471685,155.531239,26.526092,160.111754,290.138751,148.510700,34.374693,56.344410,1.664707,516.155034,335.830583
R2S2_TRAIN_011D21896B3C,4144.807070,393.848576,383.883028,12664.797209,1183.820788,44.903520,27.588130,48.831423,219.977138,49.301102,112.549400,161.850503,25.857002,142.837804,289.756867,201.651989,34.456997,57.722011,1.648600,508.421148,315.290633
R2S2_TRAIN_E2786DE1D94A,3676.990397,362.755180,362.598535,6200.775530,1184.510388,28.967188,26.429908,47.558652,182.659214,48.566849,105.821289,154.388137,25.077968,221.860859,274.985679,232.725189,31.972874,57.719827,1.650577,531.161195,330.415269
R2S2_TRAIN_511924E68AFD,4228.867324,394.882006,384.255182,10500.061630,1199.340942,40.250000,10.383930,48.938364,219.964620,48.546860,119.004806,167.551666,24.865963,138.413109,287.961618,178.096808,32.545261,57.753544,1.646507,523.091995,330.232438
R2S2_TRAIN_6C67968F2A9C,4226.048003,390.518849,380.507492,12610.876510,1199.602464,40.987910,14.084207,48.215383,219.912280,49.125428,109.543222,158.668651,26.366601,154.664750,290.690821,181.263745,34.342132,57.280938,1.666400,509.996464,326.875042
R2S2_TRAIN_E51F96E17FE5,4050.547532,375.189680,374.309639,9286.797467,1191.220553,42.933231,23.284617,48.755561,219.942417,56.342090,105.663554,162.005644,26.483225,187.038741,291.571482,226.287369,34.231383,57.633704,1.666659,505.115629,315.416208
R2S2_TRAIN_E0AB1E476357,4157.497632,394.725649,380.041901,9559.302135,1200.700243,42.062500,20.992218,48.565728,219.970948,50.598907,110.920083,161.518990,25.477009,133.284558,289.446419,226.256240,32.751383,57.684515,1.648600,510.358401,323.430384
R2S2_TRAIN_367D228AA360,4144.744646,387.744367,379.072018,10019.138942,1199.593485,39.125000,15.729272,48.521963,219.961069,50.194273,101.593682,151.787955,26.600238,143.706238,291.977923,239.037864,33.262049,57.700737,1.649485,513.605599,322.885095
R2S2_TRAIN_8CE518A06668,4148.583862,393.495556,386.182389,11162.819791,1186.567656,42.486277,21.704124,48.348746,219.928328,50.262973,107.513742,157.776715,25.625774,146.626337,285.522010,222.190606,32.135656,57.410734,1.665714,504.535794,330.490564
R2S2_TRAIN_89F0F3F31F42,4102.859827,389.840614,379.264014,6204.601008,1186.741752,42.549687,20.950914,48.856633,219.947562,53.986921,100.957908,154.944829,26.658109,154.301970,285.524700,203.997359,34.304889,57.471809,1.658600,496.905369,312.031830
R2S2_TRAIN_C325C61AEC89,4240.919412,397.683233,390.326869,13699.778502,1184.087013,45.522038,17.717916,47.500919,215.992087,47.719628,120.589663,168.309291,25.220718,171.663910,292.987570,173.876614,32.908910,56.364180,1.670383,531.105608,339.138688
R2S2_TRAIN_01F771B47F89,4211.704087,401.038294,388.061728,14094.346742,1184.827318,43.821858,26.430438,48.914643,215.502250,49.820095,120.082202,169.902297,24.999139,154.044837,282.487861,231.820279,35.018629,57.576575,1.654900,518.205827,326.751055
R2S2_TRAIN_D1C45321927F,3373.611126,327.477791,318.890332,6339.643331,1185.395921,28.967188,13.851410,47.496405,215.845645,48.870485,100.951031,149.821515,26.546668,192.692284,285.407815,162.672254,31.206644,57.324135,1.660101,516.765025,326.870774
R2S2_TRAIN_02E586E1B0FA,4242.883744,396.973714,385.905440,13543.777104,1184.771858,46.947364,26.065862,47.714354,219.981344,50.076106,121.007232,171.083338,25.808033,162.391325,291.626856,172.825737,34.523274,57.321493,1.659703,506.245078,313.628091
R2S2_TRAIN_83CAA232B8F8,4183.900182,400.914631,388.124284,12155.428210,1187.143021,46.000000,8.663245,48.889181,219.965918,54.605542,119.156188,173.761730,24.926403,151.506293,288.574522,212.103213,34.505708,56.344547,1.671409,497.989841,307.489389
R2S2_TRAIN_1DC76CCE69AC,4231.032690,388.425544,381.275537,9687.168261,1200.577107,37.628506,18.730289,48.381467,219.974579,48.506338,108.006738,156.513076,26.256978,192.865801,293.316719,257.375422,34.163686,57.400977,1.659700,502.838142,325.007035
R2S2_TRAIN_C2137AFAED99,4078.742894,392.646874,375.925538,8872.266749,1185.532401,41.625000,20.342877,48.118526,219.937219,50.117571,110.075989,160.193560,25.098609,169.802399,282.627183,211.206127,34.055545,57.919514,1.648778,513.943293,331.681208
R2S2_TRAIN_2739E990838E,4149.400761,391.802851,376.011251,11156.527595,1194.079437,41.118985,25.872939,47.476200,219.903031,54.429328,110.207703,164.637031,25.011176,187.567590,285.787176,229.750641,32.569852,57.793263,1.644371,507.327705,325.332944
R2S2_TRAIN_E32EB6D05E6E,4203.063646,398.994370,391.940128,10287.080643,1183.090130,42.937500,15.371467,48.106441,219.949580,48.619537,122.780364,171.399901,24.206205,212.662112,284.024350,205.768198,32.100308,57.242101,1.666061,512.607923,322.415489
R2S2_TRAIN_1D7E60902C86,4198.631834,395.676435,387.239955,9447.331107,1184.815922,45.091205,24.339067,46.618685,219.932031,52.402069,118.026433,170.428502,24.929175,161.001179,290.302912,213.905499,31.932524,57.314701,1.661714,505.754028,320.397399
R2S2_TRAIN_FEF8F02B62FD,4200.972095,399.852770,392.173731,10611.731506,1200.293046,44.489337,21.004824,48.350199,219.948589,54.788585,120.177014,174.965599,25.140925,148.182954,292.002965,216.493589,34.360886,57.516896,1.652400,507.335062,319.329080
R2S2_TRAIN_07E2C51C3081,4093.989681,388.887420,377.674709,6493.512389,1187.868847,40.500000,9.179619,49.370058,218.152683,51.391283,103.549807,154.941091,25.568552,151.239387,285.244238,230.822573,34.303581,57.361204,1.660900,498.994478,311.293154
R2S2_TRAIN_40756F7A0B24,4149.166646,393.354095,385.832705,7212.687818,1200.559616,41.232036,14.065255,49.405200,220.036428,57.070283,107.307648,164.377931,25.545930,186.559703,287.050784,243.012360,34.530225,57.559219,1.658734,500.535203,311.888119
R2S2_TRAIN_302D414AA4FA,4076.708905,387.391878,359.602176,9391.765786,1195.136873,41.875000,7.774158,48.838406,219.939663,57.078100,107.832585,164.910685,25.866831,130.766452,284.767434,211.440566,32.153653,57.390854,1.653500,500.496591,315.158225
R2S2_TRAIN_D67032C3CE69,4274.760631,403.121366,391.887311,12102.057774,1181.592155,41.687500,25.035025,48.548189,219.972331,49.774884,119.927109,169.701993,24.500720,147.681966,286.161303,214.014138,33.055539,57.521615,1.666534,526.693268,342.607988
R2S2_TRAIN_9180106A078C,4204.535720,391.898027,375.094636,13315.357394,1183.413046,43.572273,12.783441,47.262774,220.020354,50.631574,105.628991,156.260565,26.565410,155.615436,294.401524,165.866351,34.450715,57.293250,1.664447,512.776463,323.712064
R2S2_TRAIN_28C487207AAD,4090.779557,396.484532,388.305532,9489.321388,1184.940387,40.500000,17.897193,48.364270,219.971477,55.274931,108.927535,164.202466,24.209901,182.843273,280.847561,216.522905,34.436587,57.665170,1.652541,505.862495,321.839631
R2S2_TRAIN_4FB93B8448E5,4216.954778,395.924399,390.607498,9849.902593,1200.142102,40.500000,5.438503,49.801856,219.990278,57.576888,109.115140,166.692029,25.597138,151.608322,285.561380,231.455644,34.379551,57.318456,1.669627,492.241054,311.140892
R2S2_TRAIN_E58B5C1CB229,4231.234816,403.117959,389.053006,12223.041771,1182.139264,46.936525,9.155406,48.420336,220.049381,50.102001,116.239891,166.341892,25.681495,121.248451,291.806970,140.293036,34.246526,57.051686,1.667531,496.363534,311.037001
R2S2_TRAIN_812807CBB452,4275.417013,398.888520,388.099831,9070.289823,1194.671615,44.922135,14.354246,49.035087,220.024797,54.615873,119.039937,173.655810,25.828051,132.982399,292.886506,218.967460,32.595045,57.121782,1.688051,497.398069,312.473688
R2S2_TRAIN_F98E2C27DA5C,4049.931992,392.770538,384.413268,9191.214486,1189.488615,42.557991,14.125847,48.578301,219.976250,52.173633,113.640253,165.813886,24.805285,165.104332,282.552042,219.678068,32.613794,57.556604,1.651000,504.692701,323.266785
R2S2_TRAIN_9943BC1AA1DB,4027.661669,388.543765,378.892170,11122.749836,1183.143994,41.437500,23.361716,48.521036,216.974724,48.417388,102.094769,150.512157,24.998991,164.507503,277.319255,234.484428,32.590789,56.903489,1.689422,513.643745,337.473117
R2S2_TRAIN_5CD836D2C31F,4160.753954,401.043452,389.341635,14550.690624,1146.676777,42.312647,13.950528,47.647571,215.970925,47.096994,118.924260,166.021254,24.352383,159.432055,288.968929,176.695624,33.550574,57.333694,1.664824,518.164341,327.528867
R2S2_TRAIN_A4420071D5A3,4099.467115,393.537042,382.001452,10399.572945,1189.228075,41.375000,22.750257,47.699241,217.550904,47.829088,112.652543,160.481631,24.800739,186.247882,281.797709,190.732403,31.464153,57.327123,1.659826,508.330749,331.497751
R2S2_TRAIN_3FCD48D61C4B,4238.943666,399.916210,388.576594,12668.504064,1195.078460,41.000000,9.502844,48.584243,220.027853,57.559555,106.427023,163.986578,25.833762,145.415963,294.052793,226.133832,34.460277,57.685798,1.646925,503.344896,315.459402
R2S2_TRAIN_14556BAAAB78,4203.742516,395.030882,378.561493,9285.456912,1200.472018,41.875000,15.574293,49.431359,219.950230,50.306413,106.744976,157.051389,25.562200,143.626945,288.729638,216.405492,34.442950,58.052515,1.642036,494.770078,307.916658
R2S2_TRAIN_0973FA508B2E,4236.415176,402.774056,392.024653,6301.933874,1188.760189,46.812500,4.653910,49.983866,220.020477,55.395518,115.333557,170.729075,25.422976,126.545417,287.952957,210.044484,34.402031,57.689943,1.651700,490.004020,303.491678
R2S2_TRAIN_873F6F98CC73,4343.005962,405.510873,393.618210,13142.158940,1200.699724,47.340710,10.552298,49.914026,220.036659,57.211823,123.441615,180.653438,24.235047,149.981977,290.607399,219.605262,34.495047,57.531334,1.657900,498.261874,307.504461
R2S2_TRAIN_4573E3A7A9C0,4324.014617,396.770158,385.939357,10163.676011,1200.884174,42.881029,3.429592,49.254707,220.027845,53.320078,110.063741,163.383819,25.822743,132.421991,293.978924,155.218805,34.349550,57.556740,1.654100,496.754151,315.106165
R2S2_TRAIN_A91C6A0E207D,4272.028532,401.405832,393.571988,14960.192379,1175.836376,46.000000,16.105032,45.975937,219.962096,52.311564,120.261623,172.573187,24.266999,136.575982,287.751921,150.782262,35.054044,57.177324,1.667400,525.597991,337.237532
R2S2_TRAIN_D71E0CADF2E0,4206.039835,391.658978,380.164032,12667.973380,1181.280588,43.562500,21.429586,49.040067,217.971203,47.786190,116.775512,164.561702,25.643996,165.799366,288.801901,185.649917,34.376894,57.730320,1.652700,526.823940,336.429162
R2S2_TRAIN_1137090989E9,4038.076874,383.039625,378.503604,13394.118116,1149.577377,40.150277,20.962028,46.300722,183.681668,42.849423,112.200467,155.049890,25.696479,155.047434,288.133187,142.379462,31.544256,57.622456,1.649600,526.890032,333.695310
R2S2_TRAIN_EA3AFB18FBB4,4084.915921,390.070277,370.507957,7962.109187,1193.467047,39.375000,14.971934,48.790261,217.141440,51.085327,106.500915,157.586242,25.528583,202.728148,288.148259,199.333642,31.506904,57.215843,1.666358,497.231724,325.540410
R2S2_TRAIN_7AE7F62D1339,4347.672232,405.510873,394.035291,10399.299679,1186.385671,45.253545,20.165447,49.139189,220.004802,54.612379,120.384759,174.997138,24.792760,163.854445,293.664883,192.248055,34.506284,57.370056,1.658705,494.175328,309.755274
R2S2_TRAIN_2599BF065076,4102.864928,392.410796,385.246416,8563.540549,1200.298330,41.562500,15.579181,49.690082,216.026411,53.337427,115.544990,168.882418,24.278194,145.118872,281.869878,234.931975,31.515495,57.022704,1.669268,511.498908,321.804390
R2S2_TRAIN_0CFF74BEA392,4129.057101,390.925071,377.870335,6632.957956,1200.871919,42.000000,7.006325,49.291756,220.028989,57.618809,82.073907,139.692716,26.017675,156.097287,289.573262,250.415339,33.809529,57.204352,1.655545,494.783993,310.904546
R2S2_TRAIN_6C95F851E0F9,4058.610222,395.303569,374.055038,6691.934977,1193.415150,38.540707,15.387196,48.558983,218.687393,57.123633,107.546190,164.669823,25.783854,186.369209,285.611422,224.120644,33.558417,57.460882,1.653900,512.367495,328.990110
R2S2_TRAIN_92902CC7D16A,4114.918531,399.178398,385.312063,13959.115008,1155.509321,45.016726,15.591975,46.851199,217.998246,48.288716,119.053200,167.341916,24.386186,168.295865,285.284349,146.142763,34.324764,57.429852,1.660731,522.318855,322.395469
R2S2_TRAIN_C8990E7626F6,4074.193512,394.198139,382.177460,8683.535409,1187.419126,38.951377,24.154733,48.563196,219.931717,50.046749,107.088741,157.135490,25.401490,171.651582,283.859311,236.910537,32.532372,57.096738,1.662903,510.845775,328.438505
R2S2_TRAIN_025357192104,4167.609529,394.829957,383.373189,8183.453696,1200.210219,42.561156,25.042302,49.078326,219.964523,54.648900,112.889300,167.538200,24.874136,151.087556,286.191990,242.432498,34.140461,57.293070,1.659300,495.204983,308.965422
R2S2_TRAIN_39B9A1BC34AF,4192.790406,391.473713,381.831618,13188.133019,1184.708171,41.937500,7.307363,48.742193,219.938636,46.892408,113.920567,160.812975,24.921006,142.419031,286.890877,185.582383,32.638528,57.452327,1.654500,499.696251,310.415066
R2S2_TRAIN_2D5D49438FB7,4192.984097,401.464419,392.902071,9720.336486,1186.308488,41.540732,21.333824,48.386787,219.932294,53.144371,118.883426,172.027797,24.009335,127.521771,286.242108,213.599431,34.471669,56.223304,1.690148,504.240402,321.122088
R2S2_TRAIN_7ECCFA49D23D,4243.903632,404.414168,393.221585,12230.753562,1182.420864,42.875000,7.605601,48.160914,219.975553,48.308104,123.419666,171.727770,23.239722,136.712164,282.365232,187.718917,33.426433,57.392885,1.658581,506.441864,322.272713
R2S2_TRAIN_F42C1F0EF580,3373.611126,365.929802,377.269391,5170.970145,1200.676353,37.252402,7.316976,48.812614,219.932960,58.161080,81.771246,139.932326,25.335556,158.094740,271.929535,218.911123,31.361851,57.701554,1.644184,506.410439,318.772892
R2S2_TRAIN_48EB1BB05170,4228.217464,398.737708,385.644993,11508.059856,1199.400638,42.479213,11.103014,47.766224,219.973721,51.257484,116.439155,167.696639,25.428274,176.573897,285.793863,211.143026,34.292027,57.639568,1.650400,514.232033,321.611584
R2S2_TRAIN_49228052657D,4091.885001,396.977090,389.131978,11918.320556,1187.957889,43.625000,11.344508,48.729234,219.948572,55.869309,112.230698,168.100007,24.755593,148.023815,288.880867,219.713460,34.294624,57.444522,1.655900,499.260865,317.508181
R2S2_TRAIN_A143FED0A628,4077.286287,380.165806,377.742677,9055.289318,1199.634984,41.875000,8.428605,48.410863,219.960690,52.454563,107.167672,159.622234,25.480960,188.880123,287.383655,212.828090,32.727613,57.037270,1.669740,502.334363,317.659286
R2S2_TRAIN_221AD580C308,4294.395730,403.572365,393.772231,11935.496990,1182.475217,41.937500,11.831493,47.284015,220.055966,55.801888,118.155073,173.956961,25.255257,156.510484,292.408779,209.634656,34.459674,57.332760,1.662000,515.839447,319.877975
R2S2_TRAIN_344F5AF5C09E,4266.034766,400.581525,389.912195,11841.307665,1188.632766,42.875000,13.688093,48.777151,220.005742,52.076622,122.237676,174.314298,25.270491,142.413721,294.386291,212.737852,34.829780,57.256511,1.658763,497.939216,310.390523
R2S2_TRAIN_BF7E762F73C4,4080.456873,388.975625,379.394530,10352.989277,1189.201345,40.500000,26.944277,48.156259,219.937955,49.028627,99.918827,148.947454,26.181743,152.855710,285.890791,200.022210,33.468730,57.428463,1.656500,511.857540,333.425709
R2S2_TRAIN_FD87F0E0EC02,3866.017033,391.818641,378.581925,9694.203149,1181.798061,39.062398,10.796537,48.317175,217.914562,50.289447,114.504526,164.793973,24.333836,158.989266,279.546542,188.315111,32.807272,57.543965,1.656287,502.211160,318.674058
R2S2_TRAIN_88C5B7FED610,4121.813719,366.596283,371.311941,8108.443852,1186.798093,37.590528,25.189859,47.028248,197.133294,49.599775,104.736975,154.336750,26.141162,151.685527,290.127599,216.658885,34.520730,57.556122,1.660410,517.369336,340.201517
R2S2_TRAIN_4615A21905F4,4061.403035,382.428550,379.781376,8675.236549,1178.997124,38.753543,9.775515,48.296254,219.937173,50.062172,106.947527,157.009698,25.836351,155.068052,284.910546,222.118355,31.284200,57.112482,1.666202,526.837527,329.097361
R2S2_TRAIN_21BA77177A7B,4050.526221,388.844255,381.822216,6042.492698,1199.291794,37.932704,25.005507,49.087511,215.958994,52.548295,111.103291,163.651586,24.585781,188.606643,277.008765,218.081986,31.281634,57.317146,1.659900,505.728025,321.606306
R2S2_TRAIN_F1F380CDE36A,4236.530030,392.974644,381.145454,12098.582487,1192.579215,41.062500,23.895291,46.965669,219.964904,54.856798,98.670677,153.527475,27.187911,147.631926,295.506703,191.856650,34.176282,56.890388,1.667642,513.569972,341.224904
R2S2_TRAIN_58DBB6994070,4223.781588,389.715882,389.428544,12856.618070,1193.854280,45.876461,26.531657,49.377615,219.939462,53.115900,108.796154,161.912054,25.911798,143.163412,294.642617,216.263505,34.502803,57.521124,1.652877,512.819594,331.571483
R2S2_TRAIN_D7233A9D6D78,4139.358785,392.132970,380.426244,8978.180688,1186.756141,38.125000,14.508097,47.713464,219.908210,54.902712,106.595633,161.498344,25.192282,135.513292,286.570852,183.894575,31.335694,58.052515,1.648818,498.321612,321.155293
R2S2_TRAIN_3A0C19D47788,4154.384461,396.962316,382.424032,13275.354265,1199.503577,42.768222,23.057305,48.138822,219.941464,52.759195,116.355913,169.115108,25.289101,175.321248,289.022687,217.116039,34.937488,57.684777,1.648738,495.194688,314.749625
R2S2_TRAIN_203209066EAF,4024.512195,396.165295,387.283885,10796.093367,1183.822905,42.000000,13.770149,48.534693,216.652066,54.981896,113.626403,168.608298,24.920975,154.381376,281.293369,209.862995,33.328045,57.530758,1.656582,507.287243,317.312653
R2S2_TRAIN_62474EFAE6AB,4237.878427,400.396354,390.850147,14611.973637,1164.642195,42.338517,18.334051,48.095064,219.963626,50.335080,118.239194,168.574274,25.050239,158.410277,289.751117,208.468019,33.367050,57.352157,1.655711,511.471161,325.040642
R2S2_TRAIN_993A65EF6FE1,4144.667048,397.888185,389.197424,13952.054840,1181.948789,44.097462,27.357728,46.313617,214.937836,47.864544,120.019191,167.883735,24.586222,165.495623,288.633856,182.822125,34.056572,57.465204,1.651507,534.423530,337.927409
R2S2_TRAIN_C556A84371A7,3825.430034,383.037878,373.632974,8778.627012,1186.158311,42.375000,24.198351,48.544730,213.003145,47.696855,106.162554,153.859409,24.952994,155.947437,281.567158,185.564537,31.163461,57.660059,1.655400,502.517511,313.841384
R2S2_TRAIN_9CAF9A2A79D6,4128.633297,402.344873,392.182476,10391.131753,1184.937349,42.000000,4.972827,48.296850,219.992294,53.899138,118.497470,172.396608,25.479146,175.987117,287.891267,222.169774,33.240422,57.151214,1.661500,503.421389,316.473826
R2S2_TRAIN_1CC53B56EDBB,4147.701074,390.565002,379.819512,8735.323920,1186.287627,41.000000,10.253741,48.498936,219.966878,48.254276,112.512701,160.766977,25.696146,178.215060,287.859110,183.197341,32.491139,57.105655,1.663908,507.932323,319.374899
R2S2_TRAIN_25410573F43E,4205.929297,401.964201,389.094903,12910.542241,1201.405030,43.022948,12.956920,48.655683,219.962099,56.776667,110.408300,167.184967,24.748947,130.881909,286.479922,228.345676,34.330873,57.568556,1.654771,498.628716,315.714972
R2S2_TRAIN_AD947E6194D1,4112.599346,395.334905,386.196341,8740.938581,1193.818987,39.000000,18.708513,47.630881,218.063121,54.874546,116.767369,171.641915,24.530310,168.548069,288.297579,226.680534,34.460342,57.380376,1.661836,494.742399,321.494494
R2S2_TRAIN_15309A3A8D11,4111.217764,391.151311,381.434453,10202.639709,1188.714940,40.562500,8.249155,49.083506,219.959437,51.868158,104.083233,155.951391,25.749836,180.493233,284.926942,234.264827,32.690118,57.384440,1.656791,492.049389,307.953022
R2S2_TRAIN_A92B2FF81F06,4231.115653,388.311920,382.087634,10564.736149,1196.990253,42.437500,22.875550,47.428299,219.927331,57.456518,106.208195,163.664712,25.982194,149.069545,293.216148,215.160967,34.523079,57.557774,1.654135,513.544785,329.146147
R2S2_TRAIN_0E5514487788,4150.041049,393.933756,384.251732,12424.791460,1186.157963,44.375000,11.373869,47.082169,219.938859,47.604532,117.216347,164.820879,25.056405,128.250883,289.507266,154.952642,33.959293,57.332196,1.657600,509.986040,330.471628
R2S2_TRAIN_BBD20305007E,4353.142988,405.041229,392.873151,14571.408806,1189.673294,47.178257,11.107232,48.144432,219.997990,54.906017,123.180316,178.086333,25.317040,163.672619,293.298436,199.988888,34.889907,57.430020,1.661500,497.644725,307.300996
R2S2_TRAIN_8EDAD7B49E05,4053.367819,398.736127,385.039704,9897.565586,1199.969196,42.000000,24.831965,48.848693,220.027988,54.622485,110.370100,164.992585,24.697938,174.338496,278.283263,245.976306,34.208388,57.689505,1.642562,506.094816,317.376337
R2S2_TRAIN_766B1225FFED,4047.993589,388.647783,381.633996,7248.054594,1200.471393,40.812500,13.090931,48.959771,219.981552,53.246048,107.651224,160.897272,25.165140,154.048727,285.757239,230.621032,31.292452,57.493767,1.658823,509.346018,319.890835
R2S2_TRAIN_8E9A937C9963,3773.094970,381.622844,371.295403,4021.175884,1193.206359,39.937500,26.132966,49.537909,217.993652,52.625822,106.419750,159.045572,25.310160,199.299842,275.635387,257.375422,31.166989,57.487846,1.657000,494.963198,309.052912
R2S2_TRAIN_874C717F22FF,4236.026462,402.832208,387.247285,10789.937742,1199.794150,42.937370,5.548593,49.541516,220.009656,56.425567,109.869249,166.294816,25.940417,141.894884,291.733865,223.328298,31.237731,57.567318,1.652796,495.512541,304.778063
R2S2_TRAIN_39B5AE6C3A90,4059.779734,383.908796,354.193130,6067.894760,1187.315287,38.311042,20.589717,49.314407,217.973469,48.225135,107.540011,155.765146,25.680129,167.567321,284.469705,229.704920,31.454169,57.744625,1.651000,493.652212,309.537627
R2S2_TRAIN_3E6B601D7672,4201.843763,394.463463,382.903401,10152.479606,1200.711575,43.777546,25.076699,49.259596,219.942899,54.111625,106.972441,161.084066,26.384517,142.768732,292.531909,228.255526,34.286834,57.502778,1.651979,496.095572,318.627789
R2S2_TRAIN_E02BEA300EFF,4049.645177,391.814633,379.904001,6981.201683,1199.440980,41.624623,20.537538,49.228323,219.978603,47.427362,116.187500,163.614861,24.714155,180.621103,280.506397,219.221846,34.318781,57.819331,1.648800,500.352970,317.988846
R2S2_TRAIN_E20BD8BF001F,4147.800838,403.451931,393.136660,13714.478424,1187.781753,42.500000,7.369612,48.836096,219.941328,58.461098,112.457116,170.918214,23.618150,144.698985,284.662877,235.714569,33.589224,57.107296,1.661776,510.336827,327.508276
R2S2_TRAIN_79D184DC124B,4270.892436,402.883535,389.189371,7645.339695,1200.402060,47.023335,14.013996,48.350680,219.991566,54.968573,117.828747,172.797320,24.826506,148.988093,286.419497,193.753141,34.273138,57.190198,1.660055,503.940101,314.202849
R2S2_TRAIN_524CE0E53A40,4215.654922,393.250943,385.272795,11507.842116,1186.149804,47.118248,14.407865,48.400247,220.002598,47.106869,116.139670,163.246539,25.726671,148.777940,292.507118,162.901273,34.525296,57.623483,1.648224,507.660512,310.984461
R2S2_TRAIN_F63947E7EBD3,4174.336513,389.795616,371.411923,10763.909986,1199.831045,42.437500,8.386428,49.125511,219.984915,58.795133,81.771246,140.566379,26.152210,151.803633,296.462236,234.023810,34.463592,57.569979,1.659839,495.362936,317.273653
R2S2_TRAIN_6336E2D7E2D2,4308.547788,404.057754,393.128838,13308.472129,1187.887745,45.900458,11.440603,48.491942,219.988567,50.069087,125.092186,175.161273,24.961424,150.721514,291.088574,197.684472,34.439376,57.093192,1.668075,496.544501,309.593924
R2S2_TRAIN_A48F23664841,4038.337405,403.348734,389.116246,13630.285101,1184.463518,40.611224,6.956949,47.749137,215.911196,51.177178,124.720608,175.897785,23.239722,155.516450,262.188823,216.196105,34.217157,57.548269,1.652511,508.376784,324.423519
R2S2_TRAIN_0A1421C4FE16,4170.093092,391.798345,382.001646,12528.659885,1185.080610,42.937500,16.734812,47.757058,219.970326,55.806069,106.643221,162.449290,26.154801,154.772638,289.809303,226.261622,33.212776,57.676873,1.656187,510.479407,336.030370
R2S2_TRAIN_ED9CA703FDF5,4165.802035,399.733463,385.626556,10314.565720,1160.105729,41.454933,23.139761,48.774319,219.960542,50.635621,120.276718,170.912340,24.880831,176.069837,285.910944,213.031906,34.116174,56.305626,1.690060,495.037854,320.195488
R2S2_TRAIN_1489BC82643F,4192.708348,398.716727,387.028930,14399.913682,1183.961606,42.937500,9.995380,48.326256,219.941009,49.116424,115.532905,164.649329,24.564902,154.196016,288.645281,227.079096,34.116949,57.277020,1.656500,506.592234,320.647120
R2S2_TRAIN_5F6B69DA5F77,4240.857790,400.914715,389.224848,11234.554989,1196.981636,44.324132,24.545484,48.062598,219.923383,47.990500,115.524694,163.515195,25.663400,136.607248,289.885787,228.061521,34.468089,57.532794,1.660528,503.608674,319.876173
R2S2_TRAIN_44E53E563140,3692.593425,356.244601,330.242901,6151.370812,1196.020867,39.937500,26.543516,48.746715,182.659214,51.363904,103.349442,154.713346,25.711982,229.735373,283.987669,248.592287,32.544290,56.172378,1.668042,535.349159,351.066379
R2S2_TRAIN_D6C51BED6276,4077.365946,394.695628,381.271850,12856.420016,1186.266550,42.875000,13.252296,47.186875,215.990221,55.172660,108.030996,163.203655,24.980336,180.219860,286.379146,219.358076,34.111927,57.457406,1.661837,495.741926,309.298534
R2S2_TRAIN_9BEAE70D2180,4135.424678,400.031311,390.344436,10398.824861,1187.412109,38.081600,18.994028,48.217173,219.963104,49.252492,119.947682,169.200174,23.599680,161.125084,279.944475,207.402686,34.322701,57.811892,1.652595,513.583082,318.679419
R2S2_TRAIN_6D2880FA3A0E,4203.907242,397.966932,391.164201,12241.584106,1185.801391,42.062500,15.167210,46.857918,219.986706,47.660336,119.429849,167.090185,24.566980,204.815790,285.931141,202.264902,34.305210,57.129219,1.677288,523.552948,353.379817
R2S2_TRAIN_8458EB605B52,4222.280142,395.139539,383.138525,11055.310434,1200.198078,44.125000,15.869823,48.093289,217.933061,56.991526,108.502674,165.494200,25.237299,143.171194,288.394811,203.308909,34.386434,57.578405,1.655900,519.346077,324.548293
R2S2_TRAIN_AF79D0BF92ED,4243.512272,395.102791,380.683331,13367.099476,1193.660887,42.312500,11.209868,47.831442,219.968193,54.273744,107.055792,161.329536,26.439194,139.028986,295.123942,174.648144,34.321821,57.555347,1.655600,498.833801,307.986039
R2S2_TRAIN_CF81F6DA33F0,4072.691478,393.539180,382.017126,6178.343090,1184.828348,36.366770,16.045947,48.627895,219.940809,50.802804,112.326748,163.129552,25.424012,213.353543,287.662847,228.774619,31.540913,57.080335,1.668100,497.075155,320.364350
R2S2_TRAIN_2B4E5175C051,4184.037995,396.413787,385.830503,10720.430451,1186.726235,42.886491,25.260705,46.424610,219.953725,46.825261,113.285851,160.111112,25.262162,232.412363,290.362069,209.912327,34.429266,57.528945,1.658121,521.093401,327.243656
R2S2_TRAIN_87A108CA2888,4194.755875,398.335320,392.030780,11635.468049,1193.667593,41.750000,12.611108,49.155565,217.988832,54.399638,113.112169,167.511807,25.577891,182.325016,291.923564,234.757485,31.552860,57.459349,1.655738,503.999897,317.417024
R2S2_TRAIN_6CCCCA070F4A,4120.580324,386.380125,367.586284,6854.901177,1199.577051,46.095484,17.902417,48.790562,219.968040,48.393563,109.345453,157.739016,26.483420,126.008278,291.339976,220.202732,33.769831,57.875692,1.651000,490.086627,307.801910
R2S2_TRAIN_31CAAAD4BE77,4114.314013,386.712476,381.618704,10545.866499,1192.498059,41.875000,14.357180,47.504313,215.938019,55.238825,108.396510,163.635335,26.254994,122.050159,288.304804,146.045131,34.362905,57.877880,1.649100,515.545432,330.445459
R2S2_TRAIN_B94D91DD87CA,4179.824671,391.349405,377.052609,9121.689140,1182.631532,37.316752,12.580014,47.240967,216.015125,49.254438,107.339718,156.594156,25.990214,155.891594,286.084607,229.327683,31.461857,57.510933,1.649591,502.754714,328.987236
R2S2_TRAIN_CC3603626E05,4194.045300,388.621987,382.253135,13932.634823,1185.356383,47.170684,13.701643,47.448535,219.982935,50.812480,110.204976,161.017457,26.222838,132.551526,293.842115,191.090252,34.531374,57.294853,1.660403,507.591727,329.040268
R2S2_TRAIN_951AC4E89643,4154.664313,398.104985,387.004887,6093.455848,1185.970602,42.062500,13.010503,49.427175,220.016246,51.413456,116.303039,167.716495,25.597149,150.206556,282.502160,219.987072,33.353125,57.409815,1.651100,493.102712,304.667450
R2S2_TRAIN_18FD80262E81,4148.463456,394.460863,383.358094,9699.975459,1192.753887,41.562500,7.031604,49.130613,220.025840,54.665910,111.753522,166.419432,24.724551,168.186666,284.807353,174.997917,34.048114,57.583715,1.655600,497.103858,310.244992
R2S2_TRAIN_B0DBF1E8BE1B,4202.050103,398.245051,384.083732,10218.422590,1199.928737,38.062500,22.503827,49.109687,219.947016,51.288484,109.528217,160.816701,25.310448,150.302426,286.740009,214.991125,33.353067,57.686040,1.650151,499.706131,314.332055
R2S2_TRAIN_6B9A8220C154,4226.416018,402.301344,391.189527,12560.790269,1199.564020,46.284893,20.265219,48.191483,219.960097,48.384502,119.245643,167.630146,24.507875,175.544367,286.735307,196.509666,34.443897,57.442597,1.659500,505.663911,314.298636
R2S2_TRAIN_79A822AAFF68,4193.247362,393.234034,383.201440,6192.497305,1186.381625,39.171739,5.942392,48.434231,219.940242,56.794553,106.073572,162.868125,25.469234,152.492438,284.915031,212.171518,33.974398,57.521719,1.652100,496.410311,317.228948
R2S2_TRAIN_FAC39AE0F863,4243.992305,394.036180,386.006671,11423.322120,1177.641185,43.885257,25.784554,47.028242,216.001365,47.632077,115.768776,163.400853,25.851517,142.868974,294.185046,219.338492,33.128176,56.906046,1.668778,507.985207,320.323637
R2S2_TRAIN_C2E9A08BC96F,3895.992039,379.362970,361.886035,4191.005623,1200.349997,37.148648,6.737493,49.147704,219.947505,51.446080,92.211102,143.657182,26.572346,164.813423,285.594533,218.818522,31.084954,57.756461,1.649014,507.353793,319.546971
R2S2_TRAIN_FABCB43D621C,4236.007254,394.702679,385.148296,6631.049067,1199.786141,42.062500,5.353454,49.531311,220.044333,57.008642,108.755770,165.764412,25.738388,145.878347,284.905215,233.234369,33.235389,56.886377,1.666482,496.918516,315.161140
R2S2_TRAIN_A623AF86EC41,4005.381296,385.007053,370.146224,6883.612164,1199.982939,37.537160,11.739345,49.423094,204.925625,51.700742,105.565746,157.266488,25.400384,168.246007,284.827472,222.712410,31.183148,57.242582,1.658498,497.111143,308.451779
R2S2_TRAIN_581466225AAD,4330.594693,398.816451,390.218907,14503.232860,1178.906149,39.382686,21.020646,48.390551,215.970846,47.772907,122.606223,170.379130,25.226468,154.843374,293.704579,164.428289,34.447712,57.583761,1.651300,509.339786,333.568040
R2S2_TRAIN_1D7620FEAAE1,4215.202567,402.352175,390.392442,9251.092786,1183.236998,43.062500,11.201903,48.406726,219.897286,48.434375,124.279887,172.714263,23.969624,156.519739,283.793632,220.285713,33.185114,57.502694,1.650991,506.905067,314.838310
R2S2_TRAIN_5898CC040D70,4058.112723,392.416766,375.546464,4299.204837,1187.322584,38.945655,11.766443,48.622220,215.943413,54.229638,109.451499,163.681137,25.106310,156.319070,281.751774,207.128494,31.322761,57.580579,1.656990,508.218165,318.584493
R2S2_TRAIN_7551A87F3477,4194.293785,396.143621,383.580230,9088.327247,1186.626316,42.375000,13.934241,48.497422,219.977159,54.439530,114.055917,168.495447,25.282255,186.463654,285.167558,216.071128,34.269269,56.916620,1.690661,510.541667,316.379459
R2S2_TRAIN_BA9C6D553575,4279.505813,401.764477,390.184988,14394.352924,1201.379063,46.223975,7.317122,48.517814,220.007350,59.382908,106.186003,165.568911,25.110126,151.559928,287.556835,225.547319,35.102170,57.719953,1.644113,503.917945,310.185532
R2S2_TRAIN_4B3450FA39DD,4156.074278,402.448012,391.805679,13828.082130,1184.875430,44.757176,9.103885,48.450447,219.985633,50.369178,122.222430,172.591608,25.300397,141.989128,291.029127,184.654721,33.308640,57.366455,1.660330,499.591154,316.184462
R2S2_TRAIN_BB636F6A918A,3861.632814,393.912059,377.499317,8219.792105,1183.290840,37.937500,9.298718,49.061661,219.886007,48.894965,113.923093,162.818058,24.115542,217.857735,262.188823,216.169262,32.964179,57.772340,1.655900,508.104753,311.919215
R2S2_TRAIN_F09BB74FEA0B,4239.868503,397.898814,382.682636,13895.211155,1186.086328,41.937500,12.054498,47.990677,219.988501,52.761662,108.449573,161.211235,25.823183,143.854740,289.876276,168.684893,35.000355,57.703183,1.652191,512.604299,320.129568
R2S2_TRAIN_EA234B91812F,4128.936759,397.907105,382.701217,12904.673215,1200.729044,44.323201,23.872526,48.947158,216.972951,51.107000,116.583260,167.690260,25.095942,134.575257,290.928313,221.433407,34.430729,57.420833,1.657729,501.817170,321.065054
R2S2_TRAIN_E9BA46ABE35D,3923.460281,390.462123,380.834554,4013.204502,1193.690575,38.475161,16.905488,48.691283,219.991567,53.626086,106.486453,160.112539,24.201863,223.598090,273.874178,232.682014,31.297007,57.142200,1.668253,511.324691,321.563232
R2S2_TRAIN_9A128D26A7E5,4217.251077,396.861899,384.422029,9814.912688,1185.809449,41.212301,3.367278,49.355761,220.015584,59.382908,103.802295,163.185203,25.848010,134.425635,290.549020,235.956826,34.415235,57.465688,1.657968,492.177944,307.049729
R2S2_TRAIN_63608281A9AA,4119.758921,394.044403,382.433938,12492.540466,1186.745062,42.125000,23.771214,48.508323,219.956893,48.978926,117.121113,166.100039,25.152051,168.150512,287.483992,215.763651,34.293275,57.293514,1.668885,493.968053,310.272414
R2S2_TRAIN_C29E00AE2514,4175.077434,399.462452,388.094601,13710.836786,1199.930730,41.312500,4.418752,47.409581,220.024566,52.843844,114.191676,167.035521,25.594049,168.027217,290.530620,206.167251,34.502571,57.380992,1.664826,508.817901,335.942293
R2S2_TRAIN_824140540E1D,4101.651018,394.392557,378.471286,11790.957932,1188.174315,40.125000,14.134857,47.182351,219.955079,54.192085,102.109590,156.301674,26.101935,153.785569,285.729045,218.857953,31.392083,57.450286,1.653813,507.413667,328.045424
R2S2_TRAIN_42AE07D7F7A3,4252.287547,396.507166,384.136068,12992.293879,1184.902618,42.500000,3.862974,48.206054,219.935755,53.887747,113.658853,167.546599,25.286865,129.975003,291.696822,174.498246,34.272722,57.088650,1.663185,493.702168,307.380348
R2S2_TRAIN_C26557886E9A,4147.886114,392.238867,384.003090,13902.888930,1184.860207,40.375000,25.833942,45.798740,216.001579,42.849423,118.045508,160.894931,26.146438,166.764273,291.257355,170.148381,32.773081,57.484760,1.656000,533.778774,340.597453
R2S2_TRAIN_6222E9552203,4034.479528,393.837171,382.673510,8123.088774,1186.706049,40.707834,9.119892,49.986100,219.961394,54.930444,106.564130,161.494575,24.712487,191.909574,275.035265,222.847546,34.166448,57.498693,1.655681,507.394563,312.040460
R2S2_TRAIN_529C2652B83D,4058.936940,390.309396,372.030353,8587.381788,1186.591139,35.111098,6.405996,48.334748,219.925510,53.246253,102.586893,155.833146,25.528240,158.896332,280.223408,246.510758,31.151020,57.336425,1.662800,497.217987,324.335245
R2S2_TRAIN_D2E93E013831,4334.513993,403.270293,392.682678,12528.508253,1200.745003,46.135307,25.036164,48.086706,220.001700,57.429991,120.376052,177.806043,25.755337,229.490081,287.952373,227.796255,34.440593,57.642589,1.653600,518.767010,331.451693
R2S2_TRAIN_087A0101CC58,4072.893660,391.729122,381.357438,11234.298287,1184.389428,40.312500,25.018210,48.412994,217.971042,50.123609,114.459030,164.582639,25.006143,220.635311,285.400796,221.997164,32.596475,57.548105,1.651900,530.465766,327.424139
R2S2_TRAIN_55646898C1A5,4174.636621,393.235019,382.756801,11236.726591,1181.291884,42.937500,16.095540,46.921057,219.930563,47.938365,116.708477,164.646842,25.338576,156.542584,288.496460,214.197089,33.300330,57.750337,1.647986,495.549511,323.243946
R2S2_TRAIN_DC6B131CFC84,4080.460213,394.763403,380.711513,11483.795364,1184.436147,40.812500,13.857258,47.959545,213.498077,46.567026,111.465142,158.032168,25.112453,145.278450,289.680248,178.734520,33.382638,57.369437,1.657128,512.155634,317.430892
R2S2_TRAIN_E6C6C5F34553,4231.680710,385.082834,379.794085,10394.960481,1188.943765,41.000000,21.458615,48.225406,214.947569,51.628905,112.095062,163.723966,25.405335,139.753146,291.255016,221.520570,34.297178,57.529163,1.656790,510.610342,329.427093
R2S2_TRAIN_C187C520C788,4338.761945,405.510873,392.827378,13606.546143,1181.613346,41.875000,19.040188,48.243824,219.946342,54.292798,122.491322,176.784119,24.505993,142.558298,292.203610,152.249817,34.962009,56.339911,1.674633,518.169200,324.785898
R2S2_TRAIN_10399B9DE429,4025.760154,381.297918,370.326365,13176.105416,1181.178056,36.171838,25.665984,48.201660,215.981118,45.603552,110.097232,155.700783,25.139724,166.612342,286.329019,194.992907,32.609744,57.423250,1.659500,531.292979,358.650144
R2S2_TRAIN_28AFDE91F00D,4176.872991,392.872387,384.268994,10119.058737,1185.855305,42.125000,25.188921,48.612522,219.978725,48.722839,102.964940,151.687779,25.751402,162.200844,287.290026,225.310550,34.385540,57.697312,1.648154,523.293590,331.694722
R2S2_TRAIN_5FE54264767B,4263.751445,399.933206,389.137914,11717.310997,1185.703565,43.819700,17.131029,46.602914,219.039186,48.096095,121.685602,169.781697,25.073852,177.791489,283.048038,189.826908,33.253782,57.192335,1.669301,514.086548,329.002777
R2S2_TRAIN_82045DB2EFF2,4191.378175,392.859894,380.613306,9998.786851,1185.686016,42.250000,9.474083,49.213354,219.939434,53.584564,106.666432,160.250996,25.754951,129.565448,285.343814,151.720724,33.168503,57.579675,1.651300,498.079315,310.467834
R2S2_TRAIN_B70136D5AF68,4133.893229,397.478709,388.058662,10370.265521,1200.438525,41.000000,27.762490,48.157297,219.999692,48.857480,116.962520,165.820000,24.538350,203.777721,285.101575,223.672542,34.518205,57.511647,1.654500,531.587214,341.879696
R2S2_TRAIN_B4BEED87BD71,3396.089061,360.809791,335.621162,4158.817450,1199.759293,40.375000,7.051227,48.943433,220.019499,50.720172,104.089977,154.810148,26.230417,147.273064,287.382617,189.163441,32.057465,57.814523,1.650000,497.453430,315.348266
R2S2_TRAIN_52BBADAB7A2B,4126.203146,371.074512,367.790461,8018.928894,1182.829514,30.509889,20.247638,46.208683,215.014500,44.648578,107.729052,152.377630,26.388003,193.767948,290.323635,160.208858,31.297650,57.124208,1.657881,529.397878,341.106213
R2S2_TRAIN_BCCE404D0DCD,4095.470659,383.601447,380.131345,8124.054156,1188.619226,38.492663,15.549295,47.967095,219.933048,54.408302,95.772165,150.180468,25.833542,133.345340,280.851217,175.298046,34.426766,57.600863,1.651900,503.187714,318.689869
R2S2_TRAIN_6C372FF20AB0,4126.809697,400.199775,387.715678,10566.382146,1188.065561,41.519639,19.375628,48.673553,220.001563,52.632523,119.673355,172.305879,24.906897,141.351766,287.939535,235.412849,34.498952,57.515139,1.649014,505.747818,322.781072
R2S2_TRAIN_65E71A9C53E0,4180.992426,392.174573,379.409912,9081.994269,1199.859780,41.500000,12.324906,49.023546,219.948662,49.987606,107.200982,157.188587,25.721703,193.497792,287.533224,204.995164,32.413147,57.480485,1.655900,509.318881,329.514324
R2S2_TRAIN_EC7DCE1C1822,4092.479672,397.210393,384.132390,11594.124594,1186.827200,40.062500,25.104124,47.317447,217.950839,46.186627,120.302121,166.488748,25.261404,151.381155,286.709943,221.162193,31.184898,57.580172,1.650667,509.723426,320.293252
R2S2_TRAIN_158079BBC82D,3929.415559,391.542706,384.482530,5136.590006,1187.501341,37.108401,20.788407,48.716789,219.964477,49.541546,113.556236,163.097782,24.252688,180.997781,270.397485,229.420093,31.178120,57.170255,1.671567,504.558213,318.410372
R2S2_TRAIN_8328FDEB4BC6,4092.143130,388.812968,374.567577,10272.209256,1179.002540,37.293121,14.376348,47.150385,217.986849,46.524199,112.966082,159.490281,26.042056,176.906935,288.177260,187.431088,32.739525,57.474551,1.660200,511.819345,321.661291
R2S2_TRAIN_7219A15DBAD7,4302.509713,398.435463,385.713788,11896.012623,1184.709027,41.497047,3.367278,47.453630,220.024455,47.751952,122.776624,170.528576,25.262742,137.207422,291.847310,184.973748,34.351228,57.007765,1.669093,495.795859,308.236215
R2S2_TRAIN_6C9E2D2A0591,4127.613399,398.459312,386.839482,8273.615861,1196.776920,38.936147,12.564308,48.344699,220.002753,46.956157,120.233226,167.189383,24.646313,143.810479,290.301952,201.908501,31.230882,57.389319,1.655000,508.397914,314.662807
R2S2_TRAIN_FCB24554DF59,4225.185865,398.376841,391.299537,11083.180676,1185.789871,39.142949,5.073960,47.308496,218.044416,57.417643,117.989005,175.406648,24.351412,150.884517,292.453865,232.926310,34.408449,57.321748,1.665679,494.750920,319.153108
R2S2_TRAIN_A22AEC320F22,4143.689509,397.677398,384.795782,9393.356706,1187.927832,41.500000,4.049273,48.747938,215.980163,54.661406,108.648864,163.310269,25.262931,175.107188,274.369271,218.656407,34.474269,57.744644,1.643976,509.455353,321.076265
R2S2_TRAIN_118433565931,4077.561180,392.981093,380.431557,9418.758112,1187.769024,41.817680,6.972388,49.086777,219.922492,53.875986,109.285400,163.161386,25.424808,132.320704,284.599652,190.165901,32.110875,57.430372,1.657600,495.665262,309.035753
R2S2_TRAIN_FC98B715FC91,4054.930981,391.190834,377.984948,9671.485951,1186.921451,38.073967,15.174048,46.562990,219.919876,48.593993,116.402030,164.996024,24.948492,158.985756,283.975315,185.959627,31.227819,56.310547,1.667417,517.254461,333.396235
R2S2_TRAIN_5A7CB9D2B259,4198.635168,391.202394,384.842111,10388.596743,1195.092137,45.415483,10.501301,48.845011,219.935135,50.585884,107.026010,157.611893,26.260385,161.547267,291.158474,189.521906,32.577740,57.282322,1.657873,500.306356,314.847509
R2S2_TRAIN_A5246A85775D,4275.394130,404.306284,392.948856,14587.064554,1200.260262,46.347258,27.714033,48.026090,220.030276,54.224745,119.721615,173.946360,25.168684,181.896477,292.438425,222.626061,34.587842,57.314204,1.651493,528.276393,345.352249
R2S2_TRAIN_E1DDE1515F85,3960.506842,393.561654,383.790336,10692.635745,1182.843167,41.562500,22.905167,49.091542,219.975864,47.874168,111.753404,159.627572,24.834682,159.444585,284.762677,239.153518,34.245713,57.501072,1.657600,507.599403,330.618868
R2S2_TRAIN_61ECA0C4A3FD,4114.510396,390.179073,379.635490,9589.644628,1186.081987,41.687500,24.537898,48.451042,219.929465,53.141995,103.930270,157.072265,25.610953,140.409442,288.770209,223.451291,34.423047,57.559106,1.653900,504.741740,321.229047
R2S2_TRAIN_8E1532E6AE40,4004.475693,382.293413,370.555490,7991.452191,1184.109501,40.500000,25.587698,47.679736,219.972266,47.060709,109.389380,156.450089,25.405994,232.412363,277.243769,218.740916,31.214699,57.326273,1.662509,541.553179,347.455736
R2S2_TRAIN_EB2C93FBA1DA,4103.669249,393.844546,385.370260,6303.295082,1200.475483,39.694064,19.657464,49.218535,219.895734,56.153489,104.956221,161.109710,25.204029,207.486799,280.088607,245.445990,31.420111,57.484569,1.653900,502.000560,320.736076
R2S2_TRAIN_AAED83E569FE,4185.202127,401.147968,390.415002,10546.869289,1183.896884,42.437500,11.508089,48.950396,215.941620,55.200655,107.225083,162.425738,25.102943,144.799392,288.396380,219.007121,33.865730,57.335081,1.659300,490.300029,308.962894
R2S2_TRAIN_5D21C2257C1B,4239.420152,402.406195,392.343438,14615.264961,1185.718237,41.176798,11.312585,46.903799,219.987981,48.235796,121.137082,169.372877,24.500776,189.464295,285.576080,197.603792,31.594610,56.852607,1.690584,509.795459,337.010292
R2S2_TRAIN_9FA43A215A98,4265.584995,400.792581,391.742009,14946.902902,1183.300744,44.470577,14.528024,47.817991,219.966676,49.471744,121.091603,170.563347,24.426170,159.270545,289.540823,186.070703,34.440299,56.346467,1.670643,511.347181,323.427735
R2S2_TRAIN_27E684B65845,4198.869055,388.672530,385.894938,8267.486930,1194.270994,42.437500,4.173929,48.593288,220.025979,55.887282,108.327538,164.214819,25.970178,140.197022,292.037733,177.633800,32.685000,57.718631,1.648854,496.452685,309.252680
R2S2_TRAIN_94EE5D51B42E,4001.688892,346.136363,370.351694,8251.008944,1194.508978,28.967188,27.380816,49.095123,215.767488,54.681686,100.766134,155.447820,25.582736,185.467310,273.602233,245.699788,34.401704,57.955858,1.644722,506.919875,321.904922
R2S2_TRAIN_E642E735E86E,4273.347246,396.646728,384.973064,14299.703325,1192.094774,41.687500,9.587415,48.348880,220.012681,46.024160,109.463886,155.488046,25.442568,150.133061,292.669777,192.088357,34.458582,57.355474,1.656800,521.383226,323.937983
R2S2_TRAIN_10F8914777B0,4058.797244,399.157706,385.867208,8272.093731,1185.553651,42.072256,25.453349,47.398716,219.925405,52.212377,117.897756,170.110133,23.894761,216.159821,284.908375,242.448000,32.712127,57.889829,1.650106,507.131525,329.206837
R2S2_TRAIN_4CB6CEF2175C,4230.551949,393.933810,387.819726,7693.823393,1195.035617,41.062500,5.918779,48.178230,219.965736,50.979789,117.037871,168.017659,25.682821,178.702190,293.669296,237.890512,34.225640,57.484941,1.656500,518.488925,330.744776
R2S2_TRAIN_E34A682E03BC,4055.943279,374.217500,378.692218,7207.645685,1183.029920,42.312500,13.690135,48.338968,219.945991,47.770334,117.508462,165.278797,25.635869,187.278332,285.937516,215.440678,30.951942,57.323388,1.662040,507.905579,317.158973
R2S2_TRAIN_4F7480EB9926,4217.151670,398.194371,385.997348,10798.197013,1192.412969,42.437500,11.500862,48.941928,219.969195,52.552853,109.033762,161.586615,25.693080,123.891926,293.236628,223.946449,34.354441,57.418828,1.659650,495.269310,314.504059
R2S2_TRAIN_830B20993A4C,4150.167011,391.103410,375.580277,12920.922486,1183.858731,40.625000,13.042031,47.320900,195.195992,49.031758,107.498231,156.529989,25.267720,151.618609,285.932880,162.916953,34.294833,57.029905,1.664572,520.967038,323.528967
R2S2_TRAIN_52E30F9B2AB8,4061.929911,395.931405,386.816011,12797.407536,1183.023137,40.500000,27.835962,47.344786,219.955973,46.031778,117.679662,163.711441,24.636340,154.035292,283.656514,221.035072,34.275387,57.463826,1.653800,523.028492,318.568129
R2S2_TRAIN_9EEF449B3EF5,4043.911803,392.352713,381.955505,10274.135950,1162.167704,40.301862,24.178100,48.620889,219.937005,47.839709,116.239871,164.079580,24.895711,158.146425,285.211846,195.744417,34.330714,57.240728,1.660493,510.714543,319.771500
R2S2_TRAIN_A3094D68841E,4217.870084,402.362819,389.989860,12746.469838,1190.864651,44.375000,20.671141,48.773682,216.012690,54.225377,118.554123,172.779500,25.854151,162.912899,288.104179,199.635147,34.299293,57.280733,1.660634,505.773022,319.857421
R2S2_TRAIN_2F306DAFD103,4052.845189,395.292378,379.817726,11145.046957,1184.212775,40.937500,25.399265,49.208408,219.959262,48.360108,116.687888,165.047995,24.566262,181.168210,278.033585,225.223119,33.752388,57.466907,1.659461,511.808556,319.188287
R2S2_TRAIN_DC3DA7323926,4209.294768,401.615170,391.293590,9163.409068,1200.667987,46.716071,26.354990,49.501625,220.016801,58.389496,116.777334,175.166830,25.325766,121.663633,289.063665,211.151935,34.886997,57.821808,1.642911,491.466333,310.982868
R2S2_TRAIN_0707B1450F88,4063.224962,380.653532,376.422559,8253.178470,1188.021029,40.500000,21.376594,49.247897,219.966250,46.578176,107.798817,154.376993,25.723211,157.225831,286.848707,208.266984,32.089071,57.687837,1.651587,496.059873,311.463021
R2S2_TRAIN_5581D5305648,4184.023293,393.480467,381.619462,11440.676478,1191.445747,41.375000,16.084238,48.145587,219.940879,54.530670,106.489701,161.020372,26.419051,131.436600,290.514018,222.373385,34.886542,58.043883,1.642607,509.605480,321.555265
R2S2_TRAIN_4090A092A682,4023.397775,396.252101,378.439992,8126.233077,1200.228129,40.000000,10.514716,47.805172,219.948405,50.911376,108.199263,159.110639,24.977788,159.782469,282.775798,214.433441,31.608630,57.454462,1.654495,515.033223,318.499690
R2S2_TRAIN_7CC7D65DD3C1,4105.741657,394.892175,383.351096,11480.686168,1187.847039,43.000000,26.040878,49.084843,209.809163,50.531951,115.298866,165.830817,25.314304,151.057776,282.200038,196.938427,34.329219,57.328351,1.654400,502.151280,314.692216
R2S2_TRAIN_54BEEC113DF1,4099.080839,391.015632,379.639056,8207.922057,1188.032902,38.622633,25.988888,47.343900,219.925069,57.141898,108.929761,166.071659,24.933624,232.412363,284.634413,219.444179,31.992744,57.277334,1.663261,530.575250,334.898665
R2S2_TRAIN_4B49E98295DF,4197.266446,397.061875,384.008251,14306.985515,1185.600891,42.437500,7.745404,48.552367,219.984604,52.154430,110.256837,162.411267,25.345252,146.176741,285.286579,187.201582,34.999660,56.892192,1.671350,498.824041,317.906940
R2S2_TRAIN_54195C590512,4198.254165,398.683510,387.184171,12264.388524,1185.721602,43.937500,18.637305,49.019046,219.923902,49.616028,121.001449,170.617477,25.205019,150.650036,287.160733,199.852797,33.234391,57.558684,1.655700,496.890064,313.300564
R2S2_TRAIN_CB74CFE5CF38,4242.013684,384.730576,379.253730,13079.920952,1184.654351,42.937500,24.796104,47.210529,216.016552,49.136120,107.382110,156.518230,26.574302,162.463537,290.949443,156.759494,34.288885,57.110295,1.665951,512.815370,326.387340
R2S2_TRAIN_572626CF7C14,4084.712425,383.502562,377.329868,6165.253949,1188.127626,39.292158,8.227664,49.276229,216.032754,48.052518,107.478376,155.530894,25.689328,137.909839,282.469979,170.719204,31.496890,57.646424,1.652376,494.611590,313.686441
R2S2_TRAIN_B422FC958763,4218.603337,398.740568,382.376225,11463.589875,1181.169655,44.565704,8.244025,48.149425,219.936333,48.614441,116.134635,164.749076,25.982438,140.801143,290.980134,199.010363,32.599759,57.525782,1.656100,500.332526,315.931640
R2S2_TRAIN_0562E97E5984,4194.340955,400.029751,385.478079,13197.054323,1199.369841,42.875000,25.422358,47.799762,216.889651,47.724481,118.989442,166.713923,26.068342,144.936999,294.204301,214.555302,34.294668,56.882069,1.660845,512.419887,329.495512
R2S2_TRAIN_29BD86E77503,4177.782876,393.567929,386.717144,12995.143235,1185.374709,41.896616,10.222943,48.246945,219.962345,50.646079,116.854753,167.500831,24.942366,142.689131,285.942026,216.917131,34.468796,57.126798,1.662000,511.705247,320.812370
R2S2_TRAIN_41FDCD4EA935,4200.297292,394.370062,379.203153,10462.838513,1188.391494,40.062500,25.052580,48.239153,215.999910,48.765333,110.306531,159.071865,25.427340,151.453774,292.276671,236.198219,34.093950,57.429631,1.658787,515.199002,335.402862
R2S2_TRAIN_45975F07FDCB,3373.611126,350.130460,370.269741,4329.741187,1183.699956,38.201378,23.891668,48.416410,219.964575,52.666729,83.271095,135.937824,25.834406,146.770487,284.122995,210.798148,31.055035,57.659578,1.653600,508.329557,320.066123
R2S2_TRAIN_BF5E8B1D596F,4167.636340,397.159495,386.300776,8939.682875,1187.043241,41.437500,8.677614,48.747702,219.918722,54.614647,113.711293,168.325940,24.030546,146.844140,282.586917,219.935652,32.666277,57.268872,1.668888,502.760196,311.860268
R2S2_TRAIN_03464BB92D95,4251.999748,401.438313,382.522948,13986.151573,1187.083055,43.752968,13.986500,47.072017,219.957387,49.741985,118.180906,167.922892,25.764576,169.071219,294.986247,219.756473,33.185790,57.061423,1.666351,514.742302,321.586386
R2S2_TRAIN_16C145084F57,4232.919564,394.752330,385.154640,10817.834335,1183.830122,41.250000,26.132154,48.071889,219.953528,47.978042,117.262546,165.240588,25.209481,180.362605,286.035741,217.620487,34.308405,57.350619,1.653758,509.468777,316.996587
R2S2_TRAIN_C9EBE6DD5187,4096.227331,392.245843,381.116253,8637.578161,1185.010805,41.125000,25.677662,49.019222,214.937368,47.321148,108.478606,155.799754,26.049362,195.736426,284.634775,226.625708,31.506820,57.267714,1.655400,506.677255,328.812545
R2S2_TRAIN_E0A98992228F,4198.615959,391.423725,376.048638,9291.021386,1185.210647,37.891348,23.081221,47.780826,196.239441,54.634319,104.853458,159.487778,25.182682,162.422972,286.868379,201.017322,33.182204,57.061111,1.682555,515.542121,337.876983
R2S2_TRAIN_FD5CE6504100,4241.445048,400.507751,391.499661,14009.510111,1185.162773,40.312500,10.508484,47.101897,219.907143,54.905442,116.079652,170.985094,25.005446,185.407788,284.096872,213.732018,34.408018,57.626390,1.654579,505.151200,319.898601
R2S2_TRAIN_FEC7B5F7580C,3681.009620,384.577399,377.362958,3990.900514,1188.388046,36.029702,15.729602,49.143210,219.910404,50.600521,106.579516,157.180036,24.831245,172.811666,262.188823,222.588740,31.172186,57.809575,1.645258,490.019445,307.990347
R2S2_TRAIN_6ECE6297F188,4226.310438,395.574053,387.711298,13985.909168,1165.693673,43.479931,11.163884,47.131068,219.981246,52.667851,119.424827,172.092678,25.024464,174.630652,281.649357,215.220035,34.570203,57.832022,1.645141,496.929850,321.196098
R2S2_TRAIN_E1F13CD650A0,4194.441725,395.627503,388.095767,9096.624466,1186.042020,39.875000,3.869328,47.991653,219.933794,55.968681,111.229814,167.198495,25.572995,140.740114,289.884760,226.002956,33.118113,57.720465,1.652000,496.675025,312.619551
R2S2_TRAIN_056EA0C63F42,4200.699830,379.205530,380.688345,10189.182263,1198.452167,42.875000,14.852953,48.746531,217.890969,57.523844,100.680577,158.204421,25.553672,153.800239,287.937673,244.542614,34.500500,57.559833,1.650600,515.495645,323.730693
R2S2_TRAIN_652A4E1DB7EF,4159.932677,394.014355,380.091766,13457.236267,1199.325268,42.437500,14.436304,47.768832,219.968534,52.369271,108.292357,160.661628,25.812116,180.604667,290.331525,186.225950,34.872289,57.390200,1.654800,504.993581,327.438824
R2S2_TRAIN_D04600DE3F03,4047.269917,395.296448,386.800499,8682.815827,1196.104741,39.358942,25.852616,48.645366,219.953375,56.445072,114.871464,171.316536,24.024593,219.283463,262.188823,223.596292,31.998495,57.555941,1.654800,505.746276,314.996864
R2S2_TRAIN_96CDD69A3437,4086.161421,389.600072,376.267459,8670.047586,1192.609660,40.125000,10.248374,48.376360,219.966873,46.395296,116.979078,163.374374,25.490559,195.785004,285.603449,169.916226,33.314762,57.735273,1.654337,507.297413,320.956302
R2S2_TRAIN_9F9C583D41A9,4243.294365,394.359482,381.976422,11999.244942,1184.303738,43.064034,9.132143,48.560987,219.949846,54.406641,109.906683,164.313323,26.454473,128.063769,293.504055,214.967682,33.762616,57.250277,1.664700,494.418378,309.407237
R2S2_TRAIN_D7A9EBDBF864,4204.170790,394.995183,380.165777,11553.746437,1187.310379,41.937500,7.794002,47.419108,219.966048,58.022788,103.960465,161.983253,25.720294,145.593060,289.633969,187.521804,33.175630,57.258030,1.660727,509.959024,328.748983
R2S2_TRAIN_FB22AA0CF289,4220.987396,404.034954,391.652280,14711.979939,1185.168319,44.546560,18.534467,46.062721,219.957667,48.437320,123.502193,171.939513,24.160139,162.385358,288.095117,179.285412,34.459171,56.331212,1.691713,519.615816,341.958302
R2S2_TRAIN_0296303B1A94,4247.905653,395.960211,382.300901,13903.609243,1184.255653,46.815462,8.921395,46.528663,219.940686,46.487320,118.631190,165.118510,25.888949,161.063813,288.830676,151.433385,33.306665,57.391927,1.660856,515.001255,334.794549
R2S2_TRAIN_413343B34A82,4136.818111,383.940476,372.597301,10220.744372,1199.437586,36.280703,22.305796,47.415898,214.966799,48.165973,105.380609,153.546582,25.737877,156.181946,290.102894,170.536746,33.057316,57.809276,1.649138,525.451893,324.633497
R2S2_TRAIN_9694C9A09132,4249.553744,402.443175,391.913271,12737.524358,1180.838321,40.562500,7.250918,49.160523,217.960959,48.183469,122.673119,170.856589,24.207613,173.092712,287.728107,214.148252,31.963676,56.996696,1.687431,520.424480,323.073533
R2S2_TRAIN_BDA6B817A62B,3986.700092,393.817973,382.440120,9003.538445,1199.386837,35.915932,14.915938,47.900122,220.020334,51.288493,110.350964,161.639456,24.565507,224.702922,282.416420,257.375422,30.646452,57.635396,1.655800,518.370258,343.575493
R2S2_TRAIN_9C1564007964,3958.672561,399.501731,387.174330,10085.388417,1185.881366,40.986301,16.564447,49.271176,219.941789,50.466333,110.929924,161.396257,24.926689,169.133173,278.515549,238.163902,32.620168,57.426091,1.665045,503.236416,308.355609
R2S2_TRAIN_8088C42F19EB,4195.296284,387.243834,378.478051,10190.202528,1190.730318,40.937500,13.443687,48.638770,219.895554,55.082570,105.203707,160.286277,26.536267,184.189606,289.805620,227.907493,33.115574,57.368314,1.661092,499.712751,325.216367
R2S2_TRAIN_EFCF4B9EE6D3,4064.393258,391.179036,379.462394,9237.453102,1200.742719,42.437500,14.098207,48.607888,216.303009,53.932847,109.045580,162.978427,25.567473,152.396146,287.436276,167.581919,34.302246,57.861357,1.640953,499.444968,318.525657
R2S2_TRAIN_6A2597BC2EED,4280.411248,402.600386,388.625640,11446.619179,1186.559371,40.875000,13.870449,48.248756,220.013057,47.284727,121.004770,168.289497,25.464665,145.611165,292.751486,194.602747,34.426153,57.243824,1.662000,509.900191,330.527357
R2S2_TRAIN_65605AB64286,4266.158894,403.469404,391.185941,14139.000362,1185.674180,45.529642,25.578940,46.411334,219.962110,44.187905,122.014453,166.202358,24.967235,144.262722,291.715801,208.603080,35.102170,57.487658,1.656704,526.990719,327.089430
R2S2_TRAIN_65BE08DC13BB,4151.132551,395.542442,390.443377,5164.994366,1185.623373,41.062500,6.618974,49.606937,219.972280,54.638498,116.755119,171.393617,25.178095,181.226189,281.817740,220.844211,31.174505,57.585114,1.654311,494.739047,313.281071
R2S2_TRAIN_1EA4211F2D36,4121.437717,399.062223,389.326191,13856.361228,1184.372032,44.687292,24.921891,46.781074,214.274089,44.660357,125.550017,170.210374,23.942436,185.605220,282.415140,223.720446,34.244750,57.280352,1.658300,518.556813,336.079235
R2S2_TRAIN_5CC532DEBC89,4243.299348,388.631206,383.895964,12730.238899,1199.457757,40.625000,7.350975,48.315021,220.000050,56.567574,106.197619,162.765193,26.035687,148.045338,291.950067,201.958156,34.388176,57.323213,1.656871,505.085213,334.971962
R2S2_TRAIN_5FEA890E07A3,3792.136114,384.757911,367.944281,6203.802846,1186.254582,37.160085,25.433596,47.955718,219.957751,54.763397,103.163629,157.927026,25.615599,188.272249,281.416576,220.883117,31.369279,57.193375,1.664703,515.375825,331.174471
R2S2_TRAIN_4B5EE4AE8F95,3957.706836,383.923771,379.399828,9163.775825,1187.541319,37.348951,24.865019,46.981237,219.972991,51.066347,106.938349,158.004696,25.000021,154.551528,281.176654,192.356755,32.989561,57.444638,1.649059,514.162259,328.444444
R2S2_TRAIN_01FA76C2F75C,4219.424234,401.035806,386.290438,14960.192379,1186.512152,46.020740,23.550541,47.928568,217.327179,46.847465,119.124743,165.972209,25.258526,151.770793,288.915151,197.680244,34.479804,57.780810,1.651087,524.579037,328.092835
R2S2_TRAIN_2B59E82C64AA,4019.812542,383.390358,370.701374,6253.198017,1194.074621,38.437500,5.812039,48.437790,219.942377,52.781263,103.820947,156.602210,25.920987,165.968567,285.216424,222.752638,31.393602,57.554901,1.656479,505.533440,315.808704
R2S2_TRAIN_8AD5E99EF485,4112.584252,396.604477,383.519161,9138.328654,1187.364318,44.000000,25.592647,48.858460,219.994844,48.160467,109.526069,157.686536,25.621172,126.108397,284.596393,179.136176,32.051534,57.755534,1.644552,504.492454,318.838117
R2S2_TRAIN_5CBE52319663,4151.579339,393.389861,387.000177,12718.154122,1186.410805,41.875000,12.341067,47.957545,219.930985,57.519076,105.079527,162.598603,25.543463,145.149671,287.697123,224.622871,34.422344,57.628817,1.651900,509.838952,321.363559
R2S2_TRAIN_2ED4AAD2A9C7,4138.689191,393.526659,386.010297,8200.257232,1199.879620,41.937500,14.000229,48.251195,220.047085,52.130729,112.495233,164.625962,25.674351,151.064277,287.332808,202.050795,33.183694,57.710382,1.650600,503.395699,316.821737
R2S2_TRAIN_3353CC59C374,4221.841454,386.406815,374.334498,10207.265121,1185.871709,42.062500,12.963632,49.065941,219.996622,48.224190,108.571318,156.795508,26.477287,167.693538,288.127416,194.535073,31.319270,57.289899,1.665912,504.910774,319.595980
R2S2_TRAIN_B7B234E9A7EB,4144.992592,391.895150,380.825085,6206.202312,1189.730413,38.937260,9.872689,48.135836,219.971583,56.125292,105.374551,161.499843,25.656812,171.611147,284.530117,245.224851,32.008863,57.635355,1.658148,497.615039,311.175634
R2S2_TRAIN_337067CEE044,4184.179337,402.234797,388.352648,11968.315707,1200.419056,41.625000,25.767599,47.911718,219.965720,56.927461,105.149494,162.076955,25.446663,153.818297,290.147906,231.357450,34.969182,57.755313,1.646626,517.416298,318.591165
R2S2_TRAIN_29D0B31323A6,4174.560540,400.359401,387.021272,11347.379522,1186.269504,40.775145,5.797073,49.164520,219.955379,54.175110,118.039397,172.214507,25.331200,183.827023,289.176039,214.910882,32.983030,56.211291,1.695200,500.504999,311.702115
R2S2_TRAIN_45F33E89F9B5,4237.545898,402.560757,390.313371,9724.605625,1185.291639,45.062500,11.091091,49.244956,220.027200,55.851490,115.069069,170.920559,24.137302,142.988712,288.658680,194.636505,34.304820,56.986667,1.676612,493.358336,304.774036
R2S2_TRAIN_C0F75B9CF12A,4083.968087,390.846099,380.647239,9453.261071,1187.735404,43.069463,12.357019,48.475107,182.659214,52.479885,110.417957,162.897842,26.183194,145.792199,292.705839,201.944421,34.469560,57.462611,1.653247,513.199962,327.471506
R2S2_TRAIN_C75B5FF2F11A,4133.297955,384.755631,350.663024,9289.878170,1187.472155,43.883059,17.173891,48.706441,215.991652,47.169468,110.988749,158.158217,25.999599,134.202601,287.527451,218.257555,31.486391,57.348599,1.652700,498.877188,316.143749
R2S2_TRAIN_699ED9328CA5,4285.527853,395.495092,385.355178,10636.289221,1199.525199,45.750000,23.975721,48.327241,219.991448,54.380042,112.144391,166.524433,26.088481,145.827258,290.573118,204.924038,34.561218,57.164431,1.666502,523.324535,323.988180
R2S2_TRAIN_041A64F8BFE8,4002.228997,393.882563,379.855019,11998.109046,1185.304736,36.512412,24.157226,46.236353,215.965674,52.703124,107.201292,159.904417,24.281022,160.932517,276.532001,193.657790,31.618730,57.757042,1.653173,532.281854,358.650144
R2S2_TRAIN_B48E149ADD3A,4305.783069,401.917749,387.325493,12843.003722,1200.289861,41.437500,7.128184,48.346099,220.040767,55.732775,112.545988,168.278764,25.890539,184.917862,296.809449,230.235566,34.525760,57.261824,1.665705,505.749279,318.623223
R2S2_TRAIN_3ABEC93230DC,4148.614477,392.018871,379.899906,10491.397472,1200.084187,40.077762,24.563744,48.836901,219.961619,52.832565,107.833187,160.665753,25.439155,146.958648,288.257334,222.906838,33.177620,57.478155,1.650600,530.546475,337.924864
R2S2_TRAIN_780B29BCA395,4098.552845,387.617150,371.439382,8345.231779,1200.020886,39.702855,6.770765,48.425660,213.715722,54.817234,106.005113,160.822347,26.026152,148.673986,291.952094,208.767345,32.970461,57.294332,1.662049,501.472416,312.886939
R2S2_TRAIN_1336B283A8F0,4263.011624,401.449872,391.584198,14960.192379,1130.993137,45.476205,25.024303,46.814828,217.988273,50.435644,125.550017,175.985661,24.187976,175.918068,281.749499,158.052457,34.476608,57.481197,1.654100,524.328264,322.437456
R2S2_TRAIN_BC095354ECCA,4168.147198,390.765930,370.319043,10049.868114,1183.614422,42.937500,21.815809,48.578520,219.979144,48.566084,106.969292,155.535376,26.405646,169.609940,289.996940,214.284051,32.933790,57.310222,1.658341,498.373924,314.749641
R2S2_TRAIN_E1A415CDBED8,4181.921732,380.413907,366.259833,9005.994795,1199.538596,44.904236,6.742717,49.481687,219.985478,48.057608,106.408262,154.465869,26.649639,143.290551,292.158518,225.685136,33.091575,57.109880,1.662300,496.335282,306.336354
R2S2_TRAIN_4571A0298105,4346.482994,401.568374,391.686427,14960.192379,1130.714451,46.934160,16.291828,45.801445,219.760587,49.769038,120.250507,170.019544,26.021420,127.599478,297.987170,151.102531,35.048227,57.110718,1.668755,527.350375,335.479637
R2S2_TRAIN_E2493F715247,3949.078602,388.171184,380.976895,5224.807508,1194.274761,41.389920,20.743882,48.511942,219.933451,50.557629,112.107257,162.664886,24.912571,150.080801,277.427858,239.784819,31.235727,57.601404,1.650577,520.232651,330.668250
R2S2_TRAIN_23D90592FB58,4121.391311,394.553946,386.992322,10390.312012,1183.458943,40.000000,11.063839,48.906856,219.972501,54.595810,116.435466,171.031275,25.536026,151.373743,289.013124,218.410566,34.321498,56.888567,1.667697,503.024329,314.509130
R2S2_TRAIN_E6ADF61E9DE5,4198.645931,401.172409,387.022310,14553.132264,1182.231020,46.000000,8.678653,47.857488,219.929996,54.516797,119.198250,173.715048,23.798630,145.284158,279.516393,171.633383,35.045158,57.490214,1.656000,514.242343,322.322126
R2S2_TRAIN_0DEC6CD754B8,4170.148230,399.819228,387.688920,7846.336978,1186.617595,42.240084,13.760084,48.691246,219.983287,51.879125,116.439736,168.318861,24.450815,216.663503,278.066066,225.672983,34.247730,57.785140,1.650795,510.239278,322.496269
R2S2_TRAIN_F2AE851BCC8F,4183.819089,400.019112,387.133109,10403.109408,1184.848691,42.000000,4.633123,48.217779,217.976944,55.956201,115.002651,170.958852,25.478043,146.145433,288.437426,207.249162,34.373170,57.549027,1.649680,494.149935,304.547933
R2S2_TRAIN_A83AEFD2BB6C,4238.986735,397.581616,384.536749,14416.494393,1171.317317,41.625000,20.104494,46.923609,219.936760,47.358353,117.340865,164.699218,24.917941,155.466903,290.638360,186.128954,34.453213,56.331301,1.668500,501.966003,320.316766
R2S2_TRAIN_B169D5AC575A,4224.664497,392.383155,378.765336,14780.897861,1180.559659,44.057065,25.125931,46.294797,214.988806,46.673888,117.327145,164.001033,25.933108,146.514328,291.332896,140.293036,34.306598,57.027772,1.679463,510.840952,336.118913
R2S2_TRAIN_8A02CC0B1194,3843.365403,391.974104,380.848306,8972.372821,1195.352665,41.875000,10.418707,48.528668,219.944209,53.719764,108.459330,162.179094,25.056180,169.524577,279.388049,230.928198,31.776433,57.534126,1.649192,507.413592,319.978661
R2S2_TRAIN_0B9440876FDC,4245.161162,395.779514,382.285112,13558.949443,1187.777403,41.187500,19.173152,46.652934,219.952868,51.738388,113.994332,165.732720,26.052676,157.680063,293.337117,193.132468,34.514218,57.627246,1.655425,504.959422,320.522504
R2S2_TRAIN_60AF13C90368,4005.345298,365.178420,341.093517,6032.566152,1199.862988,35.842624,24.989184,47.496848,219.954645,53.426359,106.499903,159.926261,25.833448,145.073502,287.465948,237.763531,31.312010,57.387184,1.659300,515.521337,338.299925
R2S2_TRAIN_9A1DA6CF1F2D,4208.796103,395.594582,386.227678,10281.751053,1188.303262,42.250000,11.853126,48.978855,219.990487,55.471097,105.840387,161.311484,25.015616,157.664148,290.198161,225.180195,34.441046,57.932902,1.640953,494.911934,314.982680
R2S2_TRAIN_0892DFFAF7E0,4116.667411,395.542033,387.933039,14328.455947,1175.192766,41.875000,25.146668,47.014981,188.921619,49.721203,117.297528,167.018730,24.120651,163.060633,282.512890,185.158225,34.451506,56.883234,1.665870,525.752340,340.283043
R2S2_TRAIN_0B9415D50912,4160.666034,391.593849,380.568699,9801.508349,1186.106736,40.000000,23.838976,48.194296,214.895184,51.676762,115.604549,167.281311,25.357575,145.253322,286.373541,231.382079,31.494535,57.072656,1.668005,515.632315,329.240157
R2S2_TRAIN_093DDED8618B,4075.721624,390.858566,375.877081,13366.248117,1183.123077,42.000000,13.283293,48.338996,215.965799,50.900080,106.448871,157.348951,24.990738,167.769580,285.087470,225.704414,32.996244,57.190234,1.662900,514.837683,330.432334
R2S2_TRAIN_F8828817D024,4002.249231,386.670062,380.320098,9101.336877,1189.848766,38.622029,14.796515,48.865596,182.659214,49.306190,114.350449,163.656640,25.303924,225.643319,282.860123,221.456298,34.304357,57.502925,1.656406,511.412211,328.642660
R2S2_TRAIN_2035F89C87CD,4160.949207,392.916597,375.347743,7218.200342,1193.121994,41.562500,15.990826,49.030702,219.926833,51.476856,99.849405,151.326261,24.994447,150.323252,283.785493,228.503538,32.555618,57.429662,1.657542,497.648510,307.773710
R2S2_TRAIN_1E701C673DAE,4277.425699,401.480502,390.994311,13805.697306,1184.040559,46.311983,4.490492,48.795630,219.975301,57.461638,107.596849,165.058487,26.105377,124.828638,296.853664,191.768484,33.746822,57.156195,1.676879,495.996847,311.295535
R2S2_TRAIN_AEBC24EE15FF,4143.292863,399.053134,384.551963,6996.629841,1188.187330,42.207266,10.831063,48.337491,219.927304,53.013130,119.412250,172.425379,24.246691,166.205678,286.107249,223.493878,31.490932,57.098829,1.672754,505.854920,318.118567
R2S2_TRAIN_C2F0E6ECC39F,4287.651552,400.366966,386.744226,12888.183296,1185.266640,43.125000,20.929355,48.555372,219.976914,54.878751,113.104101,167.982852,24.874812,153.993052,294.655945,221.631080,34.141167,57.485812,1.656500,500.407252,313.475040
R2S2_TRAIN_431A35B46711,4293.459580,397.937869,389.608187,10718.759050,1181.468393,40.812500,7.103044,47.655727,219.991221,52.091215,108.581203,160.672418,25.803621,176.310651,294.398547,215.856506,31.502555,56.420219,1.691797,507.401342,320.830317
R2S2_TRAIN_4CB845C8A525,4143.392657,394.077857,377.832969,11343.034633,1186.499474,41.375359,13.895207,48.372123,219.901972,49.153916,113.368159,162.522075,26.054865,161.792984,289.874642,210.401505,34.418050,57.390562,1.664137,498.026455,324.761916
R2S2_TRAIN_D0DF00857F99,4105.255167,393.446164,384.628733,12354.101026,1186.441676,45.100504,27.835962,48.287354,216.026863,48.163016,117.604252,165.767268,24.731727,175.907339,285.906822,217.537780,34.596486,57.739887,1.646863,536.716248,342.900705
R2S2_TRAIN_2FB95C4C56EC,4234.907112,390.454395,378.360316,9839.455206,1199.723999,39.097484,16.999470,46.524980,219.984208,54.523908,106.326105,160.850013,26.799407,147.945540,293.689589,195.775829,32.726196,57.385706,1.665147,516.593480,338.391562
R2S2_TRAIN_548AB92EF206,4161.340765,393.975354,377.891376,11745.413955,1199.970290,42.750000,24.895383,48.942747,219.978776,52.487506,100.327617,152.815122,25.311808,173.568547,287.260547,216.461690,34.539008,57.366494,1.662500,516.268485,332.461904
R2S2_TRAIN_7C204E7DCBA5,4231.670353,392.125044,382.913302,11509.199154,1194.996190,46.865343,25.399755,49.131162,219.941863,49.572786,114.052854,163.625640,25.350941,160.950149,292.332564,226.889321,34.410017,57.111615,1.695200,502.750558,315.664517
R2S2_TRAIN_C70456B439E9,4231.493785,402.565197,388.408615,12094.836366,1200.527367,46.636822,10.341521,47.621849,219.924566,57.367751,116.005398,173.373149,24.723971,146.835303,290.745089,225.036593,34.230985,57.574980,1.663359,506.295174,314.835065
R2S2_TRAIN_CFCC119D479A,4103.715277,390.893682,377.420342,10279.554903,1185.788018,38.847930,16.240823,46.332042,216.888537,48.221165,110.967796,159.188961,25.461400,165.904517,283.998609,195.699677,32.173991,57.271817,1.651351,512.613306,336.004636
R2S2_TRAIN_938C2361E819,4234.798701,402.201448,392.561320,14804.283034,1186.713214,47.639688,10.158902,48.946877,219.976339,53.318375,119.724845,173.043220,24.609326,120.283385,287.946107,164.431598,35.007673,57.416586,1.655900,494.792027,304.190023
R2S2_TRAIN_3C4A61360EA9,4156.442095,392.503412,375.600512,10124.683979,1200.784792,42.437500,13.036910,48.389902,219.969254,51.302197,103.684065,154.986262,26.418285,141.493106,290.872449,217.855564,34.329503,57.263217,1.658613,495.412693,319.613121
R2S2_TRAIN_A6735F362F26,4091.868316,389.815182,379.227425,7244.897199,1188.185227,39.585806,7.331661,49.768500,219.910237,52.150795,110.723924,162.874719,24.773216,143.922500,283.668933,257.375422,31.326127,57.759044,1.642577,500.090300,308.312115
R2S2_TRAIN_EE4C5E4D57F6,4212.443499,393.913885,382.555854,9682.513546,1186.461727,44.937500,3.453751,49.006876,220.002528,54.501229,110.768047,165.269276,26.179017,147.185630,291.963087,150.788944,32.139256,57.318509,1.662000,495.977181,309.270652
R2S2_TRAIN_E0B373824B38,4008.307274,381.459124,370.262536,8248.664309,1186.126183,37.922064,26.908311,47.203961,219.979542,51.814714,102.915244,154.729957,26.062159,158.309015,285.944059,233.773646,32.585206,57.393577,1.654000,508.735703,327.046909
R2S2_TRAIN_707587717C58,4316.008238,398.950226,384.336818,14374.929160,1184.615883,46.735029,25.597336,48.890390,220.011197,45.674696,116.915692,162.590388,25.786713,145.001234,293.730725,171.366141,34.429190,57.616681,1.650600,506.520840,307.104313
R2S2_TRAIN_83926FDD1AB0,4281.870387,393.640677,381.841534,12454.407863,1199.399193,47.007139,23.469684,48.614396,219.982957,51.718941,108.371260,160.090201,27.187911,157.616818,298.144697,215.944582,34.481171,57.104797,1.662403,506.345833,320.057581
R2S2_TRAIN_1F6C40975359,4131.937013,383.137382,374.982280,9038.165023,1192.692908,42.437500,17.169327,49.006472,214.966640,54.014811,104.575563,158.590375,26.082787,133.618396,289.074561,187.779631,34.523216,57.639899,1.652400,492.167493,312.733346
R2S2_TRAIN_0F3C1A31A138,4156.732921,393.650201,384.887946,8658.548681,1200.431270,44.937500,13.159976,49.036538,219.997436,57.135945,112.600845,169.736790,25.379758,172.700151,291.317640,232.073557,34.260301,57.791012,1.649100,499.670253,306.798474
R2S2_TRAIN_97E3478C6FED,4132.687242,396.419888,385.731916,8298.080790,1187.965454,40.937500,21.163935,48.428404,219.873093,54.787803,116.669988,171.457792,24.454869,203.471594,280.632385,194.336314,31.351624,57.463544,1.656560,521.667440,331.798712
R2S2_TRAIN_A1AD75BF10E1,4134.806168,391.699710,379.990711,10382.331271,1184.799363,43.937500,26.519066,47.848426,219.968255,49.256137,111.457718,160.713854,25.656494,156.651667,286.825177,188.578841,34.214076,57.382887,1.665933,497.646139,327.127835
R2S2_TRAIN_C45E860A96E3,4103.116456,385.892611,378.573884,8070.663011,1184.649017,42.437500,12.237858,48.583675,220.004062,48.702498,107.332162,156.034660,25.181070,163.188939,280.537440,221.420984,31.537071,57.628736,1.647607,499.205567,313.041017
R2S2_TRAIN_8EE7AE7C4CFF,4164.295438,397.400907,382.188331,14932.074434,1182.407180,41.875000,13.871571,45.798740,215.968321,44.259551,118.755111,163.014662,25.773397,171.758981,288.340745,141.611830,34.300317,57.046985,1.665600,543.709708,351.296882
R2S2_TRAIN_460BB825F6C9,4303.873373,403.290976,389.554898,9093.567782,1200.541432,43.120118,14.009207,49.346141,219.973851,51.711198,111.090333,162.801531,24.999370,135.884099,291.715723,218.124082,34.222726,57.315033,1.660408,505.904094,315.793991
R2S2_TRAIN_00328D525365,4120.611934,394.035716,381.605923,14678.638890,1199.497971,44.295867,25.657214,48.121267,219.961197,56.379513,110.031982,166.411495,25.613920,135.703140,289.328166,214.021222,34.501900,57.840243,1.643885,506.459019,317.455091
R2S2_TRAIN_5C9EB19A3A86,4294.970293,403.553248,392.020523,13993.631217,1194.171722,41.937500,13.427567,47.782790,219.979464,52.826289,114.865147,167.691436,24.806165,166.369706,292.284350,229.723572,34.442130,57.281203,1.660279,509.341007,322.264552
R2S2_TRAIN_E6615DAC4E8D,4216.243378,398.494530,382.588493,10162.703901,1185.704426,43.633013,11.266978,49.293967,219.991955,50.028509,112.587588,162.616097,25.954101,145.004970,289.208914,220.469275,33.378016,57.237917,1.664003,497.034808,312.279343
R2S2_TRAIN_F91AB56FAE82,4076.646897,394.447807,385.153678,10240.341232,1184.142744,43.875000,15.898148,48.315533,219.974284,47.755740,118.646106,166.401846,24.885474,169.849010,285.129916,244.623284,31.271121,57.097831,1.664236,502.131904,319.801624
R2S2_TRAIN_A63C244AA1D1,4143.755896,397.524671,385.139018,9237.683546,1193.557064,40.437500,26.726267,48.825120,219.951021,46.578943,108.478812,155.057756,26.187114,154.815389,290.782344,172.826780,34.415263,57.454318,1.654533,513.111493,324.437705
R2S2_TRAIN_2DF43C2789EB,3813.010301,387.010962,379.306830,7127.018091,1197.606442,34.051703,27.557917,47.836987,214.975073,48.719749,109.330445,158.050194,24.605994,178.862905,273.744167,234.317549,30.646452,57.985612,1.644661,517.186424,358.510799
R2S2_TRAIN_4EC76FBAE6D6,4251.757723,401.860233,385.837814,13595.250901,1185.539787,43.000000,8.646305,48.287715,219.963162,46.018969,120.316532,166.335501,24.596266,166.691338,292.042621,208.325045,31.229210,56.158253,1.695200,505.822690,307.419734
R2S2_TRAIN_F518937EF191,4162.638147,379.285870,377.984809,7468.318303,1174.770889,39.123999,4.134163,48.331388,215.987935,50.705245,108.263379,158.968625,25.955682,164.100720,289.189364,227.268030,31.350163,57.140929,1.662762,504.873746,311.881800
R2S2_TRAIN_C7EB0FA2937E,4194.515899,399.076835,383.787414,13367.046105,1179.148683,42.062500,11.268480,47.898650,201.103663,46.438305,118.914704,165.353009,25.761605,178.468008,281.878703,206.550847,35.008035,57.644766,1.658789,521.034907,336.228027
R2S2_TRAIN_1EDFFC63A4CA,4112.381673,387.414434,370.360474,8343.185742,1200.489381,39.725115,4.691161,48.521770,219.894888,57.047177,99.888996,156.936172,26.027259,125.314916,291.506151,208.859081,34.476439,57.122451,1.665701,499.193233,319.151481
R2S2_TRAIN_C687215B5A48,4148.649191,388.423230,377.359179,6315.200220,1192.588981,40.625000,9.849185,49.277009,219.956697,58.110968,100.086831,158.197799,25.779989,137.150971,290.513590,205.394159,32.591492,57.750713,1.652001,496.837709,318.757467
R2S2_TRAIN_B30A39115E61,4119.403628,397.525846,385.431748,8326.695668,1190.734793,40.687500,10.683875,49.739738,219.996303,49.243862,116.626900,165.870762,24.942911,147.204913,285.875723,215.849661,32.756030,57.400156,1.662045,502.909792,304.565158
R2S2_TRAIN_F3185A4A8636,4195.900247,391.710414,376.371348,11779.671629,1185.602946,40.062500,6.758873,48.018724,219.939365,56.058839,109.584249,165.643088,26.063186,154.398571,292.893789,229.697903,34.361097,57.538217,1.652400,511.671108,314.585682
R2S2_TRAIN_F1E8E2A6550C,4132.635108,395.220299,381.963421,10017.749196,1187.758011,37.972106,14.168732,48.166109,218.053994,51.984145,105.763852,157.747996,24.752033,170.881432,285.113483,227.122919,34.208805,57.597809,1.651010,508.769171,311.205791
R2S2_TRAIN_C907FF4008A9,4111.841393,393.056131,379.775852,8608.138270,1200.299651,42.312500,24.323454,48.118176,219.979724,55.771537,107.926311,163.697849,25.446285,137.999685,288.560597,230.615386,34.286007,57.521234,1.652900,502.015141,308.325189
R2S2_TRAIN_D5DB0CB504B4,4198.082227,400.889938,389.220072,11138.095114,1199.717856,41.437500,4.700904,49.019702,219.965949,56.710849,115.909966,172.620815,25.097906,148.082857,287.791701,224.321682,34.403109,57.209157,1.667314,501.890384,307.054899
R2S2_TRAIN_E434B9A63EEE,4180.468666,391.752030,383.450867,8247.506237,1185.234586,42.937500,24.547896,48.291334,219.928260,49.911834,115.879703,165.791537,24.874105,163.261966,290.962280,222.728877,32.001716,56.746846,1.683074,517.563504,326.595345
R2S2_TRAIN_A1281CE333B7,4214.475935,397.201846,385.804889,10409.322032,1186.076851,43.875000,20.779048,48.326178,219.973330,47.040164,122.743364,169.783528,25.220877,199.113823,289.293973,194.395432,32.967096,57.250247,1.662753,516.548724,333.655511
R2S2_TRAIN_FB4B8840CDE6,4315.690651,398.886005,380.289597,14751.396449,1185.668502,45.473073,20.180538,47.944442,219.969483,49.981913,116.092698,166.074611,25.925131,122.876969,296.006303,150.566195,35.071503,56.965070,1.665044,515.334009,319.898353
R2S2_TRAIN_4B290A581755,4141.248152,392.528774,378.583368,8732.626744,1185.877425,42.000000,9.553594,49.158728,215.903368,53.164814,106.905560,160.070375,25.526811,167.029440,290.161422,246.076590,32.597346,57.294570,1.663089,505.764134,319.530741
R2S2_TRAIN_0E202FEF9AE3,4253.866164,399.435457,381.634700,9261.521664,1200.825962,46.399307,25.508872,49.507578,219.958576,56.085368,100.247452,156.332820,26.388429,132.241294,294.670290,223.227015,34.562939,57.688332,1.653528,499.019170,319.293649
R2S2_TRAIN_36DA63E1AAB2,4128.208784,393.003803,383.630696,7140.700477,1184.802306,43.540352,6.089579,48.542120,220.013851,53.202217,103.390727,156.592944,25.342413,124.983249,288.592564,229.248531,32.199707,57.499044,1.659300,504.229579,310.409279
R2S2_TRAIN_EF4288604D66,4131.002607,398.221491,382.657911,11660.822561,1184.791663,47.639688,23.920183,48.762473,219.967006,50.033883,115.308547,165.342430,23.770069,163.035351,283.942809,222.911800,34.343645,57.113121,1.668274,501.011842,308.243150
R2S2_TRAIN_3E8CF8E4EE3A,4223.819159,397.329409,389.369729,10522.939451,1190.903631,46.135314,15.781311,49.506838,219.983757,52.067347,108.914096,160.981443,24.852559,157.699373,289.429285,221.260971,32.921732,57.395851,1.664488,502.876021,314.781085
R2S2_TRAIN_0BFF8982A3FE,4128.620758,396.199443,380.782455,10165.098357,1185.703950,42.940152,15.577532,48.446768,219.917449,54.646373,111.551191,166.197564,25.209189,148.461417,285.142361,204.385412,34.439181,57.425746,1.656853,508.177432,320.759184
R2S2_TRAIN_D2373616F513,4067.881923,389.716165,378.387112,9680.805656,1199.696216,41.875000,13.101415,48.906474,215.945030,48.867158,109.043652,157.910810,25.336925,136.891981,283.403392,217.453726,32.798056,57.675646,1.648651,498.632604,316.198100
R2S2_TRAIN_8B5EF06E6255,4125.602642,393.086135,370.953370,8197.072340,1182.845218,40.875000,11.767429,48.440407,215.945568,46.406692,110.230299,156.636992,25.476497,143.402711,286.906876,203.864089,32.980524,57.164249,1.677313,495.185749,318.535997
R2S2_TRAIN_AF2F1C8A99D9,4252.144800,397.678678,383.359559,13693.377560,1185.416138,39.447271,24.492988,48.786865,219.993418,54.981992,111.548938,166.530931,25.485869,167.166314,290.550495,220.611435,34.521046,57.246871,1.660576,516.438348,350.729238
R2S2_TRAIN_6BF831D45E23,4097.017865,400.213934,391.873256,12662.655714,1187.381874,45.922874,13.045342,48.229930,219.979365,56.356735,116.138043,172.494778,24.308535,133.053455,290.872647,211.547083,35.024783,57.560069,1.652300,508.764849,319.892242
R2S2_TRAIN_BEF2C3594291,4244.833488,392.105204,381.481010,11498.972872,1199.537704,40.000000,18.854742,49.079065,220.000375,56.922526,106.612960,163.535487,25.645709,140.999479,287.429700,222.894098,34.270584,57.524519,1.654272,490.561543,308.140167
R2S2_TRAIN_5A61004CB079,4302.930587,399.536974,383.568601,14540.512609,1199.469453,44.557860,12.308020,46.936631,219.938798,55.853612,108.164632,164.018244,25.577006,122.856154,294.624703,183.405310,34.505839,57.606302,1.656500,523.146526,346.206882
R2S2_TRAIN_579FEFC29843,4342.403549,405.510873,392.150271,12442.978140,1196.022330,42.812500,20.578802,48.568578,220.012224,56.088812,123.952739,180.041551,24.444674,120.283385,292.438673,189.961583,34.366091,57.430433,1.654400,500.153275,315.620358
R2S2_TRAIN_9CC70E309137,4278.394548,405.510873,394.035291,12361.874442,1186.366990,47.007898,19.224748,48.758418,219.991601,55.149412,125.370699,180.520112,23.795363,180.781726,287.068409,226.242878,34.470241,57.547828,1.658184,496.524102,306.837877
R2S2_TRAIN_64E61CC50054,4230.628342,398.456222,387.203869,10950.728482,1200.048821,40.875000,5.245385,47.461751,219.961938,55.723873,114.775100,170.498973,25.006768,155.824296,289.058653,175.971694,34.505208,57.415048,1.660348,507.515299,326.754448
R2S2_TRAIN_F6326915AD09,4241.901531,398.669166,384.690333,13127.210686,1185.979095,46.820508,11.296494,47.906238,219.989370,48.757968,118.506119,167.264087,25.010280,158.132847,288.671269,177.696894,34.443067,57.187102,1.668036,514.693360,335.823085
R2S2_TRAIN_3E88711D248D,4170.180797,392.050140,375.840489,11238.611496,1183.206529,40.000000,21.012128,46.317630,214.942413,45.325789,119.867423,165.193213,25.013587,197.176969,288.302003,219.189091,31.304854,57.094171,1.663497,533.517688,352.766306
R2S2_TRAIN_D07C7004F311,4152.161872,393.623834,374.436087,12556.936831,1181.306358,39.295402,9.388989,48.254476,210.978669,56.426174,107.450312,163.876485,26.132297,142.537173,285.961831,219.188671,34.361611,57.274774,1.657000,509.543044,315.418558
R2S2_TRAIN_90E5CA2A1A32,4062.122219,379.509119,329.367400,5051.812047,1199.669829,40.750000,25.853192,49.871735,219.984143,55.688375,97.480133,153.168509,26.853808,153.393703,290.972903,246.994836,33.134829,57.280883,1.662222,503.356158,311.286569
R2S2_TRAIN_5E00DC6A573F,4167.438326,390.040562,383.196366,10146.043417,1185.506984,41.625000,6.733858,48.815655,219.932374,47.830765,103.686686,151.517451,26.105916,149.486539,290.555888,176.773429,31.349386,57.700918,1.650600,506.642673,318.609982
R2S2_TRAIN_BEC94403787A,4199.073042,398.704533,389.982978,14854.281297,1182.467255,42.750000,21.708537,46.958302,219.988919,54.038790,115.374098,169.412889,24.832732,142.630346,286.211187,152.061443,35.102170,57.611199,1.653263,516.355486,326.599035
R2S2_TRAIN_D5EF2BB045B9,3373.611126,388.517443,371.024492,6720.834690,1185.983462,36.625000,24.828725,48.689296,213.938188,54.849268,103.837333,158.686601,24.904183,184.918215,264.516597,242.694770,32.652072,57.575210,1.651826,525.389538,335.175600
R2S2_TRAIN_5B87EDAB6CCD,4194.416044,383.335020,371.828591,10032.625212,1186.026766,40.062500,4.798564,49.565577,219.946115,53.547827,106.004030,159.551858,26.242270,146.974479,289.338450,225.152266,34.230437,57.688315,1.651000,494.459989,318.688625
R2S2_TRAIN_0C56FBB4309B,3373.611126,382.559957,377.093590,4549.175417,1199.731998,37.069998,25.714286,49.780882,219.949816,48.425082,111.652691,160.077773,24.118189,193.988241,270.733938,233.633812,31.180081,57.731662,1.653194,494.443757,306.431343
R2S2_TRAIN_989B2224FA24,4209.100707,398.832977,385.993617,12069.663854,1187.904359,41.825407,23.732738,49.193737,219.969755,54.525180,112.493251,167.018432,25.901137,139.521055,286.690593,229.520797,34.305778,57.328407,1.659114,504.800542,317.498307
R2S2_TRAIN_1DD727844868,4222.880685,399.639867,384.955738,13553.047281,1184.783966,43.062500,6.787747,47.805374,219.947072,49.661927,118.073953,167.735880,24.564623,151.174499,288.384318,209.398765,33.729450,57.494521,1.663926,535.569961,349.886930
R2S2_TRAIN_46217662CD89,4189.245843,392.996636,382.682258,9697.539050,1192.965461,40.312500,20.586948,48.941481,219.994255,54.553440,106.946689,161.500129,26.650182,194.101110,293.106754,214.297234,34.294028,57.510266,1.660900,497.936918,314.439370
R2S2_TRAIN_EEFA03533D75,4140.279125,390.836034,375.945244,5950.690664,1200.830838,41.000000,3.412526,48.361147,220.011469,59.146720,86.601022,145.747743,25.871178,124.750721,293.217232,204.666780,31.362799,57.740861,1.650342,515.786028,318.331012
R2S2_TRAIN_201FFDB9054B,4064.613136,386.174280,375.275131,8653.867386,1184.726206,35.051489,14.375892,48.778521,219.979136,49.789504,108.169931,157.959435,26.382156,192.015022,286.785279,219.029384,31.386543,57.429971,1.658800,502.529942,318.400452
R2S2_TRAIN_887EEE191AA8,4118.080792,394.554994,385.740915,11303.766832,1184.842317,42.187500,22.938303,47.643570,216.884975,52.919096,119.256355,172.175451,25.361889,142.894242,285.167966,184.206617,33.074178,56.916605,1.677709,502.854118,321.216863
R2S2_TRAIN_031118CDC826,4233.115209,401.976954,389.345493,13118.504824,1200.734442,43.370115,24.568915,49.013762,219.997437,50.006525,118.382397,168.388922,25.292619,143.968937,294.397848,188.403700,34.532344,57.581467,1.652702,494.766428,308.152155
R2S2_TRAIN_76F71E6235E1,4193.939095,389.943436,378.655981,11336.198052,1185.036205,41.625000,23.669524,48.233620,215.930959,49.621257,110.126750,159.748006,25.853439,152.368169,293.898698,196.482615,34.951395,57.641521,1.652400,511.593821,322.528891
R2S2_TRAIN_F967CABDF7B1,4074.856307,392.214057,380.230682,9169.457350,1184.918203,42.250000,7.938155,48.444358,217.972638,56.733293,107.833378,164.566671,25.551043,140.398220,287.847071,193.283967,33.087550,57.704339,1.649798,496.068996,310.567612
R2S2_TRAIN_B756EA1E547E,4104.507106,396.604737,379.426438,13171.292935,1186.153525,41.812500,17.200286,47.794966,219.990669,56.349222,114.261493,170.610716,25.159066,155.194200,287.268706,223.450503,32.779166,56.404945,1.695200,502.734047,319.537390
R2S2_TRAIN_87D394FAC090,4150.551983,386.607914,379.002510,10294.134851,1181.101253,41.375000,7.663536,48.411353,214.131677,47.855025,110.100518,157.955543,26.109178,173.241076,290.205155,189.134778,34.267054,57.187906,1.667591,497.499043,324.973411
R2S2_TRAIN_AF5191DBD41A,4158.682791,387.281403,381.028929,12930.944777,1180.674287,40.410850,11.506721,47.951723,219.954604,47.190566,112.561224,159.751790,25.973860,156.644062,290.160147,184.774334,33.117026,57.503061,1.657850,507.692451,333.105408
R2S2_TRAIN_806856B6E6F0,4065.836172,389.024604,372.091415,8584.451886,1187.207396,37.437596,23.877407,47.779983,207.301298,47.787610,107.834403,155.622014,25.874659,179.153649,287.546402,219.696089,31.218740,57.780336,1.650000,501.974379,322.587801
R2S2_TRAIN_F27D282A43D7,4061.327290,356.044246,368.619473,10567.689234,1200.253398,40.000000,19.959175,48.374477,215.939916,55.488069,99.784915,155.272984,25.930730,167.970070,286.813468,244.933477,34.227851,56.256387,1.662111,511.182314,334.395903
R2S2_TRAIN_A0C60AC29434,4144.930746,397.516217,391.122181,14668.280510,1183.468633,44.375000,10.034426,47.308172,219.986499,53.656553,115.165299,168.821851,24.912131,144.873553,288.390944,173.222574,32.572581,57.403172,1.659900,500.498104,311.668894
R2S2_TRAIN_499777CF2221,4194.194856,395.198591,387.864686,8576.490394,1185.174413,42.500000,14.466774,48.375217,219.979549,49.390125,118.644465,168.034590,25.485914,139.981988,285.135327,225.208861,33.330132,57.872198,1.642776,505.181403,317.370671
R2S2_TRAIN_F80160A9E85A,4199.935272,401.452977,388.933583,14645.109455,1184.085496,43.606109,17.938431,46.765150,219.238066,56.559652,118.394714,174.954366,24.912780,143.994552,282.264833,189.199714,34.477405,57.176565,1.666771,530.626885,338.547833
R2S2_TRAIN_4372BBFA83C5,4117.354032,393.970446,383.185930,10018.985594,1182.626546,42.812500,9.645189,48.128282,219.911212,52.560881,120.360692,172.921573,25.115267,126.426216,291.562290,207.093121,34.444182,57.280031,1.663208,505.385051,323.969187
R2S2_TRAIN_4D4266533D9D,4069.085533,394.258977,379.796725,12178.937525,1187.526076,44.555925,23.851655,49.257821,219.951985,58.677677,107.636547,166.314224,24.994017,138.411174,281.199037,214.627933,34.190321,57.296202,1.657612,496.699173,310.367566
R2S2_TRAIN_94F3A0B1276F,4173.762663,391.860054,387.720221,10995.086524,1189.618194,44.937500,10.515407,48.111643,219.930491,48.455237,111.348744,159.803980,25.704544,135.287055,285.273419,222.195137,32.087085,57.061880,1.666400,506.605679,313.814327
R2S2_TRAIN_1ABC74396E39,4119.688670,394.679256,382.070929,11445.932209,1187.290465,42.375000,27.835962,47.995337,196.573961,52.279888,108.138075,160.417962,24.470679,203.672584,285.995972,229.405085,32.574563,57.491100,1.654400,515.279229,337.041563
R2S2_TRAIN_3720D3C0C251,4236.091832,398.651330,388.252277,9705.547244,1184.480932,40.937500,11.296766,48.752912,219.969016,56.224982,115.281323,171.506305,24.998365,191.255954,290.545650,235.044118,32.547133,57.542839,1.660400,500.502671,310.014095
R2S2_TRAIN_4FD11A4087A2,4123.871439,389.430978,376.907519,5221.859024,1200.254774,39.347900,7.999643,49.233544,220.006979,59.382908,100.274423,159.657331,25.167794,143.560901,288.214213,231.723536,31.209447,57.645357,1.660345,499.315276,313.928535
R2S2_TRAIN_7DFBD27CA9A6,4190.277919,393.811496,380.631280,12861.462724,1184.885668,41.312500,25.715345,45.798740,219.968004,50.606941,117.348773,167.955714,25.480034,197.416412,291.203043,216.694307,32.501379,57.283195,1.661002,538.503951,358.650144
R2S2_TRAIN_D2872DC4B8F2,4227.269720,396.468158,380.446844,9062.660721,1199.423887,41.937500,4.959446,48.242938,220.010522,57.644405,105.828426,163.472831,25.558652,163.012973,288.950855,224.674014,34.442175,57.210754,1.659853,505.924070,312.416832
R2S2_TRAIN_177881B323A8,4182.497949,395.930182,384.743191,6152.174408,1197.186108,39.060291,25.437193,48.789813,219.950753,52.553195,116.430199,168.983394,24.338133,201.034927,279.605816,241.239982,33.127654,57.660296,1.653179,505.705593,326.121537
R2S2_TRAIN_3ACDEC676F37,4204.530930,392.138992,378.744454,11219.225781,1186.219353,37.771316,12.072996,48.538159,219.905612,57.321292,104.589188,161.910480,25.578792,160.131140,289.546426,198.825397,33.035564,57.579580,1.647363,509.912149,331.440565
R2S2_TRAIN_9C99A6145221,4092.779714,396.564132,388.812054,6981.616229,1196.046806,40.917468,20.847696,48.610390,216.026562,51.039878,108.004485,159.044363,24.928478,150.198507,284.619078,232.515556,34.305320,57.544257,1.646363,505.161001,318.200847
R2S2_TRAIN_7D919497C132,3568.810794,383.550414,373.854520,12726.581366,1155.470809,42.289620,25.860707,48.323351,213.196575,48.032598,106.515236,154.547834,24.946376,161.048285,276.273961,213.616724,34.212550,57.574186,1.659135,540.644796,338.528683
R2S2_TRAIN_AF5EA0780F31,4061.424849,396.101473,381.924605,13690.385594,1184.739374,42.675237,10.524592,48.443005,219.962064,49.780129,117.084638,166.864767,24.841847,173.040265,284.546597,224.505103,33.232573,57.378669,1.662436,507.115457,320.486134
R2S2_TRAIN_E05EBBA964BC,4204.285048,396.247920,381.705925,11460.092723,1199.547986,45.200164,19.577185,47.423332,219.920528,49.001009,107.839186,156.840195,26.815473,150.190737,294.069583,166.622820,33.174626,57.407427,1.653100,502.191912,329.048990
R2S2_TRAIN_B07476500678,4231.261512,396.382542,382.497662,7110.786632,1186.887999,40.375000,25.177103,49.332599,220.029037,56.643832,107.936415,164.580248,26.117786,135.465813,289.628176,220.053694,34.378899,57.631455,1.666140,496.677850,313.478070
R2S2_TRAIN_1D6CF9DF9FB1,4128.872225,391.437636,380.739588,12788.426769,1195.996204,41.187500,25.511268,48.033446,216.035135,51.901474,109.169679,161.071153,25.884234,175.372994,288.793153,220.894064,34.245627,57.386142,1.659100,501.884405,317.252549
R2S2_TRAIN_0657FAFC1AF8,4282.206612,396.102587,384.703722,10374.778864,1185.731814,42.875000,4.274406,48.700191,219.921872,49.084372,116.451941,165.536312,25.427379,146.297146,289.936702,211.847045,34.341607,57.430601,1.657050,503.774955,319.523351
R2S2_TRAIN_5D8E39B828B5,4243.344529,394.457067,378.754503,13811.911245,1199.381161,41.102494,22.027608,47.080655,220.017861,46.715421,115.946313,162.661734,26.042529,160.584893,295.788314,196.517666,34.377057,57.431706,1.665600,513.790536,350.492626
R2S2_TRAIN_AECD89824C8D,4263.500790,399.369739,387.703716,14706.788321,1184.278678,42.937500,9.025542,47.183044,220.005714,55.549157,118.425472,173.974629,25.014848,139.980790,287.372587,199.101664,35.039467,56.987178,1.690844,498.048883,311.576733
R2S2_TRAIN_EB01F3B52D47,4178.056756,392.286613,379.436464,12496.196001,1199.456879,41.937500,12.125718,49.254365,200.126503,53.623723,108.955134,162.578857,25.345298,128.302543,289.774476,203.752629,34.440441,58.052515,1.641033,502.975322,310.880561
R2S2_TRAIN_5BA78B0F4405,4020.270347,360.156927,370.475893,6360.031570,1187.275847,39.518520,9.476458,48.404242,219.943500,56.281807,98.463388,154.745195,26.273757,168.228448,282.506971,221.644255,33.057333,57.614727,1.649948,499.127199,314.896855
R2S2_TRAIN_70B72C7F8C33,3707.942257,348.753889,368.173875,9113.762219,1199.738701,40.125000,23.859615,48.758781,199.902637,47.547957,101.787781,149.335738,25.999096,167.955750,278.543409,244.809239,31.235607,56.504025,1.695167,511.040045,327.082252
R2S2_TRAIN_7EA34600B3CE,4136.741725,399.111927,385.380896,11105.724099,1183.926618,41.687500,3.378923,48.093825,219.995937,54.456946,111.292691,165.749637,25.462625,141.681064,291.199665,194.535294,34.388797,57.073829,1.668305,506.830732,328.546368
R2S2_TRAIN_33641AC1B7AC,4084.901122,390.317170,380.438119,9985.477441,1199.905499,36.592356,9.324738,48.388171,219.937664,57.639031,100.477204,158.116235,25.603755,156.546364,280.292936,243.649628,34.435211,57.276987,1.665111,506.240871,320.010984
R2S2_TRAIN_3442F8F1B6DD,4025.644938,387.305615,384.786091,10142.651942,1200.066452,40.442773,24.963813,48.863674,219.913856,52.102122,107.728421,159.830543,25.034567,169.045950,282.305225,257.375422,32.674295,57.244991,1.661657,504.704987,325.838858
R2S2_TRAIN_65F4EE461CDC,4091.301141,389.616089,377.334584,8108.167235,1187.056889,40.149420,20.613813,48.178029,219.953944,47.919969,118.038842,165.958810,24.994955,232.412363,282.828367,215.131662,31.235750,57.430228,1.657977,503.642749,317.007001
R2S2_TRAIN_16BD0C425194,4259.670755,394.466146,384.817657,11305.676919,1200.315182,42.895945,9.171248,48.089957,220.006716,54.417935,108.474036,162.891972,25.931616,123.478852,292.350905,195.502264,34.033503,57.261714,1.665906,506.268400,320.268284
R2S2_TRAIN_A60428E325F4,4215.522444,397.467615,383.917281,10302.088171,1199.489433,38.961825,25.271064,48.183767,219.953461,54.852515,114.415409,169.267924,25.338955,150.310746,289.675701,232.690810,34.415329,57.600201,1.648791,506.938638,327.376774
R2S2_TRAIN_16A658B31E53,4097.204361,397.824095,387.639904,8255.940605,1187.791804,39.982111,9.476077,47.906171,219.932965,58.222849,104.965790,163.188638,25.956043,155.364428,287.092337,248.629088,32.612729,57.309108,1.660200,509.358251,328.475643
R2S2_TRAIN_AFCCA03801C5,4082.997774,396.919559,386.661793,12151.387656,1181.844780,43.000000,26.470674,48.238725,219.961888,48.994190,121.004769,169.998959,24.785915,164.141173,281.675408,207.966907,33.057224,57.262245,1.664968,507.314309,327.349774
R2S2_TRAIN_438B9DD1936D,3812.210921,388.619986,354.404686,9133.480926,1199.253391,41.937500,25.230343,47.961551,215.976152,47.580861,110.578502,158.159363,25.256309,181.050640,285.173453,230.732561,31.425526,57.511412,1.652928,518.444372,337.011888
R2S2_TRAIN_C138EA320D94,4227.491735,401.990123,390.632773,14642.086206,1183.245034,43.793494,16.210181,46.832278,219.988140,54.126849,111.196389,165.323238,25.521086,143.280816,289.890735,182.625832,34.431998,56.234810,1.664703,505.427048,316.488921
R2S2_TRAIN_5799A9EB0741,4229.831671,400.417935,387.671556,14034.457893,1179.372370,38.532558,25.952333,48.205755,219.943729,47.384618,119.152762,166.537380,25.388652,172.251952,287.161046,219.739080,34.523399,57.381426,1.664283,525.325217,329.059280
R2S2_TRAIN_CF100793FBF1,4087.621392,379.853691,332.870640,8604.971157,1200.455584,41.062500,20.284278,49.007789,219.937859,54.795303,97.489510,152.284813,26.470480,146.524775,294.205664,228.965815,34.429109,57.630760,1.642506,501.023595,314.026158
R2S2_TRAIN_CC9FE0214D12,4097.970700,395.976883,384.996492,8005.891107,1188.738991,39.060514,9.353654,49.352097,220.002903,50.519331,109.524663,160.043994,25.180646,165.145794,284.500662,232.770410,32.737658,57.252591,1.662490,493.199069,307.307144
R2S2_TRAIN_00A13142D4D0,4230.680839,396.815846,387.625574,11503.528786,1185.398328,42.183961,10.937257,49.078981,219.980954,50.444978,115.412352,165.857330,25.460116,156.659626,293.128868,211.333618,32.956305,57.052115,1.672684,506.781262,323.014018
R2S2_TRAIN_60F3D12DD898,4099.442224,391.728335,384.042664,9009.912781,1184.540401,42.312500,9.954100,48.817422,219.928261,51.212750,118.178842,169.391591,25.855952,146.108335,290.906969,171.062176,34.360534,57.243960,1.660900,495.375790,306.512000
R2S2_TRAIN_CE7438B50E24,4118.581298,395.774086,374.336377,10136.944166,1200.676704,43.375000,11.231454,48.793920,219.938604,51.229824,108.501827,159.731651,25.816477,179.799801,293.140114,223.372152,34.258029,57.742970,1.647457,502.858495,317.550247
R2S2_TRAIN_7570BE7DEA7C,3966.401754,376.979161,375.516075,9162.800588,1184.037119,35.512499,9.880866,47.710159,217.323942,51.728803,104.546228,156.275031,25.622837,161.005972,274.779280,160.392217,30.836876,57.094250,1.666351,528.074645,322.679759
R2S2_TRAIN_4628DAE054D5,4082.121140,399.819570,384.113482,3976.467527,1200.483832,42.312500,15.626297,48.543856,219.999612,51.960291,113.642471,165.602763,25.611333,148.180595,282.794130,217.448467,32.451823,57.753003,1.655200,494.567738,307.757778
R2S2_TRAIN_6088B76AA969,4184.387357,390.201362,384.736760,10273.728048,1200.192593,41.875000,24.934604,48.562212,219.990573,55.877143,109.034436,164.911579,26.224966,148.436142,289.752969,242.081355,34.193529,57.548992,1.654100,503.640912,320.734015
R2S2_TRAIN_5B16C8EF694E,4183.558221,392.888604,383.681759,12600.853077,1187.702874,42.312500,21.770929,48.341655,214.937729,51.276472,115.605275,166.881747,25.514401,174.259902,293.989582,222.670039,32.544432,57.109594,1.684539,504.901714,328.370276
R2S2_TRAIN_302673C4FE8D,3998.800535,390.017583,384.053278,9014.289504,1187.475130,43.250000,7.100921,47.707833,219.968973,55.087514,106.687836,161.775350,25.149327,151.359930,287.611543,206.329742,34.250617,57.575440,1.655504,534.072314,337.620710
R2S2_TRAIN_E4F103E834D4,4077.485524,385.699339,380.666378,9677.789738,1199.920191,40.000000,11.608562,47.989570,215.940130,49.173551,110.726106,159.899657,25.059726,173.287875,285.786513,181.754846,34.275289,57.663915,1.652400,514.838775,322.927363
R2S2_TRAIN_1A459CE6EF2F,4147.920641,393.571096,383.171054,10509.081336,1187.745992,41.125000,11.698680,47.751133,217.947171,51.879870,113.264322,165.144192,25.025581,154.304768,286.872650,215.087072,32.651019,57.604988,1.650400,510.079275,325.573580
R2S2_TRAIN_1BF967A525F5,4197.316598,397.431967,380.442051,10572.360251,1200.060806,43.687500,19.398789,49.514959,220.010569,53.431151,109.579018,163.010169,25.395626,171.195116,289.894637,254.127086,34.419509,57.543775,1.654100,507.402594,318.682417
R2S2_TRAIN_2EF1A293933F,4093.241639,383.211506,376.604621,8821.197697,1183.452267,41.500000,26.385273,46.801579,219.937673,51.775356,108.573722,160.349078,24.531376,191.527981,280.135348,230.271354,31.363974,57.087260,1.668175,527.917429,345.340496
R2S2_TRAIN_26457ADE3CCC,4222.713681,405.496075,393.141925,14228.938227,1187.867823,46.920347,25.165843,47.998103,220.035981,48.862205,124.166117,173.028321,23.711686,180.414759,285.639496,209.386053,34.480970,57.224031,1.665600,505.991649,316.432822
R2S2_TRAIN_70916C1C5CD1,3983.525286,382.767120,365.334701,3988.529342,1200.655391,41.750000,24.564979,48.866736,213.776475,52.271302,107.375798,159.647101,25.349643,174.050525,282.531602,222.216788,32.540840,57.890338,1.641111,501.699684,324.260466
R2S2_TRAIN_9581BC4A5778,4202.218892,397.759500,377.300250,10161.412618,1185.784630,46.572183,12.534819,48.821324,219.980201,48.366130,105.155055,153.521185,25.485733,163.310067,290.435151,190.574557,32.909279,57.547725,1.648165,492.052467,304.803572
R2S2_TRAIN_00FBD35A7229,4241.122380,397.176898,388.156927,13620.035058,1194.442683,43.325703,17.175908,48.428337,219.969012,50.892919,114.550625,165.443544,24.802964,163.643250,289.813958,220.581515,32.006518,57.536428,1.657615,513.495933,319.962138
R2S2_TRAIN_DC0F86FD86F4,4076.734174,386.332993,372.196001,11803.203907,1184.947648,41.062500,25.064270,48.631541,219.999557,56.126404,97.831250,153.957654,26.283223,175.791922,287.057660,216.768026,33.438073,57.291887,1.669572,505.062297,316.351063
R2S2_TRAIN_C4E85C9F4179,4261.058028,397.598077,387.233933,13999.564820,1200.744480,43.875000,14.174109,47.514146,219.945556,55.686657,119.412275,175.098932,26.628748,159.316523,298.136107,210.956807,34.392410,57.392884,1.661359,512.854991,336.510445
R2S2_TRAIN_7F0CC5F1F264,4290.820708,402.543322,391.804851,13462.453807,1200.637292,45.784492,21.654743,49.412190,220.028666,56.137138,110.910978,167.048116,26.820471,139.482977,298.144697,160.109506,34.828269,57.662630,1.652200,495.214283,313.428139
R2S2_TRAIN_708D244C404F,4077.669759,394.229434,378.036103,11089.907100,1200.514442,41.438364,26.029711,48.700595,219.874059,57.093335,97.697681,154.791016,25.373951,220.898238,286.690872,257.375422,32.754448,57.407412,1.659922,506.222194,318.170846
R2S2_TRAIN_38817E9528FC,4165.138760,388.280241,368.684402,9413.224857,1186.462442,40.224278,23.157593,48.317395,219.965866,50.857963,114.589349,165.447312,26.046795,135.915130,291.462311,211.403128,33.276424,57.660595,1.650000,501.203012,318.336234
R2S2_TRAIN_351141681E7C,4081.608508,393.333940,378.020358,13156.083465,1186.239850,45.117617,24.137405,48.636545,219.897397,52.535397,111.775298,164.310695,25.222901,142.604006,285.106835,224.409569,34.354417,57.313421,1.663470,509.341952,323.857783
R2S2_TRAIN_3FD178BD3520,4194.304745,394.273418,382.672979,13542.103084,1186.019030,41.447009,24.924608,48.217899,219.963455,48.374535,117.070220,165.444755,25.130159,161.308114,288.261377,231.708047,34.301426,57.437793,1.657707,507.090409,323.654587
R2S2_TRAIN_9601FE6F9535,4158.749748,400.684086,389.688151,11436.053041,1188.448727,42.375000,16.064433,49.470376,219.917279,47.712106,120.422613,168.134719,25.105026,195.696916,288.518483,224.671253,34.238578,57.037727,1.668300,501.840241,309.984758
R2S2_TRAIN_72F29B9E212D,4142.817032,391.932512,371.779504,8267.765760,1182.464493,40.687500,8.779568,48.161571,219.986273,50.202180,110.006110,160.208291,25.648506,186.371912,284.728965,223.012333,32.086730,57.577446,1.655000,500.222490,309.302199
R2S2_TRAIN_C906DEE7272E,4138.978515,395.408725,385.637851,10933.472912,1184.104613,40.684511,6.220510,48.002969,219.913279,47.986783,114.693771,162.680555,25.226485,163.812023,287.552777,194.069796,31.538582,57.687530,1.651700,503.647659,327.635522
R2S2_TRAIN_B74F425C9AFF,4146.674997,403.124917,391.771385,10551.387571,1193.609411,39.937500,17.665641,49.002975,219.980031,57.360620,115.434160,172.794780,24.596048,172.149869,287.266493,225.616408,34.504283,57.403404,1.661790,507.805927,321.981141
R2S2_TRAIN_9654A8C634BF,4164.303263,388.327060,380.150408,11494.930537,1180.656085,40.375000,23.347302,48.478750,219.956342,50.405061,107.815271,158.220332,25.381529,171.544434,289.946603,200.006065,32.086718,57.207478,1.671779,511.889579,325.740169
R2S2_TRAIN_616E765CDC0B,4158.008535,389.673192,384.247174,10131.051856,1187.085828,42.000000,6.915042,48.322361,219.907798,58.236535,111.341221,169.577756,25.520780,173.496430,288.659124,228.281700,31.466220,57.512515,1.654483,512.643686,330.377554
R2S2_TRAIN_39B560416DA7,4109.447120,396.731448,386.697888,13312.990184,1194.572857,41.937500,18.587745,49.426815,219.999096,48.435798,117.264423,165.700221,25.355665,179.427295,281.889043,228.458045,33.076022,57.430023,1.663793,504.784273,312.189779
R2S2_TRAIN_D0FB07BA5300,4096.387546,373.402868,364.970965,7125.024322,1186.159799,40.500000,12.569774,47.752673,216.021080,47.731506,111.882725,159.614231,25.736028,172.144353,284.363912,153.976195,34.151417,57.502830,1.654449,522.986430,341.786007
R2S2_TRAIN_2CAC02586450,4190.004208,403.002558,390.759231,11388.045205,1185.790967,42.562500,13.493082,48.749200,219.966801,52.426848,117.196256,169.623104,24.871127,125.019369,288.857092,198.536842,34.301649,57.343819,1.662000,507.199095,319.012104
R2S2_TRAIN_3C390355F37C,4049.915639,364.488787,370.746422,6189.775295,1201.282495,41.437500,13.489089,49.075264,217.124964,56.950840,87.856541,144.807381,26.616760,155.682745,288.421307,236.871409,32.825181,57.602081,1.648723,496.735499,314.280316
R2S2_TRAIN_ED451EB99F6F,4224.321704,391.307584,382.662069,8265.520401,1200.380224,38.461308,8.434768,48.050467,219.946561,57.405952,106.032488,163.438439,25.815047,141.927553,290.065752,213.457456,33.141157,57.176810,1.666789,497.101371,312.737371
R2S2_TRAIN_391078295F22,4190.337122,388.644225,381.645450,8825.439051,1199.423411,42.939221,19.442753,48.499127,219.932074,54.948522,104.272197,159.220719,25.783421,179.843933,288.099385,202.278867,33.087188,57.586671,1.648800,502.961587,313.312828
R2S2_TRAIN_EF6A5BCF5E82,3373.611126,392.644434,380.224953,10191.764065,1184.479719,43.959913,23.678547,46.797162,196.125461,52.563840,110.017007,162.580847,24.828442,147.300392,262.188823,165.428122,34.571163,57.837586,1.647620,508.501536,318.837109
R2S2_TRAIN_FE872C9A8C53,4145.191270,385.301106,378.266947,10599.078085,1182.022609,35.472228,16.664450,47.024369,213.999220,48.016329,115.512439,163.528768,25.087702,184.920536,287.578239,150.387229,30.646452,57.324711,1.662800,526.838792,342.819169
R2S2_TRAIN_99A15C87F7C5,4209.628572,401.164212,392.171546,8941.496575,1198.902856,43.064207,15.457478,49.137181,219.922723,54.264995,117.214421,171.479417,24.272717,208.320992,284.653089,234.628697,34.456193,57.700798,1.647988,505.743087,314.172383
R2S2_TRAIN_0B4D3FAF8005,4179.423067,403.386365,392.561229,13984.636401,1149.675315,44.375000,8.371002,48.002023,219.996113,52.893645,120.850584,173.744230,24.178876,150.827587,283.120783,221.437077,34.622709,57.543498,1.655600,524.930569,330.190918
R2S2_TRAIN_797FE1E06E96,4164.076880,392.895952,384.627723,10109.528246,1200.348117,42.875000,4.843962,48.486860,220.009777,50.843210,118.877521,169.720731,25.351093,161.232448,290.560657,208.809950,33.865113,57.458941,1.659838,502.278232,319.906032
R2S2_TRAIN_17BCC7F906BC,4099.634343,399.642698,386.714669,8726.655722,1185.258610,44.875000,16.138549,49.344554,220.014192,52.090191,107.904661,159.994852,24.663286,203.860061,284.225532,209.324816,32.496567,57.409330,1.655100,495.364037,306.813381
R2S2_TRAIN_CC866FBDDBE0,4276.937909,401.708160,389.499106,9120.477467,1197.352844,42.375000,20.425340,48.748781,220.013927,55.160264,112.597649,167.757914,25.875596,145.331697,293.967090,224.431769,34.318029,57.703367,1.654900,499.450629,314.100103
R2S2_TRAIN_1004F4BD553E,4149.648079,391.844546,381.829669,12646.060999,1185.889941,41.875000,17.870299,47.879588,219.925395,52.689441,109.081917,161.771358,25.504831,148.910477,285.942455,188.266553,31.558809,57.512651,1.654939,498.222005,321.849959
R2S2_TRAIN_D7E6ED8BB174,4182.180383,397.820559,381.955790,11281.025806,1186.790386,42.437500,24.832014,48.332915,219.977660,54.510644,107.567759,162.078403,25.716189,156.433968,291.516182,180.171220,34.520479,57.193961,1.662186,530.456143,328.550393
R2S2_TRAIN_8CE8254C4835,4165.348787,387.385442,378.297855,9622.635752,1200.356654,42.125000,11.597277,49.398689,219.960012,47.883124,111.060136,158.943260,25.668078,158.252895,288.176845,196.219015,33.024371,57.701353,1.646806,495.291700,317.014872
R2S2_TRAIN_DA62560F14B7,4136.305744,401.788047,388.169288,10192.948834,1185.097218,44.201112,25.484426,49.336019,219.962439,47.420330,118.631213,166.051543,24.720164,188.881650,289.470347,178.316984,33.465731,57.440521,1.653700,510.945634,313.985168
R2S2_TRAIN_B894AED7E346,4288.047163,402.631503,384.119354,12331.525971,1187.316619,45.875000,15.328098,48.441151,219.977229,52.561665,108.327684,160.889348,25.254295,156.952936,290.795070,240.312995,34.550515,57.583257,1.654400,498.857227,307.002998
R2S2_TRAIN_47A400FB6742,4251.267540,396.941967,388.140549,10893.108108,1187.406218,42.500000,3.404242,48.385849,219.956053,51.830070,108.477523,160.307593,25.537869,136.066428,294.360068,156.521240,32.908713,57.381294,1.662999,500.264078,309.285747
R2S2_TRAIN_8CA4B075DB0D,4151.343961,401.824737,385.050635,10268.277037,1187.371955,44.358025,6.398352,47.035520,219.953648,49.239010,116.821509,166.060519,24.973944,152.324688,287.098495,160.215109,34.337069,57.025782,1.661645,515.747329,327.734292
R2S2_TRAIN_F8015BFE6A83,3418.215077,383.453458,380.571018,8043.281799,1186.540222,42.687500,18.356383,49.194468,218.980283,47.726245,114.638842,162.365086,24.539970,230.053103,275.308028,215.448618,31.288532,57.503795,1.657900,515.324988,315.467898
R2S2_TRAIN_9FC616E2B3CF,4181.614154,396.270744,386.402998,7770.718165,1187.801410,41.625000,10.303772,48.702932,219.948900,56.855932,104.509531,161.365462,25.421377,169.979842,284.029405,239.742668,33.144698,57.004713,1.679566,498.845419,311.196083
R2S2_TRAIN_0CF30A1BE6C2,4095.997801,393.837260,382.136586,8778.859500,1196.411478,40.437500,3.507952,49.017588,219.980611,57.824611,104.752019,162.576630,25.444021,150.860115,290.473948,227.369079,32.990410,57.532372,1.654000,496.399448,310.788713
R2S2_TRAIN_33F238AF1B6B,4261.956910,401.149267,390.659127,14902.702875,1182.842387,46.125000,23.313604,48.322117,220.058365,54.954021,114.718734,169.672755,25.391154,149.438169,290.592819,198.860375,35.005411,57.291433,1.667715,513.769683,313.993982
R2S2_TRAIN_B453F9DAA30F,4254.720294,401.484411,389.266842,11790.339471,1186.685431,41.062500,11.365450,48.426835,216.006034,53.894776,120.323838,174.218614,24.954184,144.725378,289.651006,215.928311,31.439022,57.031532,1.669545,506.876447,311.755880
R2S2_TRAIN_FF1E40FCB34B,4210.649167,400.295147,388.152658,10194.864262,1186.334037,44.899889,6.294313,48.306684,219.986655,49.330832,123.112993,172.443826,24.638299,174.954135,291.353959,220.883131,31.157032,57.459076,1.659500,508.240169,307.825710
R2S2_TRAIN_CEBE37A38BF9,4079.463393,387.609195,378.670510,10447.624974,1185.360641,40.500000,24.091389,48.352974,219.959786,52.009615,113.067400,165.077015,25.435103,181.857219,286.532430,229.345247,34.335358,56.907879,1.669687,496.806411,315.925535
R2S2_TRAIN_0D3C216FFEE6,4163.294035,395.716188,378.651394,9688.938312,1200.308582,40.924325,22.626999,48.745812,220.019398,55.628494,101.138637,156.767130,25.563269,216.094309,284.771388,257.375422,33.935355,57.298650,1.658500,505.860709,318.797425
R2S2_TRAIN_719DD1CEA8DC,4308.904036,400.356270,386.910445,11332.312052,1199.431254,40.475691,9.492211,48.509688,219.953383,56.167726,116.207453,172.375179,25.043688,157.023564,292.251672,229.618135,34.188101,57.309053,1.662800,519.738640,330.739376
R2S2_TRAIN_C19512550918,4170.738777,396.883518,382.023458,10338.325433,1185.965614,41.250000,7.846676,47.638483,219.976447,53.084113,106.522833,159.606946,25.909188,134.423816,289.414524,178.262150,33.376579,57.174288,1.660800,502.618027,317.431250
R2S2_TRAIN_843D22D0285D,4152.318170,400.016922,384.373709,10821.367872,1186.094978,42.562500,18.944615,48.963800,219.940774,53.637871,119.235268,172.873139,25.350264,138.904506,288.325940,214.058042,32.571226,57.603192,1.655940,502.869132,325.030490
R2S2_TRAIN_A57AC1F958B6,4192.069082,391.147730,380.026083,10659.428799,1189.573767,41.875000,9.701600,49.324037,220.046078,49.993268,107.061306,157.054574,25.975893,151.715409,287.363759,228.052861,34.319798,57.606434,1.653076,494.975682,312.737053
R2S2_TRAIN_BD4C44D39E1B,4164.145879,400.257391,389.515525,12891.847736,1182.733083,41.489148,6.672058,47.312477,219.994942,49.027005,120.514834,169.541839,25.442796,157.631312,273.865839,180.485239,33.011268,56.305537,1.689049,507.688350,321.205284
R2S2_TRAIN_9ABEDFE90919,4253.429228,394.597658,385.841207,13819.736043,1182.133585,43.062500,25.475709,48.465442,219.916659,56.756961,107.925579,164.682540,25.206917,151.663174,286.798813,234.651565,34.360730,57.530892,1.655976,508.645927,319.808130
R2S2_TRAIN_71790E2522F6,4142.062987,394.388057,382.541815,8995.014267,1200.305309,42.437500,16.546418,48.358226,219.930439,52.122682,109.257142,161.379824,26.536729,145.261712,291.354641,216.232751,32.001289,57.572279,1.652300,503.107405,310.435737
R2S2_TRAIN_32AA5ECA5608,4180.093270,398.223195,388.221974,11127.876297,1192.947860,40.375000,6.256362,48.641784,219.967606,58.871866,109.427132,168.298999,25.255370,133.138307,288.451555,218.896998,31.546033,57.256438,1.667901,503.444378,309.977640
R2S2_TRAIN_96363EBF8DF0,4248.970804,399.730685,387.185891,7902.953853,1194.106665,39.102922,13.798210,48.523941,220.026871,52.667270,109.121153,161.788423,25.771326,140.456639,290.914527,222.825710,34.369395,57.689357,1.649764,505.912186,332.626618
R2S2_TRAIN_635EC5F7DC47,4194.505014,393.033260,381.281155,8214.582696,1186.919293,37.625752,25.908030,48.124099,218.010528,49.034134,113.708543,162.742677,25.841948,189.573777,294.788932,226.910842,34.308976,57.467785,1.658940,512.996511,339.022311
R2S2_TRAIN_88F0A1F5055C,4156.360245,392.287037,381.090563,13156.113421,1191.642165,41.500000,25.292527,49.219531,217.628070,49.368003,116.454559,165.822562,24.476911,157.451633,281.888798,233.147712,33.219581,56.809598,1.689567,525.196784,328.131357
R2S2_TRAIN_FE83DEBD885F,4086.099061,384.865620,380.655085,10583.643201,1199.533252,40.500000,20.582944,49.324655,219.938827,53.181144,99.756207,152.937351,26.023488,154.697493,289.176512,213.535000,34.426130,57.174900,1.665108,504.633379,317.583356
R2S2_TRAIN_BA44E6CFE3AE,4183.139793,395.463130,384.892051,8777.605834,1189.004237,44.875000,17.878546,49.419870,216.005053,54.157794,112.401842,166.559636,25.795256,143.190382,293.800374,215.932553,34.334769,57.475446,1.660674,499.173628,307.387430
R2S2_TRAIN_2D14F3D1DB0F,4191.882868,390.400724,380.114176,8588.833751,1185.928663,41.875000,13.138577,48.563098,219.965613,52.747471,112.476117,165.223589,26.112256,186.290521,287.445906,232.349844,34.277766,57.644873,1.654991,494.434982,312.024833
R2S2_TRAIN_6AA5F639F2C9,4242.089502,401.440590,390.460423,10011.157614,1196.905401,41.687500,18.525643,48.022318,219.968876,55.530212,117.774217,173.304429,25.431258,147.411623,290.637224,237.708095,33.385619,56.449341,1.665273,512.897715,326.585135
R2S2_TRAIN_625964E4A7C9,4105.869236,394.544757,380.000842,7462.006926,1195.819158,39.355266,8.364157,49.258597,220.016068,57.058004,106.172175,163.230178,25.379026,151.958002,282.695697,232.305664,31.491395,57.341529,1.648900,498.242302,310.612036
R2S2_TRAIN_E3DF806EDB1B,4353.142988,402.593146,390.724304,13128.738065,1194.704551,45.862328,8.276266,48.875804,219.999688,51.784236,108.837920,160.622156,26.270125,127.674870,298.144697,150.097734,35.053050,57.790395,1.648841,499.196384,318.465628
R2S2_TRAIN_C6B5D045C079,4215.017231,397.062513,384.066548,13781.818205,1186.975690,44.995339,15.477968,48.830409,219.960784,52.474018,112.897973,165.371992,26.263776,134.156515,294.212910,220.730611,34.294755,57.748319,1.654800,494.938115,310.298998
R2S2_TRAIN_970084BEECAB,4192.314148,396.728637,384.503481,10698.882205,1187.713264,41.437500,20.588557,48.075019,219.961563,53.283419,108.302077,161.585496,25.352589,154.355665,284.606210,226.875340,32.999775,57.433849,1.655846,497.040487,307.787804
R2S2_TRAIN_2E6071CE2E13,4177.923065,393.199859,381.184612,8474.148858,1184.597078,38.996596,13.389524,48.695287,219.967857,52.183893,107.585474,159.769367,25.401528,162.278039,284.718937,234.367740,33.287698,57.733238,1.654100,504.557739,315.055374
R2S2_TRAIN_92C599475A0A,4025.554461,390.996460,382.060208,10124.686682,1187.119308,40.812500,25.985676,47.279330,219.151514,48.314794,116.396559,164.711353,24.136140,177.429640,277.969353,203.510542,33.075658,57.262773,1.660422,526.219451,337.420632
R2S2_TRAIN_1CB85D7B3959,4197.416464,384.058891,373.508554,6164.432310,1187.246004,36.625000,13.161106,47.949790,219.953829,49.617121,104.879419,154.496540,26.303185,157.666794,290.194476,220.348040,32.540552,57.363964,1.663592,530.826392,351.251651
R2S2_TRAIN_14180604986C,4255.967577,403.077832,390.606485,7311.649423,1200.970779,41.062500,12.794775,47.460394,219.992507,48.418412,123.599334,172.017746,25.885293,166.923431,291.485191,230.954065,32.031885,57.667405,1.653900,509.816028,330.164182
R2S2_TRAIN_A5C96715AE06,4043.476149,395.560043,377.084897,13938.158538,1139.666121,42.375000,25.054172,45.855385,182.659214,43.369121,123.173691,166.542813,23.778882,171.024555,278.853268,176.274500,31.394391,57.411935,1.654800,539.143840,343.610354
R2S2_TRAIN_1ED11EFCC439,4209.940792,391.692476,383.728599,8676.643748,1188.438802,42.000000,26.087264,48.798225,219.950908,50.451398,115.888919,166.340317,25.809242,154.900566,288.690091,214.414744,34.264893,57.790403,1.650613,511.589951,322.467379
R2S2_TRAIN_4A1C283514BE,4235.285996,396.755680,385.543600,14925.245424,1182.018785,38.128931,20.517201,45.798740,219.186621,50.435800,118.994778,169.430578,25.158214,194.917315,295.732480,155.975271,34.722628,57.398653,1.659415,534.205911,331.732114
R2S2_TRAIN_CA8E6AEF461A,4185.153875,393.103706,386.061702,10320.983804,1199.375494,39.937500,26.090819,48.332091,217.965101,47.029626,109.286218,156.315844,26.000680,155.180804,283.939832,220.421398,33.102378,56.985686,1.669522,516.614631,337.500273
R2S2_TRAIN_61C534EC9E01,4288.366615,405.510873,394.035291,12472.518050,1189.620833,42.687500,11.009853,48.771394,220.040110,55.778132,122.956739,178.734871,24.090855,143.482442,292.989009,214.886642,34.268864,56.367749,1.695200,502.736341,307.754876
R2S2_TRAIN_A9AC5BA15689,4146.797437,379.716375,370.646576,8463.030424,1184.932838,40.375000,6.053398,48.728253,214.926498,54.167064,98.913745,153.080809,25.583770,139.418495,291.429579,208.071011,31.350812,57.302217,1.665600,502.766735,317.072103
R2S2_TRAIN_3D1809E581D5,4272.507404,399.484994,388.653956,12984.967104,1186.307761,42.188027,15.550308,47.069473,219.970428,46.907769,119.912848,166.820617,25.768787,141.546828,293.847342,186.423386,34.286328,57.629470,1.654300,514.232700,328.895576
R2S2_TRAIN_76253B74BCD6,4147.408201,392.264039,383.406307,13379.437354,1186.311674,41.562500,24.853451,49.096381,219.918358,54.045981,112.377044,166.423025,25.519869,133.476588,290.689949,240.981737,33.993490,57.300520,1.656800,500.705886,315.559533
R2S2_TRAIN_926A3DB59371,4267.730830,400.903166,389.493608,10371.410787,1186.093492,43.914462,11.239991,49.286123,220.018916,48.423730,117.340975,165.764705,25.142534,151.016717,296.443204,197.494717,34.565291,57.174972,1.662000,508.953089,317.302813
R2S2_TRAIN_8C6A9C9332C7,4230.066095,393.241904,383.321062,8564.746702,1185.676963,40.625000,4.903942,48.445817,219.991555,53.458972,103.864647,157.323618,25.451002,160.673187,288.756994,213.397164,33.359033,57.847468,1.640953,505.794758,315.467109
R2S2_TRAIN_6F30E48871EF,4137.762783,392.403127,379.900976,9944.508236,1182.750402,39.375000,24.972810,48.455475,219.923608,46.773586,112.313325,159.086911,25.180596,155.531225,286.978983,210.134640,31.240431,57.073390,1.664844,511.525125,318.638792
R2S2_TRAIN_A294627C5924,4115.463828,388.611551,383.502444,9697.786575,1178.165501,41.125000,9.998584,48.618159,215.934762,50.508509,106.384580,156.893089,25.462231,161.776621,284.745721,215.124843,34.214629,57.705460,1.650600,494.775274,309.698359
R2S2_TRAIN_D1CB214E484F,4082.737948,393.495397,381.709332,8205.486037,1182.845791,39.937500,9.690318,48.949110,215.961978,54.170182,117.661128,171.831310,24.492657,152.645171,281.199118,195.689015,31.533597,57.240678,1.662661,504.289500,318.339348
R2S2_TRAIN_4441DBA33DC6,4059.925806,396.089617,381.303950,4282.108343,1193.699003,37.205684,7.905675,48.826726,219.898720,55.807493,106.289644,162.097138,25.254653,151.762672,285.688201,222.583576,31.378654,57.452949,1.651500,494.559016,314.254502
R2S2_TRAIN_36F8744F6CFD,4302.905211,399.526595,390.482770,14616.890253,1192.497366,41.312500,24.419421,47.998684,219.996026,48.869961,119.041143,167.911103,25.366117,139.117488,296.429012,228.844289,34.232266,57.326842,1.664870,525.361099,334.889392
R2S2_TRAIN_46ABE267A705,4099.304080,397.680476,384.778880,8150.489252,1195.085135,40.375000,11.629493,48.289406,219.972599,55.258714,110.559408,165.818121,25.556028,149.817249,287.738219,204.865428,31.960248,57.737353,1.653300,503.547472,320.557074
R2S2_TRAIN_374608C97CDA,4090.587611,398.538969,387.009922,10292.929182,1184.783896,40.000000,19.581392,49.689809,219.961772,54.659829,116.355048,171.014877,24.051712,166.838454,274.972544,227.433293,34.454438,57.265306,1.655700,510.357571,329.397913
R2S2_TRAIN_FEFBA6B6EAA1,4115.719516,397.630810,381.834027,10400.725149,1182.326727,39.060251,25.695213,46.756684,212.185650,49.386870,116.646908,166.033778,24.241846,193.645023,278.676354,219.038055,31.237772,57.297721,1.655509,539.748081,358.650144
R2S2_TRAIN_331796811852,4149.459425,394.713695,379.780846,10016.443043,1190.048026,41.812500,11.648380,47.832149,219.935292,46.874511,114.663677,161.538188,24.875948,215.313595,286.314516,208.874032,32.535725,57.573812,1.652100,510.951967,340.517154
R2S2_TRAIN_026653E36743,4031.055653,386.169596,381.611283,11716.381017,1130.714451,41.500000,13.986752,47.233723,219.962209,48.054080,107.283627,155.337707,25.070098,155.394348,287.036273,162.979123,31.466112,56.880630,1.684166,506.536505,317.488138
R2S2_TRAIN_6566CBABDC20,4180.313646,388.570526,375.553119,13128.690450,1131.294769,42.875000,20.219902,46.375046,214.982354,43.867857,106.731885,150.599743,26.057042,163.514613,292.807354,188.040731,32.516345,56.233050,1.689626,520.533751,331.577372
R2S2_TRAIN_646FEDB950A2,4180.393530,396.097519,385.426776,8823.657552,1190.427811,43.950926,9.001202,48.084670,219.996938,49.879807,109.825632,159.705439,25.773863,158.583050,283.844788,227.877182,34.459277,57.490474,1.651700,494.930533,312.130885
R2S2_TRAIN_F3D230D5FD78,4112.193843,391.225590,386.441143,8245.789643,1185.323831,40.946334,25.899685,49.249163,219.922940,49.974267,110.410833,160.385099,26.005476,168.766543,287.889440,224.423666,33.055307,56.806896,1.664381,508.740755,319.563120
R2S2_TRAIN_AB1397908902,4139.016880,392.320462,378.719883,9360.694131,1187.825989,38.081343,25.153787,47.107706,218.013577,50.048604,109.122243,159.170847,25.469903,189.402022,284.678216,194.125519,32.019811,57.305757,1.663486,523.218817,331.784261
R2S2_TRAIN_937B6D1A02EA,4234.309308,403.992933,393.440001,14012.215652,1181.874964,42.271718,22.004632,48.378712,215.941903,50.420376,121.963920,172.384296,23.777627,148.081420,289.899122,202.792501,32.966408,56.352640,1.673433,495.414248,307.459130
R2S2_TRAIN_5ED99C28E4F6,4116.554161,391.451562,382.349828,7091.634379,1188.811971,41.375000,4.773256,49.357922,219.979099,47.123979,107.839955,154.963934,25.584911,202.592649,286.670969,215.303784,31.163521,57.195004,1.664015,499.108922,319.381437
R2S2_TRAIN_5A57E2F09840,4105.657372,386.590969,385.668083,12751.029001,1185.336836,41.625000,20.720704,48.584117,217.272143,50.023214,113.746494,163.769708,25.761161,165.424600,280.600559,232.868060,32.654055,57.369898,1.663315,528.298077,323.225777
R2S2_TRAIN_9D4E3ED65E43,4209.866189,397.035571,383.405115,10455.309746,1187.487314,42.000000,4.876383,47.300599,219.974819,47.680041,117.292645,164.972686,25.586401,143.353578,288.823375,213.756353,34.457670,57.639228,1.647639,496.493678,314.287320
R2S2_TRAIN_039013D09F12,4168.506110,379.165744,344.200235,8157.354108,1200.628835,40.062330,25.812579,49.430192,219.976261,45.982315,109.285194,155.267510,26.317507,214.215541,291.879188,214.780549,31.496149,57.596632,1.656500,517.372841,333.148647
R2S2_TRAIN_9AF73C8542D6,4222.986344,400.480970,388.492811,12779.768866,1183.331750,47.110056,12.143300,48.989940,219.967061,48.944696,121.675413,170.620109,25.042774,158.412942,292.569219,162.681262,34.476628,56.303241,1.691656,504.349413,310.614029
R2S2_TRAIN_35762FBCEBE7,4208.910391,389.922854,380.694058,13192.361992,1199.300966,45.750000,6.482559,49.453047,220.004749,55.432499,106.144756,161.577255,26.172625,132.600074,286.973146,188.167920,34.446663,57.425428,1.652097,503.497481,309.668866
R2S2_TRAIN_74A725997241,4058.481369,396.328273,381.767475,8619.281909,1184.768946,41.875000,11.118515,48.572887,219.982675,49.780569,119.453377,169.233946,25.060640,151.118208,286.695234,212.310764,32.592958,57.602406,1.649863,511.788968,325.308950
R2S2_TRAIN_3873CB6AAFA7,3373.611126,381.287848,361.408682,8959.724621,1188.017362,33.867468,17.304222,48.423985,206.920865,57.107885,98.577983,155.685868,25.286663,187.271226,263.114222,222.025605,32.650928,57.603006,1.650761,507.930272,327.323076
R2S2_TRAIN_1FEA23F8B096,4076.671887,393.473252,377.449437,7112.310525,1187.877110,42.125000,13.538744,48.814822,219.977999,49.879309,109.847623,159.726931,25.304119,144.858360,287.247618,211.565240,33.320525,57.457491,1.656800,496.784472,317.350667
R2S2_TRAIN_2085EF623237,4215.664278,394.234287,389.187914,12820.355980,1187.855993,42.592117,22.445038,48.381447,219.974083,54.075325,111.299548,165.374872,24.676017,159.853170,284.111970,224.809334,34.559039,57.478966,1.648824,505.627269,318.403339
R2S2_TRAIN_9D438E3CE129,4056.221695,391.724587,380.202140,10092.296641,1192.874681,42.002553,11.689168,49.296365,219.955084,55.018077,110.454341,165.472418,26.088818,140.319215,291.241925,225.223603,32.043200,57.408270,1.659764,507.512700,319.208998
R2S2_TRAIN_3FA165690BAF,4168.783073,391.943595,378.506572,11248.413574,1183.714140,39.078963,12.303683,47.676083,219.965694,52.022831,108.174426,160.197257,25.742191,138.250727,291.071222,227.864546,32.012442,57.322466,1.656351,502.551545,327.106029
R2S2_TRAIN_79C54846F296,3631.757162,389.098577,383.521776,6217.710892,1187.754602,35.207677,22.309979,47.343396,199.017488,42.849423,115.409626,158.259049,24.202134,204.536861,262.188823,209.822257,31.213422,57.488596,1.655292,509.362481,326.342238
R2S2_TRAIN_FEC7287752E7,4206.414863,401.784594,385.829431,11549.546942,1183.209609,40.632166,24.724922,48.440485,219.953685,54.210127,121.149083,175.359210,24.469949,174.879579,286.806870,207.097068,34.545508,57.517920,1.653600,516.307406,334.058457
R2S2_TRAIN_96C47906E5F6,4042.593606,390.905671,368.418347,6290.008482,1186.249486,39.493672,13.235995,47.458959,219.876369,56.529529,98.569616,155.099145,25.617925,149.838358,284.838756,222.995696,32.799770,57.665024,1.648742,521.576979,341.747559
R2S2_TRAIN_3731FAEACFFD,4067.836556,382.860636,375.207190,5953.807896,1187.320139,34.644006,12.282773,49.154245,219.916366,55.625188,105.489202,161.114390,25.329944,194.381787,286.378406,222.872167,31.281367,58.052515,1.640953,500.384778,316.543376
R2S2_TRAIN_56ACD393C5DC,4063.324098,394.031261,387.894750,7174.163429,1184.615662,41.937500,4.441518,48.862062,219.982076,45.838476,118.067570,163.906047,25.002080,146.041179,279.687665,162.439072,32.786826,57.249838,1.670632,502.631170,315.474951
R2S2_TRAIN_00C2437021F7,3841.611004,389.829435,351.856109,4020.341286,1200.532322,28.967188,15.148883,48.507365,219.918679,48.041645,109.056415,157.098060,25.158910,177.642668,279.989880,223.370134,31.417323,57.467622,1.657600,497.744957,311.540434
R2S2_TRAIN_E948553863D1,4110.757636,393.708870,382.834805,10221.332584,1189.719716,42.887767,8.743067,48.809818,219.954618,54.858785,112.599109,167.457894,25.387967,173.782328,283.240156,228.831015,31.544688,57.590276,1.654768,490.498073,303.491678
R2S2_TRAIN_7EF974B2B5CA,4241.572183,403.173585,391.241332,13889.729595,1176.951608,42.062500,9.472554,47.098587,219.968930,56.687372,119.736711,176.424083,24.515345,122.890935,291.306221,162.293888,35.022420,57.300008,1.662595,503.316061,312.399602
R2S2_TRAIN_C81AC1F37669,4248.741617,394.239526,381.005366,9213.261925,1185.268026,37.569969,7.848458,48.691612,219.976312,56.538488,108.193981,164.732470,25.996636,146.379046,293.388994,210.218148,31.370165,57.717870,1.651395,496.259088,312.912660
R2S2_TRAIN_EA19EEA00F7A,4235.612971,389.079562,377.308919,6158.828993,1189.227612,28.967188,9.514982,49.052461,219.984799,51.445261,106.642484,158.087744,26.350931,223.725132,289.162853,234.602922,30.836698,57.047052,1.666554,495.785981,311.258845
R2S2_TRAIN_6CBB40E3F539,4081.804448,387.354958,378.590787,7985.054993,1184.933518,40.125000,10.457991,49.943376,200.461725,51.019112,103.757080,154.776192,25.382945,131.886601,285.138002,234.093758,32.094884,57.572262,1.653875,495.847333,317.422155
R2S2_TRAIN_B6E88C39131A,4128.855399,397.695148,383.459402,8689.880273,1181.817005,41.748614,12.371378,47.624189,217.990434,51.515389,112.710645,164.226034,25.347141,151.574680,281.216177,224.274450,32.574681,57.433817,1.658000,516.038616,319.545712
R2S2_TRAIN_1F29399335B8,4245.221360,394.884359,383.214023,13019.615863,1187.785278,45.160495,6.232426,47.456026,220.021480,50.406931,113.215243,163.622173,25.148904,150.027378,288.017014,144.284395,34.345275,57.455747,1.651100,503.557801,321.134140
R2S2_TRAIN_CAC158396E26,4289.965534,405.245605,392.972329,14376.181183,1186.254102,46.967168,19.722559,46.486144,220.000914,54.177022,117.499604,171.676626,25.064720,140.342876,292.902556,197.794639,34.313682,56.684996,1.661886,512.204413,330.381700
R2S2_TRAIN_12AC090E9AB1,4107.078069,386.298102,374.834677,4135.449107,1200.480263,41.500000,27.220842,49.336315,219.952197,55.794065,108.417040,164.211105,25.375713,183.702105,284.459080,216.866522,32.645959,58.052515,1.648719,499.687401,314.744810
R2S2_TRAIN_F3EA3240CB2C,4077.971845,381.658171,371.796673,8591.201792,1184.527682,43.187500,18.963694,48.736552,215.979373,51.014482,105.794298,156.808781,26.263029,165.226123,286.766153,223.830938,32.598381,57.380932,1.664839,503.331578,309.485252
R2S2_TRAIN_30EADDC65BA5,4274.717064,401.891046,387.457667,14657.899936,1182.621885,44.062500,12.910392,46.617169,219.999290,48.005411,116.964370,164.969781,25.957609,161.712727,291.395249,169.710446,34.387288,57.419764,1.660545,513.227113,327.898485
R2S2_TRAIN_A47E47B79312,4211.150407,397.564885,385.271727,8212.220566,1198.661026,41.562500,19.902207,48.432749,219.966846,49.998779,119.218064,169.216843,25.114771,173.772534,285.688193,221.977440,30.646452,57.390102,1.671247,504.561980,333.950193
R2S2_TRAIN_CFF6DE51EEDC,4130.876710,395.246133,384.596221,10157.269693,1182.563613,41.687500,20.870400,48.944949,219.991219,50.757003,107.828195,158.585199,25.113932,214.221357,289.225572,237.559243,33.363574,57.573979,1.657200,509.233548,315.143900
R2S2_TRAIN_DC3E0D6F1452,4202.955402,401.163238,389.442516,12076.333921,1184.113896,37.922931,10.033385,48.449850,219.960784,53.635011,118.740909,172.375921,24.034654,215.325356,284.923062,257.375422,32.531251,57.265864,1.663338,506.799050,316.849541
R2S2_TRAIN_EC524A73C712,4264.524128,393.946383,382.936971,7026.523539,1200.185055,40.700927,12.814801,48.394340,219.978398,55.733462,108.488717,164.222179,26.095750,164.630665,289.590264,239.938109,31.409526,57.842633,1.648600,511.427938,326.725580
R2S2_TRAIN_D4B542F5D8AB,4009.373618,383.214590,371.933926,8779.004137,1187.299393,38.524260,17.818493,48.495618,215.991588,48.190175,115.570887,163.761062,24.714326,160.654330,278.421471,222.563973,31.360277,57.165526,1.661533,502.045874,323.230133
R2S2_TRAIN_1F7482B6FED9,4150.215275,395.575632,381.533246,5101.859568,1200.985610,39.253465,10.539718,49.134054,219.993382,56.674944,105.089551,161.764495,25.429572,211.196731,287.368228,249.377618,31.527921,57.176699,1.670357,496.994086,310.717183
R2S2_TRAIN_94F177A2F52C,4165.783650,394.028817,381.476585,11459.492294,1191.741523,40.375000,11.025297,48.560272,219.917320,53.609811,115.798461,169.408272,25.336335,181.219761,290.993838,191.310773,32.714311,56.471333,1.692201,514.363614,339.497548
R2S2_TRAIN_3101BB95418E,4047.348075,384.517488,380.095431,5580.596363,1169.679350,37.437500,7.037122,48.228269,219.979908,50.113522,103.401430,153.514952,26.021066,162.975307,285.160860,206.347327,30.646452,56.802541,1.682488,518.678209,325.079977
R2S2_TRAIN_82E84E33D270,4191.352626,393.301816,385.607899,11167.550534,1193.265810,41.875000,24.285255,48.192422,219.986156,49.612617,117.769484,167.382100,25.513700,143.277158,288.111980,180.373662,33.260773,57.667239,1.647313,502.586980,316.114015
R2S2_TRAIN_8DDBDF9AD544,4022.067927,381.222395,347.932204,6955.701184,1188.850675,40.205880,24.139856,49.666216,214.968939,49.751752,103.900581,153.652333,25.881018,168.901343,278.512476,217.733219,34.181699,57.753709,1.646697,501.442850,318.361101
R2S2_TRAIN_B4075741E8D4,4198.547595,396.290512,379.505818,8120.886126,1186.301401,42.495229,14.783436,48.412849,219.927448,45.364782,112.782448,158.147230,25.614863,163.522656,288.368952,185.581272,32.604801,57.574307,1.659463,503.490094,332.395953
R2S2_TRAIN_5F775133EFAD,4086.164144,390.068611,383.708706,9500.806732,1184.027403,41.875000,24.004455,48.738333,219.949525,50.958793,108.400149,159.358941,25.638611,191.012020,284.504814,210.976025,32.592912,56.898634,1.686692,524.700867,340.935315
R2S2_TRAIN_3596F9BFF3DD,4151.785821,397.280043,388.912499,8017.146849,1183.945494,39.200952,16.537987,48.453559,219.912291,54.783659,117.027886,171.811545,24.696252,159.426888,284.719552,216.910820,32.540939,57.529291,1.660301,508.031451,318.905478
R2S2_TRAIN_9B267C794DDB,4156.724854,387.772197,377.209021,13505.820618,1186.553224,42.874197,15.465504,48.906386,215.916712,55.953207,107.295865,163.249071,24.820484,179.728181,287.774950,190.760283,34.998215,57.873124,1.648600,508.174998,321.191543
R2S2_TRAIN_9753EFD7B7A9,4010.657847,392.384166,380.704601,7013.500374,1196.359813,37.437500,10.718564,47.316510,219.979308,58.909610,100.621175,159.530784,25.299098,151.511159,284.843159,233.191258,33.384925,57.107710,1.668300,507.683044,319.089387
R2S2_TRAIN_CC7E0A4DBAD3,4202.191818,397.645662,379.644325,9310.329342,1201.405030,41.437500,18.789596,48.277141,219.977160,53.569772,106.295169,159.864940,26.034322,166.175221,291.826782,230.166680,33.989636,57.380171,1.662400,508.905140,335.840752
R2S2_TRAIN_9A712F5AEDDC,4174.364972,393.367802,386.120278,14904.096859,1182.195258,42.500000,25.149612,46.637658,219.932406,47.240046,116.437831,163.677877,25.404819,164.287325,286.888240,175.261615,34.454893,57.430169,1.662251,513.769659,329.478324
R2S2_TRAIN_0312C40A78E8,4255.765870,382.435947,382.799354,8289.397747,1200.065739,39.125584,8.414308,48.788446,219.998639,57.414007,90.755317,148.169324,26.091954,129.258704,297.790031,200.086257,34.249704,57.817189,1.649546,495.074181,315.720217
R2S2_TRAIN_9E3668DFF9E8,4232.850167,393.018794,378.186078,13427.621498,1183.106833,43.639141,15.819700,46.382048,217.929607,48.919753,117.356693,166.276446,26.272198,160.526660,296.329045,189.876405,34.354293,57.756366,1.653924,506.795364,318.371124
R2S2_TRAIN_4290E7726CA8,4207.844681,395.404621,380.603407,13135.649742,1185.048125,40.937500,7.774255,45.816330,219.928246,50.286934,109.258495,159.545430,26.242199,176.610768,292.149097,167.144176,34.235023,57.488401,1.652400,509.922843,327.502499
R2S2_TRAIN_CE532093309F,4183.083142,393.847446,381.065013,12807.523753,1183.458414,41.437500,25.750439,48.039930,219.957869,46.574105,117.092434,163.666539,25.221163,177.220936,289.245870,171.672924,31.515581,56.882370,1.690267,498.370096,317.224473
R2S2_TRAIN_8E0D4FE1D727,4205.627947,396.110911,376.918911,9128.071049,1186.948914,43.577961,7.192536,47.938517,219.967689,48.943063,102.959948,151.903010,26.212086,128.705049,290.257640,176.271636,34.367931,57.322947,1.658300,509.218456,332.396430
R2S2_TRAIN_DCE2D1F5A470,4048.454918,396.294249,382.408130,11485.912428,1186.788169,39.601380,12.289618,48.059012,217.974668,54.847041,110.312886,165.159927,24.274118,195.983833,280.068146,218.890551,34.313694,57.332195,1.664994,503.175861,318.757958
R2S2_TRAIN_052BEAB4C346,4099.835965,392.837889,383.389866,10117.697018,1185.660446,40.500000,6.871510,48.551488,219.972595,53.565408,110.110708,163.676116,25.220764,139.324320,291.559157,222.620663,34.368396,57.483524,1.657083,503.915713,312.161078
R2S2_TRAIN_A9A42B6F3432,4235.995825,401.056239,387.126404,11181.822934,1186.928721,43.187500,25.240542,49.274001,219.940863,47.413791,118.039855,165.453646,24.695368,143.075812,290.487708,189.647355,34.496891,57.321995,1.656570,509.740832,324.709274
R2S2_TRAIN_CBD4F18B9FE5,4265.338110,394.052539,386.977629,9982.589620,1194.359158,41.187500,4.311242,48.633560,219.989007,53.255328,116.227377,169.482705,26.055892,143.991364,294.164723,195.528528,34.375354,57.575661,1.657318,495.583429,307.534094
R2S2_TRAIN_D0AD6145A394,4153.150524,389.583109,379.933502,8619.026294,1181.505589,40.250000,22.630360,47.705112,212.655267,48.545781,116.936368,165.482149,24.838476,191.238402,279.985198,213.083132,31.215928,57.206783,1.661826,506.631330,328.623295
R2S2_TRAIN_B9D1AFFD153C,3971.855516,383.955739,378.762147,5251.684236,1200.005828,35.168730,18.666461,48.360960,209.935828,54.018082,108.197127,162.215210,25.182641,180.682067,277.765430,229.420842,31.272968,57.782430,1.648900,500.165733,321.728641
R2S2_TRAIN_73487EAA1C3C,4149.109876,396.546629,381.071057,12540.352361,1184.110698,41.687500,18.805953,48.944181,219.945083,55.706750,108.938190,164.644940,24.812713,179.473764,284.817600,224.394405,34.231345,57.303956,1.668250,507.304082,325.031507
R2S2_TRAIN_2D34AA8326BD,4229.154933,399.576031,386.825579,13741.442639,1185.175189,41.875000,25.155578,46.172191,218.161324,54.408939,123.655737,178.064675,26.005107,159.101725,293.539854,210.985688,34.482839,57.256637,1.651139,511.621454,331.657732
R2S2_TRAIN_DB6D7215F1F2,4091.390729,381.983638,370.783594,6151.052377,1187.214248,38.460721,23.578615,48.918702,219.940417,51.733183,105.087558,156.820741,26.160721,164.559774,290.060123,229.013532,31.179673,57.373554,1.662300,503.050427,321.107723
R2S2_TRAIN_F9DC948233DC,4227.020345,395.982931,386.497467,8590.805818,1201.084199,41.148001,25.588693,47.411326,219.929593,51.858412,118.885200,170.743612,25.782959,150.269062,291.655968,218.900269,34.296645,57.658304,1.648814,511.723731,331.429120
R2S2_TRAIN_E7DA416550B3,4071.642453,388.101765,369.782164,12253.477562,1187.424985,41.812500,25.603863,47.456506,219.978906,47.951704,107.772747,155.724451,25.987606,171.504511,292.496609,194.633078,34.597957,57.495222,1.653797,522.971883,326.766424
R2S2_TRAIN_E4F86EE3F534,4180.329156,397.394441,383.034012,11505.244484,1187.440125,45.108840,12.704394,48.203735,219.991963,50.713777,112.926532,163.640309,25.953689,148.173025,287.263064,214.677483,34.411044,57.497437,1.662836,498.999821,312.869117
R2S2_TRAIN_D9A54EF95C40,4218.370363,395.558823,388.063644,8510.386829,1188.134598,42.125000,13.551988,49.269395,220.053446,57.178777,107.343091,164.521868,25.310376,167.004486,288.271353,220.687583,34.339073,57.611050,1.649407,501.121757,313.328311
R2S2_TRAIN_BB109FC7A72B,3823.651931,351.252850,318.890332,9245.688092,1186.760643,38.596466,25.176301,47.364981,213.075628,47.041272,96.146741,143.188012,25.972997,164.962859,282.205864,171.253004,32.681599,57.518446,1.656800,528.616916,358.650144
R2S2_TRAIN_D84C1FB561A4,4202.134525,396.810671,384.277943,6149.857491,1200.355357,43.062500,10.129392,48.981105,219.988353,51.091843,107.878566,158.970409,25.562055,196.446606,286.654001,227.150663,32.758475,57.477022,1.663668,496.531889,310.019776
R2S2_TRAIN_AA466D1FE5FC,4138.880254,402.192895,393.857895,11387.593555,1183.973494,41.094660,24.508055,48.343963,209.311776,48.607067,122.162602,170.769669,23.677491,188.916453,271.243222,203.742325,34.500605,57.771348,1.646901,521.512805,326.896507
R2S2_TRAIN_FA5780CC48AF,4095.915306,380.985108,366.436602,9837.264824,1186.723825,36.625000,25.508367,48.329794,219.925853,49.942229,105.052301,154.994530,25.609134,176.002164,284.641918,216.013432,33.196756,57.145989,1.655644,510.268709,330.271568
R2S2_TRAIN_1B38D090CEB3,4226.607226,398.038947,387.740742,12204.035925,1195.827083,43.174975,4.506584,48.530443,220.006189,56.322928,113.793015,170.115943,25.590880,124.000483,288.973118,218.032556,34.499279,57.586945,1.657912,511.443487,323.543002
R2S2_TRAIN_86F443736E84,4115.382030,393.458987,380.004756,5230.646628,1199.346991,40.870407,18.621520,48.220889,219.919415,49.865972,110.270344,160.136317,25.097231,189.679686,285.791417,223.489851,31.184325,57.134768,1.662893,512.689030,321.189640
R2S2_TRAIN_46F7C3EA4165,3878.440785,393.227818,374.259869,7132.613408,1185.517224,37.056781,9.154785,48.660543,214.902283,52.137739,104.293625,156.431365,25.978846,152.664708,285.662653,226.686359,33.257844,57.464344,1.652555,506.292260,313.516890
R2S2_TRAIN_5A3DD483A6FB,4075.462840,389.908410,377.747221,13694.354198,1188.104251,42.750000,19.602630,48.467212,219.958108,51.339269,109.902959,161.242228,25.909202,128.736130,290.998171,180.332800,32.937718,57.272316,1.664986,497.369448,321.628115
R2S2_TRAIN_91714E1678D5,4207.695873,397.877008,385.886002,12666.871236,1199.287563,42.677781,11.863978,47.525595,219.987531,57.101090,107.297675,164.398766,25.456709,146.229323,283.876171,199.870681,34.385656,57.626282,1.654402,516.281037,331.496940
R2S2_TRAIN_7DDC62C49091,4097.451714,390.920390,388.419792,10999.197041,1185.691224,37.890706,17.799166,48.159431,219.936136,54.766367,105.009619,159.775986,25.654348,160.649437,287.897549,217.883695,33.270507,57.558950,1.652100,516.605321,332.110584
R2S2_TRAIN_629D73CB4A40,4198.076747,393.710273,384.007359,8559.087208,1193.996005,42.687500,16.445587,47.025313,219.958344,56.201690,108.688950,164.890639,26.111832,164.793901,290.643546,232.833334,34.317260,57.306189,1.661800,516.604723,335.079353
R2S2_TRAIN_89519A5B41AC,3950.576811,380.236557,381.547970,8176.619008,1172.277564,34.645891,18.851687,49.776478,215.944420,49.370874,108.673584,158.044459,25.012566,135.155818,277.691661,218.992044,32.795657,57.510822,1.657500,509.508552,321.732336
R2S2_TRAIN_E0EC1BF5C017,4083.617071,392.790595,369.903452,10342.882655,1187.714260,42.753575,10.347369,47.504500,218.526618,56.288689,92.910985,149.199674,26.821142,136.668477,288.243015,163.201395,32.718881,57.683980,1.651854,510.382734,315.929027
R2S2_TRAIN_42E5C630A22D,4191.865116,398.896373,388.151912,10352.989957,1200.727488,43.375000,10.465585,49.403887,219.938923,55.070479,118.834798,173.905277,24.339051,181.727853,285.779926,226.276491,34.360897,57.306661,1.659410,494.718173,304.719161
R2S2_TRAIN_A5AAEEF43391,4210.887995,394.534746,384.647063,8545.891081,1191.428284,40.539336,13.553845,48.288494,219.955489,55.710177,113.771144,169.481321,25.196807,195.283729,288.047435,204.017533,33.037509,57.420347,1.657128,509.009093,322.180980
R2S2_TRAIN_EC77FA128101,4150.588380,385.980803,378.684759,8054.803455,1184.714397,42.375000,11.915148,49.031128,219.937804,51.737973,106.385710,158.123683,25.893371,158.768020,287.080917,224.007613,32.982752,57.427030,1.662300,501.876275,313.333793
R2S2_TRAIN_E259B740569B,4289.416297,394.840526,383.989023,12758.651622,1196.314522,42.437500,12.189393,48.454120,219.948228,51.353170,107.401870,158.755040,25.895734,145.778390,290.861929,168.964142,34.454923,57.630012,1.655031,495.385857,320.524083
R2S2_TRAIN_472FDE57FB5A,4139.880566,395.330210,382.345905,10520.254309,1181.359529,40.750000,11.637461,48.283897,217.919632,46.627855,121.128728,167.756583,24.485419,153.145514,282.286691,169.792494,31.180182,57.719051,1.653700,511.539353,329.064128
R2S2_TRAIN_D9EAD2B363A3,4283.280105,395.213149,383.877915,9231.984620,1187.229142,42.000000,12.513771,47.769441,219.987731,51.828573,115.880123,167.708695,24.850934,149.300727,289.176059,181.422072,34.270846,57.781666,1.656378,504.051582,318.017073
R2S2_TRAIN_6D3066E90E1A,4173.717393,401.038394,388.592742,10116.252164,1185.485353,40.830729,8.373419,47.807895,219.966859,55.210365,107.825793,163.036158,25.208520,175.668198,287.257859,228.133839,32.966764,56.142835,1.695200,519.697942,335.078784
R2S2_TRAIN_E1FAB45DA67D,4191.496476,397.528593,381.447987,13142.617396,1187.356397,41.625000,14.633362,48.157085,220.025183,53.493788,113.673940,167.167728,24.996167,166.450323,292.795673,233.281416,34.232076,57.484725,1.654000,515.752327,318.834769
R2S2_TRAIN_8ECF16F24664,4266.034587,404.827328,391.540286,14679.408148,1194.154389,45.371667,14.731799,47.078762,220.025629,52.623103,120.488136,173.111238,24.533844,145.246212,288.637157,157.692995,34.595162,57.530844,1.654484,504.913743,321.559318
R2S2_TRAIN_9529FD6ED0E6,4082.234590,398.092544,387.774774,11445.720802,1185.870515,40.812500,16.683781,46.598874,219.914611,57.049280,110.834979,167.884258,23.939004,171.482564,281.248706,229.840085,34.312549,57.294080,1.664835,535.785036,340.383144
R2S2_TRAIN_E6DFADB4BD59,4237.321466,393.892834,384.371161,13443.597445,1167.375364,42.875000,21.013133,45.973168,219.922685,47.158875,122.811888,169.970763,25.100710,161.723846,289.014503,173.315228,34.329553,57.589873,1.652779,525.656717,326.746510
R2S2_TRAIN_B2B62556E8BC,4061.887233,376.876159,342.884476,3976.467527,1185.531205,29.092411,20.444064,49.134122,215.967693,50.994268,105.921504,156.915772,25.970246,167.002280,285.857704,228.493124,31.205872,57.641214,1.650450,502.435653,312.179793
R2S2_TRAIN_12FD756998DC,4281.814002,399.209855,387.509010,13090.373076,1185.097942,43.075533,22.211345,48.528955,219.928272,50.329610,117.872017,168.201627,25.382657,132.949588,291.437051,221.463742,33.105372,57.604017,1.654030,511.853214,315.956822
R2S2_TRAIN_1E98F711EAD8,4025.173234,387.854797,379.269806,7916.234339,1190.890937,34.912124,20.099952,48.368690,219.987515,48.391723,108.680195,157.071919,25.627764,170.709311,284.791318,202.594095,31.626695,57.614929,1.652400,505.403616,325.282907
R2S2_TRAIN_3C4FDBAAA711,4172.140754,398.524262,388.275105,10134.838651,1188.147041,41.080849,12.260595,48.851596,220.033192,57.783804,112.203519,169.987323,25.288192,153.351077,283.713164,205.595623,34.391545,57.490287,1.653900,495.421716,318.760731
R2S2_TRAIN_412EAFC67B59,4265.944548,397.706399,387.697646,13942.941619,1143.932320,45.062500,5.611650,47.432276,220.010223,53.913159,114.494059,168.407219,26.179307,143.829900,291.995275,177.813237,33.079950,57.076501,1.665013,518.930484,320.524473
R2S2_TRAIN_A554A0E70250,4290.247251,399.162811,388.846521,14235.029995,1185.704341,40.200548,15.607739,48.873396,219.990934,58.571185,108.159725,166.730910,25.681442,156.104357,289.198691,247.124953,35.080240,57.605147,1.658600,496.845772,310.896160
R2S2_TRAIN_3A264508D52F,4246.942958,403.121759,391.267760,13431.672283,1186.537910,42.500000,8.244238,47.004946,220.002229,48.432633,121.899277,170.331909,25.797900,168.969535,291.724374,201.594942,31.408674,56.165196,1.690931,512.971076,327.725927
R2S2_TRAIN_50C8C3DEE16B,4335.869730,404.682100,392.710801,13459.345420,1184.712015,47.195947,4.155506,48.839628,220.007859,56.414737,120.390109,176.804846,24.680561,154.040384,291.108921,170.665623,34.407025,57.512474,1.653900,496.317063,307.650497
R2S2_TRAIN_59F3DC274720,4063.711605,399.221539,387.859690,13780.212808,1183.875376,45.750000,24.324994,48.955274,219.997747,52.678453,115.846368,168.524821,25.030655,139.849096,283.823149,192.912038,34.332625,57.067148,1.664656,496.442156,303.491678
R2S2_TRAIN_125E1F553D16,4194.901511,398.614557,386.073030,8077.050960,1200.639352,40.937500,24.779802,48.649800,219.974903,55.079549,115.312720,170.392269,25.337251,214.869505,286.568749,239.633674,34.338195,57.417573,1.658400,502.096434,321.381335
R2S2_TRAIN_7FCE352FAF86,4127.114406,388.275976,381.850710,8769.611738,1200.710187,39.462114,8.687844,49.073820,219.930414,56.560290,81.771246,138.331536,26.550437,126.108585,291.924437,230.489988,34.473475,58.052515,1.640953,498.650380,317.864355
R2S2_TRAIN_952E62DFF948,4145.312226,392.517703,381.283802,14096.611366,1156.188274,45.002319,12.227682,47.148920,211.951694,46.185897,107.987966,154.173863,25.645258,148.421984,285.708785,198.785256,31.525311,57.176480,1.664700,507.231966,321.664567
R2S2_TRAIN_19BD21AAE687,4280.717006,399.622834,381.510387,13692.207495,1186.752671,42.282451,9.564576,47.727179,215.993778,55.151284,120.164736,175.316020,25.310765,146.557878,294.999450,166.544175,34.502789,57.716927,1.657374,500.149556,312.009429
R2S2_TRAIN_3BD9A1B0D48C,4199.062381,394.246932,383.622931,13750.032629,1185.798939,42.766156,21.964693,46.637068,219.979533,48.546116,109.539296,158.085413,26.096664,150.317881,293.463984,181.564810,34.584555,57.224699,1.652488,516.415688,337.064838
R2S2_TRAIN_77756359268C,4271.841620,392.536684,380.242007,13313.465420,1188.929593,45.060016,7.873692,47.689544,220.018596,53.944498,106.439126,160.383623,26.757068,151.136702,296.994256,225.171522,34.584577,57.437293,1.654800,494.275493,309.488740
R2S2_TRAIN_E0270880CC07,4196.034353,393.108486,382.903790,9173.581419,1188.174647,41.495854,27.835962,48.998595,216.399195,50.433247,117.275464,167.708710,25.343054,202.955112,288.105411,226.343595,34.400453,57.607389,1.659431,507.973661,318.107201
R2S2_TRAIN_32AF5833EE78,4021.549629,383.854978,369.584210,8794.191320,1193.934064,39.739326,12.257008,47.850894,219.965731,49.304400,106.411586,155.715986,26.752038,160.972835,285.606242,239.943414,32.712364,57.315520,1.665103,517.312230,330.125500
R2S2_TRAIN_FEF4F84FCCC4,4242.252695,392.222863,380.799230,14734.152636,1146.618617,42.460263,17.919869,45.828605,215.947161,47.251920,113.484202,160.736122,26.402506,159.085183,297.037367,183.540603,33.184412,57.429456,1.656500,525.536128,329.463401
R2S2_TRAIN_0062096AEDBC,4098.227474,395.623628,384.669388,8223.671180,1199.305409,39.921025,16.566252,48.248386,219.968672,53.585948,108.584865,162.170813,25.409713,193.621398,284.056457,257.375422,30.947839,57.486693,1.665718,502.517168,318.583258
R2S2_TRAIN_521551336A57,4237.919607,395.414501,385.461925,14731.921680,1185.859173,41.500000,25.270337,47.111458,219.940121,47.850991,119.136771,166.987762,25.385131,154.981477,291.375187,166.138890,34.459658,57.221871,1.669233,518.175191,336.382583
R2S2_TRAIN_C855510073CE,4208.555808,404.165566,390.342113,11036.307536,1194.335232,43.375000,20.916923,48.910961,219.990790,54.791988,115.660352,170.452340,25.642481,168.741816,286.595396,226.205542,34.492107,57.206625,1.662000,505.005126,312.708536
R2S2_TRAIN_EDBAF2193132,4128.525377,393.163183,382.818043,13427.751963,1196.132127,37.384236,26.263542,47.052472,216.002711,47.380308,116.343948,163.724257,24.526366,232.412363,278.841792,207.837195,32.021620,57.453346,1.657389,518.084673,330.420666
R2S2_TRAIN_1E897CB738F3,4054.295276,397.577924,386.475475,10545.127514,1186.671430,45.374371,12.230131,48.980919,220.003437,55.045148,118.433547,173.478695,24.561463,164.787397,284.285653,229.446158,34.340617,57.187591,1.656367,502.100793,311.587448
R2S2_TRAIN_B8BE65F4BB7F,4079.418594,390.158041,379.733260,9014.357122,1189.242554,39.500000,4.220330,46.775938,219.988524,50.875860,103.415983,154.291843,26.070897,192.459597,287.303588,183.709777,32.493095,57.639959,1.652400,512.983032,339.682120
R2S2_TRAIN_5E3B9C0E5CAC,4276.505953,401.842057,388.169554,14607.768847,1174.987928,47.612698,13.406743,48.703297,220.025297,48.302956,118.578704,166.881660,25.304350,128.529948,292.655101,163.260938,34.415319,56.336720,1.665106,517.176025,321.166833
R2S2_TRAIN_61975B7C0989,4272.757821,397.343488,385.632704,10222.688106,1188.278830,41.375171,11.762359,48.727158,219.992525,52.311535,104.173034,156.484569,25.839177,152.535890,289.621461,219.156461,34.376532,57.181235,1.663314,501.033690,319.192460
R2S2_TRAIN_5C93D85448A2,4042.571011,382.750109,366.791162,7127.723552,1194.063447,36.249846,26.687507,48.406869,219.923737,49.883354,86.219467,136.102822,26.791273,192.620719,286.403661,230.530111,33.290525,57.641156,1.650600,503.026522,325.391172
R2S2_TRAIN_4BAA5C4D24A1,4021.214825,387.519102,374.526751,11395.843601,1187.516615,41.875000,26.029001,47.883920,212.005427,47.985789,109.191680,157.177469,26.527558,169.605052,286.356537,207.941658,32.755311,57.395597,1.656601,522.766733,324.910038
R2S2_TRAIN_4D1E8A5555FA,4053.769899,384.083623,377.755889,12828.716463,1186.388846,40.380836,24.870505,46.576553,217.155516,50.760115,108.453519,159.213634,26.253477,202.184108,281.948232,189.046896,32.697020,57.299865,1.665559,522.504105,333.201860
R2S2_TRAIN_081066B8FDAE,4272.057064,401.123471,385.690918,12971.151590,1185.326760,41.125000,20.877661,46.452837,219.981190,50.576962,117.213836,167.790797,25.045789,142.349716,289.194064,150.814426,34.565571,57.549844,1.651004,514.716097,335.956048
R2S2_TRAIN_0C15A2CA1773,4210.288045,397.831910,389.589249,13720.891604,1193.285957,42.375000,23.843152,48.949741,219.981001,52.719829,118.532937,171.252766,25.173601,167.005252,290.893055,231.607838,34.496366,57.332734,1.657053,511.443393,317.187155
R2S2_TRAIN_E32461033440,4151.228391,399.320029,385.934646,13708.027537,1187.265785,42.062500,24.271375,48.033779,215.865335,51.423557,115.068418,166.491975,25.849299,153.041211,292.811923,221.601908,32.968715,57.473228,1.655299,501.072018,311.268176
R2S2_TRAIN_3EBE1EED904B,4096.936896,388.926849,375.608575,12493.461866,1187.799947,41.875000,26.240471,47.028644,219.972905,43.267575,118.053688,161.321264,26.145695,184.882907,285.485960,205.650007,33.285063,57.606026,1.652100,514.061167,330.543150
R2S2_TRAIN_1A2E6851424A,4115.698739,392.536826,383.935591,10227.968092,1185.763908,39.125000,25.996061,46.178757,188.521969,55.166125,114.135764,169.301889,25.059798,154.573888,283.659469,213.670366,32.757166,57.430915,1.652400,530.919404,345.195047
R2S2_TRAIN_C7BE6236440D,4276.720755,402.196813,387.836063,8407.236086,1199.985763,41.562500,13.972586,49.450783,220.024837,59.382908,106.115274,165.498182,25.662171,158.136840,296.399732,229.671161,33.148596,57.423117,1.659603,496.820131,310.888271
R2S2_TRAIN_59D5DE5565F5,4075.943541,387.563077,373.899226,11268.856887,1186.438074,41.625000,8.636648,47.841245,216.017697,46.866506,108.545001,155.411507,26.069411,144.050670,292.880801,160.141943,31.309200,57.384649,1.662842,496.908258,311.492642
R2S2_TRAIN_9F8B17235911,3967.567114,386.497899,380.462795,6116.261569,1185.618396,40.875000,19.212686,49.032977,219.926470,54.702181,108.877918,163.580099,25.586169,175.310660,283.996307,234.648925,31.269473,57.065694,1.659700,504.565004,309.303931
R2S2_TRAIN_424BBB493046,4198.608321,402.594282,389.825701,11265.486462,1194.953213,41.000000,12.293269,49.494801,219.953518,47.484174,117.294434,164.778607,25.647912,193.929063,289.653603,218.095215,33.098675,57.052110,1.661126,508.236028,319.599656
R2S2_TRAIN_421C43BF16F0,4092.046071,392.172641,380.548220,8098.312560,1200.071062,41.495837,12.006727,49.308947,219.910528,54.352132,108.326060,162.678192,25.681560,146.294154,290.024087,203.685719,34.164640,57.284648,1.664793,503.424674,315.828696
R2S2_TRAIN_4B65FD0EB8FC,4090.820896,393.282662,384.497813,11088.716995,1166.015937,41.812500,19.404846,48.209769,215.942348,42.849423,121.377498,164.226921,25.502870,141.950186,284.956496,162.755268,31.989647,57.643422,1.650639,504.419926,315.129035
R2S2_TRAIN_C16F4217C9BB,4090.849225,391.676222,381.480940,6143.100355,1199.610996,41.687500,8.214546,49.646863,219.993440,55.048776,100.839306,155.888081,25.948629,141.600870,290.903941,236.912913,32.679353,57.709634,1.643992,494.880141,306.712759
R2S2_TRAIN_C0000585F63D,4201.728405,404.553839,390.876151,10394.594818,1186.125867,45.750000,26.788295,48.578744,219.984758,47.058847,122.624871,169.683718,24.455590,173.105732,283.642326,163.365051,34.402754,56.276809,1.690310,510.308355,322.947890
R2S2_TRAIN_D813822C310C,4140.024413,394.187158,383.622906,7331.931337,1158.005429,42.375000,15.058397,48.974392,219.961335,49.015856,106.952995,155.968851,25.647445,164.894193,284.140879,216.177173,34.425467,57.466661,1.656787,497.603714,309.748893
R2S2_TRAIN_37BA91ADEF87,4061.000489,382.116643,369.128971,8673.109914,1183.961153,43.125000,8.614580,48.234931,219.939791,49.079617,103.501865,152.581482,26.118463,156.392730,286.138491,184.797890,34.109619,57.360601,1.658681,506.244944,316.575841
R2S2_TRAIN_FD8899F5B1C1,4051.214790,400.366770,382.903699,9812.956892,1186.264429,42.500000,25.614354,47.976371,215.962406,55.086566,116.754469,171.841035,24.063052,134.418141,278.606936,221.005503,34.093749,57.522030,1.654892,508.982519,321.723917
R2S2_TRAIN_37B9183101CD,4220.064067,394.180762,385.484070,10539.641601,1185.049380,39.375234,10.561819,48.005471,219.980179,51.435361,109.826532,161.261893,25.113319,191.337384,287.310713,249.495860,34.307627,57.012612,1.662954,506.042216,318.439245
R2S2_TRAIN_650C2D34233B,4235.730741,394.288036,383.845828,11311.209529,1185.796189,42.212183,23.562217,48.818937,216.016796,50.635945,110.326919,160.962864,25.274648,145.487302,286.731440,198.340595,34.409987,57.094875,1.670713,502.981459,316.153802
R2S2_TRAIN_60EF5214E1DF,4025.100140,393.563273,371.855704,6232.854874,1200.662536,40.000000,8.758957,48.704830,219.737178,56.659769,108.475275,165.135044,24.391146,130.056134,281.258906,216.485728,32.390970,57.298879,1.663234,502.985467,314.880262
R2S2_TRAIN_FC1BC0ACBF8B,4170.836036,397.437261,384.405727,10199.576436,1155.175137,42.889759,27.314480,48.188320,219.886278,47.778580,114.952173,162.730753,24.397717,224.525709,283.783626,222.647539,33.328734,57.398563,1.663063,528.555018,320.755779
R2S2_TRAIN_C7D68841689E,4131.922047,392.953187,380.258187,13728.988690,1181.124467,41.750000,16.327007,46.957792,216.018679,47.338108,122.729721,170.067829,24.443215,140.551330,277.185631,195.232621,31.449241,56.517654,1.670745,511.897638,327.308149
R2S2_TRAIN_DB2508789B10,4270.737951,401.288771,391.491749,11493.449247,1194.580557,41.718971,6.865780,48.631010,219.967210,54.318817,116.347918,170.666735,24.877694,135.217269,294.495250,223.465342,32.905611,56.951021,1.669762,494.422415,303.816106
R2S2_TRAIN_5368EF2FFCEE,4171.813745,396.088427,382.517427,6361.044201,1199.522811,40.502517,11.500819,49.986100,220.025607,55.039640,112.744033,167.783673,25.425709,134.644984,286.057936,217.781272,31.966260,57.515186,1.659075,492.348805,317.999083
R2S2_TRAIN_426861CD56C9,4213.115461,402.727745,392.427139,14410.412142,1186.506371,43.375000,13.081662,48.948178,219.969616,53.592062,120.243677,173.835739,24.699019,139.035047,285.865833,224.507027,34.466139,57.060756,1.670984,502.611902,313.284188
R2S2_TRAIN_D355B1CFCF94,4321.963247,402.212299,390.864535,13906.044079,1184.271498,47.105955,5.236117,48.890963,220.006230,55.844898,113.445137,169.290035,25.029218,132.480931,291.349346,193.273239,34.523269,57.375041,1.656873,508.360063,310.999316
R2S2_TRAIN_60568FD0605B,4193.331078,389.845975,370.624730,9780.178181,1186.814401,45.539850,8.461372,48.825119,219.987929,49.191049,111.077124,160.268173,26.107477,121.380762,292.056514,197.420703,32.908946,57.295385,1.653100,492.669852,314.310979
R2S2_TRAIN_1507AA7EF803,4170.659466,404.575315,394.035291,13073.069120,1192.926926,41.687500,13.711240,48.925403,220.004793,54.985320,119.939180,174.924499,23.239722,156.558877,271.679944,218.064280,34.354713,57.747837,1.654266,501.163589,308.082222
R2S2_TRAIN_F38BCD6282B0,4096.620099,393.431886,380.742891,10321.049016,1188.586161,40.437500,24.913511,47.946810,215.923077,51.782102,115.419365,167.201467,25.387072,157.650870,284.731595,222.271396,34.279030,57.432593,1.661696,515.274975,337.751924
R2S2_TRAIN_7D6E072C81EA,3920.743397,394.783117,383.104860,8440.667859,1192.728265,39.428932,17.697811,48.139301,220.007120,54.421553,108.247666,162.669218,24.953439,145.273676,282.196565,226.895546,32.043627,57.098803,1.661912,508.390350,317.359720
R2S2_TRAIN_0A58D670CCA9,4195.554661,393.308180,382.973292,13137.993893,1130.714451,42.437500,13.234124,48.060952,217.974496,48.896641,108.936616,157.833257,25.568412,159.179982,284.056166,242.112939,31.157544,56.142835,1.694910,510.715456,320.898553
R2S2_TRAIN_59AD83F3DFB7,4045.858536,400.580706,383.478109,11500.518399,1179.039844,40.099118,11.686677,46.795695,219.930570,47.055889,116.379315,163.435204,24.776914,164.883853,283.355926,145.637842,32.074478,57.375883,1.661019,517.386778,321.231416
R2S2_TRAIN_966B97BB06ED,4207.214402,392.159872,383.380443,11337.101516,1200.435515,39.937500,20.974881,47.424564,220.008575,51.989818,108.010647,160.000465,26.187017,154.158069,296.935590,173.491760,34.527958,57.503041,1.652089,516.137041,333.228798
R2S2_TRAIN_774159D2C663,4130.620808,394.708992,381.581452,11730.804393,1194.928305,41.062500,25.880507,49.192374,210.001194,49.225964,110.980216,160.206180,25.105544,182.967661,284.115158,198.377376,30.646452,57.223803,1.670303,509.964628,321.943930
R2S2_TRAIN_B31461FC62B2,4077.710173,380.197198,373.400040,6115.754282,1187.104020,40.562500,19.507554,48.523135,219.952221,50.015328,100.886252,150.901580,25.856723,146.207173,289.380624,215.792248,32.662712,57.708063,1.650800,510.127611,320.581469
R2S2_TRAIN_96CAA1E7DABE,4336.113817,400.916977,388.387727,13449.186590,1184.252376,44.379909,13.402475,48.917635,220.031184,50.526151,117.284446,167.810597,25.741343,166.888629,294.424225,227.081642,34.426265,57.200545,1.668977,504.648051,315.204814
R2S2_TRAIN_3843ACA2D66A,4214.605056,397.667379,385.239034,13207.911550,1185.650755,44.875000,21.167885,48.276345,219.937681,51.827351,112.658694,164.486045,25.152276,174.977116,286.754943,188.162510,34.455543,57.169393,1.659382,498.813157,310.001664
R2S2_TRAIN_BD5B4EC4DA90,4280.715562,400.395081,386.004466,12744.336222,1187.101354,44.125000,10.869008,49.386435,220.009207,51.858795,105.771413,157.630208,26.878220,128.455820,294.212650,201.322452,32.123523,56.525650,1.668817,500.184073,307.341597
R2S2_TRAIN_91FFD65C2BCC,4352.363668,404.628429,392.731503,13798.790323,1194.159381,47.098083,14.364442,48.690164,219.963999,55.357782,123.838569,179.196351,24.471346,150.294681,289.028666,213.148533,34.506094,57.583846,1.655900,512.845242,318.694416
R2S2_TRAIN_A64ABDE77FA3,4199.900197,405.510873,391.140604,13608.459499,1200.572204,44.125000,14.432263,48.571054,219.936789,55.416505,120.637654,176.054159,24.956570,164.125823,286.537183,204.799405,34.483200,57.511366,1.658658,522.963064,324.470211
R2S2_TRAIN_75D8F5E66977,4219.840694,396.467580,385.060796,13366.007522,1183.747054,46.019693,5.657027,47.819181,219.895785,47.966302,118.457459,166.423761,24.869815,141.444435,287.937784,177.565437,33.428326,57.136034,1.671207,508.809091,320.180035
R2S2_TRAIN_7642AA1AD1BB,4242.641689,397.696005,384.910814,13076.414357,1193.627954,47.595204,12.316952,48.527636,219.973539,51.858481,113.201135,165.059616,25.205672,156.970791,291.469252,215.426526,34.545434,57.446199,1.658600,511.002498,315.632858
R2S2_TRAIN_74DBA0A8C158,4157.431817,364.604664,369.035443,12270.062586,1180.934425,38.707034,11.861018,46.335877,215.862141,46.245038,108.555070,154.800108,25.584750,196.821554,287.955279,204.103176,33.141528,56.144751,1.690699,516.601565,336.454674
R2S2_TRAIN_52E61C3B43FF,4037.758434,398.978307,385.295205,7036.598797,1181.990036,38.607426,20.612967,48.044613,219.926180,47.730745,121.150645,168.881390,23.239722,218.955580,277.015435,222.389525,30.646452,57.279103,1.662308,512.793211,330.279196
R2S2_TRAIN_6E7FDAB85BD6,4249.596144,399.316234,386.054865,10107.499828,1199.922464,41.312500,10.569456,49.314057,220.035821,54.743579,120.069840,174.813418,25.383458,160.215137,291.668542,209.687738,34.459862,57.364414,1.660229,494.380971,314.192589
R2S2_TRAIN_ED7012B94B88,4245.568558,397.047558,388.292447,13762.826077,1187.978062,41.447446,25.818384,48.747580,219.973745,53.429007,117.103306,170.532314,25.464344,177.340323,292.677051,227.463638,34.464137,57.459390,1.654402,507.177577,326.587961
R2S2_TRAIN_F48CC0F2CBBD,4131.107759,390.928567,382.286457,12290.410950,1184.174760,41.062500,9.051774,47.805182,219.892993,49.006132,115.493084,164.499215,25.948101,135.926549,287.324336,222.875023,34.349007,57.757018,1.650600,512.226753,330.441987
R2S2_TRAIN_AC533FEC12A9,4014.133007,397.909077,386.521863,8662.637834,1185.301951,42.125000,11.160901,47.515203,219.935761,46.508957,119.066109,165.575066,24.713837,153.894415,278.242791,185.544098,31.157808,57.533890,1.659500,505.839926,318.139571
R2S2_TRAIN_F8EBAB9C8EBE,4149.571047,396.473487,381.758115,9950.260096,1199.489905,40.687500,9.784086,48.727027,220.005884,56.963104,107.857802,164.820906,25.268473,163.678575,287.897627,232.597585,34.241016,57.439239,1.659700,502.935775,323.808745
R2S2_TRAIN_0E91ACF9A234,4110.005973,393.512299,374.551664,9679.523071,1187.922747,41.500000,8.928213,48.206819,217.951913,50.253586,106.672859,156.926446,24.829151,156.935461,286.951482,214.758180,32.995097,57.978378,1.644763,491.880686,307.412788
R2S2_TRAIN_9E450886B835,4167.858217,399.866828,388.988373,11698.038252,1186.543618,43.375000,25.020015,48.180759,219.946001,43.943831,121.350513,165.294344,24.300918,191.201285,288.601411,228.555835,33.168582,57.360832,1.659490,507.856436,318.594256
R2S2_TRAIN_BA17B66D8A75,4126.072292,399.536456,388.318254,8116.995099,1188.649132,39.875000,11.973819,47.912933,220.004392,53.140986,110.558232,163.699217,25.148787,155.563714,283.120020,183.997006,31.489764,57.747211,1.650600,508.805126,325.461085
R2S2_TRAIN_F004B0F6F7E4,4301.950413,404.962401,392.077802,14289.823555,1178.650004,42.377679,9.336994,46.490925,219.997578,54.576527,121.352600,175.929128,24.535739,152.702616,288.976913,170.168432,35.035537,57.378328,1.659300,509.155934,317.958766
R2S2_TRAIN_D3259285027D,4183.858758,392.558803,382.373439,10148.087078,1186.761919,40.812500,3.367278,46.925953,219.928106,50.634764,107.659362,158.294126,26.928876,151.717797,291.577880,166.316102,34.350102,57.648402,1.651512,504.629386,323.628699
R2S2_TRAIN_7ECE7C4687EA,4212.483075,397.690625,387.591175,13536.001485,1184.299717,43.774682,12.282546,48.252352,216.343601,47.894961,123.754311,171.649272,25.094749,155.766048,291.086582,208.422580,33.057705,57.742164,1.646699,490.434717,305.775111
R2S2_TRAIN_95AB6513083E,4150.431192,396.295286,387.781646,13334.737926,1184.741168,42.000000,9.487112,47.969273,219.986454,47.710362,115.666414,163.376775,24.667270,168.596616,289.382078,178.243585,31.280491,57.443993,1.660537,509.650194,317.918791
R2S2_TRAIN_DF953D1110F0,4134.270689,394.276261,382.804539,8469.552706,1184.687029,40.062500,12.952754,48.556260,219.973879,54.053657,108.263836,162.317494,25.576010,147.955019,284.905476,205.527571,31.548587,57.159213,1.662700,497.066142,315.214389
R2S2_TRAIN_8E17A8CFD183,4244.466430,395.331437,384.801542,11642.024074,1200.192156,45.401010,24.858767,49.091892,219.969615,48.681465,108.231937,156.913402,26.143159,128.331496,293.186712,189.000963,34.481571,57.875523,1.649738,520.115680,331.091801
R2S2_TRAIN_A3A40645E798,4202.557754,393.884111,382.410197,10882.155268,1186.669360,42.125000,20.269838,48.905676,219.921818,47.766991,115.225651,162.992642,25.614394,191.892775,287.441781,218.560718,34.221332,56.766273,1.673278,507.518322,317.159261
R2S2_TRAIN_9F07FDEF0D45,4201.068823,401.042617,393.142107,14302.315066,1186.253077,45.651990,10.114460,48.289577,220.036577,50.105006,118.866457,168.971462,24.541652,142.764384,290.328148,210.642373,34.658199,57.547449,1.653100,511.121306,319.334207
R2S2_TRAIN_D5085DFE977C,4210.971680,392.847105,380.650261,14688.834019,1184.408981,42.437500,27.330223,45.798740,217.138490,47.932594,118.760575,166.693169,24.624356,196.009869,281.474923,181.427991,35.055286,57.539761,1.659152,533.932127,355.031837
R2S2_TRAIN_8542EFF0A230,4144.327708,398.891384,387.735770,10409.893281,1197.665831,40.625000,16.128714,47.747261,219.997767,56.671609,107.481240,164.152850,24.793566,182.436193,281.318838,211.535775,34.334334,57.933867,1.649748,511.601326,323.376325
R2S2_TRAIN_5EA72113D3EE,4260.533062,401.168053,388.017280,14009.551389,1186.419706,45.620933,7.200498,48.111621,220.016520,51.586779,117.716648,169.303427,25.916932,145.524019,292.519323,202.824483,34.545629,57.278106,1.670666,505.816073,322.712805
R2S2_TRAIN_D2C7A4D81303,4108.011649,397.673278,385.601142,6292.862023,1200.610067,41.562500,24.861331,48.921309,220.012844,58.055344,109.957968,168.013312,24.604888,181.301520,277.571575,230.622738,33.078538,57.430649,1.656928,503.259245,314.578987
R2S2_TRAIN_D06CBA73BCD9,4190.635180,392.679888,379.345347,12679.454777,1186.753883,39.875000,22.030800,46.962863,217.970017,55.668790,107.508516,163.177306,26.152071,148.822740,291.260193,173.962895,32.727365,57.208163,1.666196,510.753495,323.924989
R2S2_TRAIN_9E4FEF79BEE3,4248.659551,402.353531,391.905251,13597.726265,1187.390010,45.155747,23.564806,48.607700,219.983853,56.357315,117.200218,173.557532,25.313116,140.778674,293.225749,219.725649,32.092041,57.096627,1.672634,517.209433,327.274960
R2S2_TRAIN_2EAEA838CB4A,4269.922037,399.453396,384.764059,12175.205166,1187.874871,42.625000,14.060929,47.616865,220.011285,52.788370,102.814920,155.603290,26.405798,145.495322,293.948978,229.378077,34.585384,57.054868,1.665600,506.791781,315.250750
R2S2_TRAIN_640B6F19F46A,4204.317421,394.487280,380.501880,10278.999585,1191.386159,40.436109,10.511190,49.078110,219.906357,54.922106,118.164969,173.087074,24.402789,141.469659,280.454931,236.488139,31.523564,57.047361,1.665628,512.649232,322.546302
R2S2_TRAIN_66CA315F905D,4099.459404,393.341734,385.521317,8562.485435,1182.674801,42.437500,14.891519,48.192846,219.964524,47.467620,107.786578,155.254198,24.815940,147.691231,282.058047,204.195745,33.055904,57.489345,1.658900,506.603526,321.119532
R2S2_TRAIN_9D978F2B4B3A,4241.795783,387.208078,382.200741,10592.275146,1200.828580,39.120079,20.200612,47.416036,219.976063,55.801962,108.633245,164.435207,26.577169,148.429816,297.366553,209.559828,33.952537,57.490994,1.650000,519.019018,332.136247
R2S2_TRAIN_03D1E03D7BD6,4047.514128,384.063868,379.413007,9278.161008,1185.350996,41.437500,13.706379,48.161837,215.952138,49.941079,110.335652,160.276732,25.502718,155.958759,287.705249,209.772099,31.392521,57.327928,1.665847,512.386466,329.400619
R2S2_TRAIN_45E99875378B,4184.249362,403.307588,392.375632,10279.216746,1187.164409,41.500000,12.894009,49.644796,219.991093,52.767414,122.605199,175.372613,24.172032,146.022699,279.021863,220.130360,34.866339,57.688116,1.654913,501.589860,311.048071
R2S2_TRAIN_24EE779EC35B,4062.924008,394.051471,381.496229,10825.344530,1182.695131,40.937500,10.859839,47.931014,219.932274,49.791624,104.401970,154.193593,25.689878,152.933659,286.412614,200.109700,32.792239,57.554039,1.652758,507.443348,321.814248
R2S2_TRAIN_138A5E75B38D,4191.066880,389.056238,379.406784,13042.034856,1181.052252,42.193540,11.524610,48.499278,219.935103,47.091001,118.844837,165.935838,25.622185,142.168230,288.498682,157.357443,34.320980,57.143280,1.662100,516.347817,330.605413
R2S2_TRAIN_4EFE82FB94A1,4130.166949,396.813926,382.960586,10355.055808,1200.472964,43.819977,26.425001,47.694821,215.011979,49.382179,108.168106,157.550285,25.835825,176.931058,289.326944,218.011267,34.052343,57.736847,1.651772,505.185092,316.259529
R2S2_TRAIN_0968EBAF30CA,4160.311591,401.354780,389.592513,10884.436966,1186.423304,41.687500,22.093009,49.263547,220.009118,47.469025,120.878893,168.347918,23.936719,202.975457,284.040846,225.120770,34.318677,57.378590,1.662100,504.386681,323.292044
R2S2_TRAIN_BE373CD31608,4031.153548,384.188436,372.306937,8580.336675,1200.564073,44.875000,26.294844,49.826670,219.911116,50.530787,107.383635,157.914422,24.967586,171.860408,285.138456,243.281805,34.355021,57.597283,1.651462,503.394441,317.171097
R2S2_TRAIN_05EE8C5A3513,4270.802143,399.553186,385.950500,13245.581245,1186.669414,45.410868,21.481432,46.219314,219.932966,50.855077,116.982999,167.838076,25.242780,161.668464,293.110586,221.177854,33.153875,57.268986,1.662900,523.968665,329.195840
R2S2_TRAIN_F0803CD36B5F,4132.133036,397.875023,389.409606,14875.460491,1193.607667,46.433031,25.959605,48.665829,216.976185,54.716051,111.339689,166.055740,23.962324,148.552577,289.266474,199.239418,34.876361,57.592636,1.656107,533.954239,325.871041
R2S2_TRAIN_341AC1F25C69,4300.244201,398.586238,386.449552,10022.099576,1200.873065,42.375000,10.778231,48.659495,219.973553,54.568196,111.493772,166.061968,25.210105,146.081716,292.257436,219.494115,34.294007,57.297263,1.658513,499.408941,321.860016
R2S2_TRAIN_F3079977861F,4000.403880,379.317442,353.851103,8548.556152,1181.498557,42.375000,23.659785,46.460077,215.908643,47.661075,107.855106,155.516181,25.839217,202.958076,279.891403,228.680070,32.718853,57.498669,1.664190,510.309693,325.929622
R2S2_TRAIN_CA70BAB6D2E9,4164.478530,400.584945,387.790122,10046.120766,1194.940280,43.000000,24.582410,48.845219,219.920224,47.763111,120.487127,168.250239,24.987255,133.143730,286.156600,174.867261,34.325364,57.891191,1.643992,509.912743,315.403406
R2S2_TRAIN_8C804A59D085,4213.504802,390.596563,381.390134,12508.557420,1181.305932,41.437500,25.046523,47.773008,219.922065,49.015248,110.343407,159.358655,25.706747,154.760561,291.608377,220.793261,34.224096,56.142835,1.695109,524.627195,327.877281
R2S2_TRAIN_3F84284836CC,4068.668390,387.629351,374.494201,8283.001610,1200.055408,38.968357,26.386353,48.498643,219.917471,54.299223,105.264098,159.563321,25.405248,218.381661,284.880812,244.500656,32.908441,57.851337,1.643348,501.500516,318.007513
R2S2_TRAIN_23D22BAA3B3E,4253.039939,401.581413,387.279474,13844.416546,1199.972117,45.875000,18.710296,49.293136,219.964816,54.118916,116.479226,170.598141,25.423347,153.797323,291.335466,236.039587,34.180308,57.045904,1.667541,521.438542,332.713404
R2S2_TRAIN_F847EF8D2080,4095.354545,397.258785,384.266094,8727.919601,1192.172508,41.937500,18.678789,48.033570,198.472970,46.142970,123.429978,169.572948,24.473738,172.213447,282.551874,225.262656,32.569063,57.474792,1.657459,504.395148,325.066619
R2S2_TRAIN_9FED86FB99DD,4290.724121,401.790781,391.072154,14268.836462,1186.701006,47.545198,9.166796,47.297879,219.971057,57.005224,119.469597,176.474821,25.164966,152.317917,288.646032,208.872730,34.445824,57.276984,1.662315,510.789084,310.122236
R2S2_TRAIN_594AE01455A1,4292.213944,403.857571,389.102734,12165.456657,1200.238674,41.250000,4.166876,48.878630,220.015839,53.016631,117.106972,170.123603,25.257014,134.362358,291.445189,144.600935,34.503203,57.328436,1.653002,502.541834,320.678314
R2S2_TRAIN_4BF2C4408D0C,4016.067181,381.934565,379.582875,6436.834214,1186.570140,35.839477,14.062966,48.383845,215.975608,55.190069,100.815328,156.005397,25.304909,174.155279,271.906633,227.826073,31.521515,57.557881,1.653693,513.116973,332.100648
R2S2_TRAIN_B7BFB923C6B1,4177.817656,390.614374,381.625073,12004.550038,1163.578732,41.687500,24.105506,48.158465,219.947469,52.280017,110.193843,162.473859,26.200849,142.402193,287.067464,204.233033,32.028890,57.177758,1.669629,502.351530,311.658692
R2S2_TRAIN_FA74B616BB70,4229.146798,395.663728,380.408976,10801.003331,1200.701159,45.944737,7.901027,48.348118,220.007857,52.436651,115.796780,168.233431,26.579477,138.504217,297.350095,152.428984,34.438071,57.793003,1.648642,492.227535,309.979756
R2S2_TRAIN_40FEEA884CBF,4162.544491,397.869238,388.179724,9159.706874,1194.006071,43.068399,16.424521,48.454224,219.960672,54.580908,113.090329,167.671238,25.526369,158.628748,286.278820,215.039168,34.449900,57.687726,1.649586,499.917184,307.451144
R2S2_TRAIN_C610CE301807,4063.049169,390.762396,381.657593,5956.657360,1188.215021,38.792523,13.777296,49.027848,215.940372,55.562920,103.614114,159.177033,25.525953,154.310684,280.549158,239.288596,31.235171,57.502844,1.656800,496.951923,317.242096
R2S2_TRAIN_F12739B165C1,4171.756021,397.232103,380.450100,7362.039846,1182.992865,40.812500,11.664703,48.506602,217.929006,53.594163,113.522309,167.116472,25.473921,149.296393,289.908085,220.881398,33.187375,57.684834,1.652000,500.391871,318.587389
R2S2_TRAIN_9A7C761C945E,4187.043378,394.364695,386.597517,10540.498105,1187.046128,42.000000,20.582255,48.364660,219.953330,50.338722,113.578004,163.916726,24.725517,207.511377,283.097151,230.048418,34.546238,57.560083,1.652615,516.457801,321.248857
R2S2_TRAIN_AA0042D70F4E,4190.081318,402.692882,389.893247,10945.568486,1185.692818,43.000000,22.219493,48.233454,219.223339,49.946467,119.103801,169.050268,24.236587,152.618608,290.037305,200.376370,34.397677,57.647038,1.651463,510.847457,318.797713
R2S2_TRAIN_FDE638014F5F,4212.321550,400.639745,388.065902,13661.022257,1192.213397,45.750000,9.058761,47.902935,217.982064,47.363788,122.145438,169.509226,24.517200,148.854256,290.656026,173.058884,34.819475,57.519965,1.653420,504.828923,318.341532
R2S2_TRAIN_D33AE96A2E49,4217.149848,396.096404,382.519836,9403.296119,1200.125326,42.562500,20.270403,49.380225,219.996361,56.996383,108.042562,165.038944,26.697369,140.110793,294.299779,224.405127,31.814776,57.065345,1.674002,494.749322,312.983629
R2S2_TRAIN_965D0205D3B7,4155.796475,394.066851,383.211947,9137.850029,1196.435271,38.611564,25.163064,47.624039,219.997833,50.886066,118.651427,169.537493,25.309444,193.346699,288.186157,234.143329,32.069998,57.539411,1.661739,518.512600,334.595622
R2S2_TRAIN_A48801FDF0F9,4183.259545,385.990969,378.798525,8738.130190,1174.019328,38.001743,25.121275,46.546842,200.105806,45.929918,107.665114,153.595032,25.420111,174.398017,293.305485,169.067901,31.365365,57.645990,1.652112,511.138930,320.243866
R2S2_TRAIN_81A629FBBE9A,4088.778676,386.903104,380.398442,13331.205070,1179.300670,38.680386,14.421590,46.903290,217.952970,51.434234,111.882091,163.316325,25.429283,160.720297,286.331359,218.098235,34.538461,57.178226,1.669758,537.266573,354.390780
R2S2_TRAIN_FBBAA66C90FA,4212.340214,396.289875,384.446204,13875.228921,1187.380384,41.000000,24.372477,46.169746,215.010328,51.342039,110.518494,161.860534,24.798738,180.527817,288.391231,221.609119,34.505718,57.467774,1.656400,530.078213,337.433450
R2S2_TRAIN_3C385EC94F4F,4292.536632,391.851857,377.918286,9016.325106,1200.192449,43.000000,6.370804,48.914715,219.989881,55.153880,107.839852,162.993732,25.586220,174.938883,291.243012,216.458424,34.398222,57.309098,1.666202,505.485295,321.745108
R2S2_TRAIN_9D5AD6A2BA2D,3920.825976,386.625220,382.661687,9220.833357,1199.373955,37.646386,24.629711,48.435808,204.573368,57.327414,83.595654,140.923068,24.505024,183.469410,282.434784,224.973653,34.198525,57.580233,1.649427,506.108696,325.209862
R2S2_TRAIN_92261C5FFD41,4170.315778,389.050113,378.730114,11274.706300,1187.987557,40.437500,24.306263,47.179743,219.534534,51.075693,113.336416,164.412109,25.382753,192.852707,282.110925,175.880968,32.609809,57.157031,1.674161,514.925884,333.062190
R2S2_TRAIN_EDD10BD56D2A,4150.389079,397.159721,384.282831,13453.724859,1181.962418,41.562500,20.854101,48.344770,219.924219,47.560323,121.828471,169.388795,24.496948,157.678172,290.510852,192.296661,31.978742,57.205734,1.654975,499.010089,319.933179
R2S2_TRAIN_C6CEAD886E77,4049.580798,381.611601,381.146392,12087.012809,1149.561283,39.332101,26.952913,46.681722,200.100503,49.580733,108.446493,158.027226,24.820407,173.919990,278.286848,220.960046,32.308811,57.602922,1.654500,526.687237,342.462422
R2S2_TRAIN_ADB0578ECA5C,4064.582334,394.326863,383.532860,10004.400886,1200.131042,41.562500,26.568280,48.769176,217.957213,58.458058,107.345304,165.803363,24.700776,160.736666,282.906754,234.738047,33.102518,57.313590,1.665102,498.243176,313.441618
R2S2_TRAIN_AD78F38CA6F7,4252.548960,401.044688,385.690955,11107.850325,1185.946710,45.103182,5.797753,48.876505,220.032889,56.914820,110.905384,167.820204,25.419706,155.804525,289.344152,193.476987,32.973095,57.300109,1.664842,500.015969,307.943625
R2S2_TRAIN_34D4C32247DE,3903.453172,391.473796,368.239414,5818.178617,1199.987635,38.714435,25.547667,49.986100,219.987244,55.735620,91.863746,147.599366,25.958322,175.025156,276.028540,247.665759,33.172946,57.486668,1.666105,505.527158,319.072395
R2S2_TRAIN_11196DB63633,4191.077334,400.553851,392.216725,13086.493412,1186.676647,47.639688,10.316152,48.910462,219.926052,57.929916,107.528435,165.458351,24.867785,132.115260,285.730072,228.351981,34.317178,57.479581,1.658000,496.685666,307.490613
R2S2_TRAIN_EAF7EBC4240C,4023.862825,380.158807,375.591926,4315.004910,1200.644430,34.280671,15.366546,48.958030,219.960123,57.524839,101.559345,159.084184,25.496882,159.015730,285.749726,230.830952,31.186939,57.629251,1.654500,502.524310,331.823987
R2S2_TRAIN_A7C0F25FF817,4203.271626,397.163324,387.053949,13347.255168,1201.405030,43.187500,24.673610,48.555078,219.981170,52.742807,116.969216,169.712023,25.222466,154.265797,293.409440,203.946026,34.295751,57.081002,1.663695,505.968229,314.462233
R2S2_TRAIN_1EB81960D319,4184.781441,390.565140,381.094322,8540.832238,1181.986550,41.062500,8.010295,47.520548,215.958041,48.877512,117.673304,166.550816,25.227668,169.478767,288.967919,213.090654,34.225858,57.316863,1.661745,503.423874,315.642487
R2S2_TRAIN_4EA432D85E74,4353.142988,404.084676,393.538533,13881.289048,1185.734111,46.062500,16.585284,48.474965,215.970718,52.259335,118.966695,171.226030,25.798971,147.263369,293.610275,196.190730,34.474468,56.885699,1.665742,511.809548,319.334505
R2S2_TRAIN_646E3FEF7147,4222.345927,393.856182,381.778216,12495.005082,1186.208610,40.875000,10.454407,47.974373,219.890954,57.667382,109.550762,167.218144,25.545823,146.009181,287.836902,153.786842,34.262023,57.483661,1.656839,529.113001,337.087262
R2S2_TRAIN_E58F91B61B09,3881.745517,379.225912,318.890332,6184.007654,1194.623415,38.635497,19.464392,48.350261,218.016952,53.042735,102.668865,155.711599,26.110593,172.111141,286.522003,217.147135,30.646452,57.649463,1.649100,498.026918,319.904216
R2S2_TRAIN_861F920226EF,4150.048204,390.928894,380.650453,8827.331530,1181.822060,37.483293,8.312450,47.680757,217.983317,57.105597,105.405718,162.511315,25.247683,157.236866,272.292612,234.707418,34.279145,57.370454,1.661569,501.725505,312.198244
R2S2_TRAIN_87428E3BEEA9,4166.464162,394.183320,384.849969,11746.839909,1184.416185,41.002503,6.354008,47.298246,220.024012,53.343400,106.089024,159.432424,25.539948,128.505854,291.130763,162.560162,32.684639,56.657168,1.668769,522.023595,334.225653
R2S2_TRAIN_43A477597CF8,4177.426980,396.792529,386.112059,12777.034379,1188.679667,43.375000,25.023905,48.200793,219.955818,51.016400,110.189624,161.206024,25.410600,173.930364,286.270790,232.114733,34.594258,57.715853,1.661680,507.516354,327.586877
R2S2_TRAIN_883A6967F662,4096.279481,394.359819,382.725067,8553.978921,1181.224047,44.125000,25.905342,48.559381,219.988827,45.947017,118.704503,164.651520,25.252808,152.577399,282.533947,188.479628,34.428717,57.344045,1.662361,512.343167,317.996772
R2S2_TRAIN_1D434F034A6C,4050.197946,387.550171,380.622326,8722.606640,1182.847968,40.125000,10.204171,48.315270,214.959589,58.565775,96.127911,154.693685,25.589269,145.927257,286.370046,217.065453,31.416634,57.408974,1.657300,504.315507,316.738848
R2S2_TRAIN_26A99032C888,3937.206491,387.557405,370.343553,9262.434800,1182.263018,40.910949,12.045818,48.160799,217.989259,50.667272,105.847315,156.514586,25.789176,156.169602,283.588366,223.674887,34.321381,57.789426,1.650314,509.536972,318.291606
R2S2_TRAIN_B05227E39DD1,4165.041064,395.598929,385.076409,13140.042497,1181.730083,41.664599,26.667141,48.566019,219.282120,48.070175,119.494999,167.565174,24.627210,191.270428,285.257042,203.350445,34.505959,56.343114,1.689443,510.474198,321.437530
R2S2_TRAIN_10842FD7BC56,4098.332682,396.031825,387.501675,5956.878842,1194.192779,42.540869,11.000198,48.288539,220.022180,49.078126,118.631942,167.710068,24.818350,132.590153,282.905306,153.488978,34.316396,57.617417,1.653118,505.592175,316.970005
R2S2_TRAIN_D5A56508D995,4095.431153,391.810026,383.461484,6107.199113,1186.870586,40.383127,25.588221,48.672360,215.958709,47.171221,115.618775,162.789997,24.979831,176.733741,285.875525,221.546565,32.020594,57.405646,1.658041,506.365860,320.377677
R2S2_TRAIN_9AA57B580BFF,3956.167824,379.772851,372.795089,4060.745561,1186.922722,31.243255,7.892184,49.811613,219.936181,51.284517,105.030190,156.314708,24.983875,174.433321,275.473351,219.422466,31.141765,57.544148,1.656220,494.509909,310.069818
R2S2_TRAIN_5E524FF840D4,4205.197678,399.060091,385.840040,12509.284690,1200.405738,45.500000,13.240862,48.161621,220.035112,54.937691,114.816347,169.754038,25.341428,145.236924,290.036927,202.158023,34.024375,57.599177,1.661867,507.881869,314.343793
R2S2_TRAIN_2A52970004C6,4209.694366,393.117522,382.472948,12233.586818,1184.613168,42.784108,25.269821,47.835324,219.943625,50.565303,107.759108,158.324411,25.598016,182.217232,287.310438,220.859804,34.277613,57.165521,1.656940,520.462130,321.606197
R2S2_TRAIN_12D7BC35E62F,4163.183197,397.239485,386.058867,9175.508952,1199.592472,39.061109,10.703691,48.704202,219.986579,52.988462,118.594052,171.582514,24.356737,154.307337,282.668394,218.847271,33.331639,57.815867,1.644945,497.169370,311.280047
R2S2_TRAIN_F0480E672517,4228.109080,392.148667,384.628879,12961.711522,1187.596551,44.409663,14.525137,48.737845,219.982119,52.171334,112.551666,164.723000,25.490760,139.529327,289.679830,197.495068,32.974979,57.305796,1.655481,494.458959,311.676938
R2S2_TRAIN_9DF61226201A,4137.395310,386.594765,370.069623,8786.929020,1187.607858,34.908927,12.932037,48.193576,218.784864,51.460155,106.161284,157.621439,25.284246,174.954845,286.861524,244.646958,31.162535,56.343641,1.692269,530.989686,338.286042
R2S2_TRAIN_E7FD8E9DD8A3,4091.021886,395.214340,381.714985,13172.444016,1188.335150,42.500000,11.506619,47.698250,219.981488,55.250757,110.219037,165.469794,24.760819,142.054025,283.388342,175.824755,34.052899,57.621104,1.650600,505.364568,318.784751
R2S2_TRAIN_68892DFBDDBD,4144.688766,397.666477,390.471878,8148.607340,1199.535299,44.937500,6.111432,49.967130,219.999892,58.929396,101.496905,160.426301,24.601811,126.043164,286.877080,206.545689,34.567170,57.708192,1.654800,490.004020,303.491678
R2S2_TRAIN_9BBEFA13B535,4225.451502,393.544815,381.281285,11724.820150,1187.384591,44.937500,17.527342,48.380881,219.990162,50.948570,107.079026,158.027597,25.911599,150.561075,289.889327,224.932150,33.023671,57.050108,1.662900,508.111245,321.155909
R2S2_TRAIN_8D84BFD9C316,4224.164703,386.676474,382.267904,8300.905424,1186.493904,39.937500,6.132764,48.145339,219.949575,55.259900,108.436683,163.696584,26.946247,158.057615,289.552889,222.131062,31.392651,57.432740,1.655100,505.166768,323.790335
R2S2_TRAIN_382FE1CBE8F1,4229.571131,396.279272,386.073553,11090.805395,1199.325516,43.875000,10.157172,49.133336,219.907360,56.658026,109.058540,165.716566,25.443746,146.062023,291.109197,210.971639,34.429576,57.350089,1.651100,501.078665,315.979912
R2S2_TRAIN_A0D2707C3EA8,4305.197662,399.575685,387.593076,14627.348037,1187.882515,47.447982,23.515550,48.489933,219.962411,51.653330,120.243996,171.897327,25.540600,145.935397,290.359930,222.616738,34.418564,57.237148,1.665106,500.371121,311.975000
R2S2_TRAIN_A73F76682AAB,4054.198177,396.109486,381.818169,10236.975694,1186.107747,40.000000,10.120587,49.416896,219.563461,57.488980,105.292482,162.781462,24.776862,146.601223,277.494275,230.766881,34.458055,57.598514,1.658000,495.151847,308.252576
R2S2_TRAIN_934A44C26F7F,4164.064653,396.669517,385.624060,8339.472292,1186.377744,38.653982,9.447264,48.749079,219.975834,52.597171,112.327241,164.924412,24.257519,165.558569,286.504462,215.436527,31.494036,57.518926,1.656100,500.371163,315.595369
R2S2_TRAIN_7EAECCCC891F,4112.444660,394.859802,379.970185,6433.920369,1199.765801,39.256591,8.655237,47.995425,220.027642,58.507066,102.240971,160.748037,25.810679,126.209378,289.824856,222.661973,31.987895,57.554179,1.651303,494.956623,310.792558
R2S2_TRAIN_3204DF4F4B51,4182.054157,396.163997,387.008284,12445.757892,1199.734552,45.000000,14.901115,49.159604,220.036443,54.709978,111.766835,166.476813,25.377079,132.906937,287.210862,225.384491,34.303141,57.586881,1.657839,501.346558,313.013479
R2S2_TRAIN_1FC3618CDC4A,4033.643806,383.422352,373.493852,8013.236013,1195.095552,41.187500,27.492933,48.393697,215.936694,54.874258,105.114821,159.989079,26.056985,184.869871,281.571820,225.607313,33.259206,58.052515,1.641767,510.851567,328.475478
R2S2_TRAIN_21C381FEE55A,4245.537461,394.139367,382.683992,14163.053791,1193.085571,42.437500,26.015911,47.075217,220.006527,56.151947,108.391166,164.543114,26.073793,123.549966,290.118241,176.933938,34.212367,56.303687,1.670784,528.173262,342.870114
R2S2_TRAIN_0AEC2BF98F87,4068.624585,390.821423,381.008739,9213.417265,1185.241235,43.562500,10.568366,48.507543,220.001787,53.352507,104.167830,157.520337,26.255431,140.214984,288.589462,202.645053,34.484684,57.164838,1.666790,509.866450,324.232974
R2S2_TRAIN_E011399A1A3C,4125.643411,389.596831,379.244624,13808.333442,1171.095637,40.939607,13.804606,47.783260,219.938914,47.120431,108.815054,155.935485,25.989282,154.123790,287.290104,140.293036,34.290288,56.885726,1.662100,522.830059,326.557075
R2S2_TRAIN_AF686F8F7B7B,4272.395931,403.023682,389.299631,13697.704918,1185.984687,41.875000,6.761693,47.290569,219.963199,45.815807,125.550017,171.365824,24.652215,134.132699,291.901867,156.536246,34.499121,57.390476,1.659765,505.515245,318.949570
R2S2_TRAIN_13CA28AD84DB,4015.659927,385.894190,367.351634,8230.997223,1194.585432,40.000000,21.020533,48.887075,214.398357,49.143514,114.353261,163.496776,24.833375,150.321404,283.859397,199.125433,30.646452,57.510108,1.659300,509.959468,329.095493
R2S2_TRAIN_0786E050BDE3,4143.327357,391.676143,383.088340,8130.310455,1199.800443,38.909107,26.108894,47.922819,206.738248,49.656589,115.242236,164.898825,25.185689,194.239572,288.610953,221.150442,31.370089,57.314584,1.660400,508.403972,321.337018
R2S2_TRAIN_42A6CDEC9929,4061.213030,391.756282,378.201888,8149.704031,1186.288680,41.500000,5.079754,48.340498,219.955254,49.958029,108.129476,158.087505,25.479819,158.996008,287.470280,202.846466,31.486170,57.234663,1.663121,495.823281,308.005414
R2S2_TRAIN_0A053B1625C8,4090.757107,392.663963,381.392659,13807.799248,1178.378131,44.270282,21.594214,47.296686,219.917731,49.161325,113.116022,162.277346,23.972185,140.736132,282.109765,234.650475,33.143883,57.547936,1.654503,522.817765,333.317272
R2S2_TRAIN_4C3714A099EF,4108.995464,387.370891,379.405155,7511.151052,1186.015258,41.109429,8.024311,48.528921,210.934507,53.395292,110.943074,164.338366,25.045181,150.314262,284.353426,216.063924,31.231891,57.444808,1.658459,494.893346,311.457400
R2S2_TRAIN_7D9572EE936A,4291.450537,391.148980,383.966462,10683.614143,1192.686424,41.687500,3.765571,47.162101,215.974849,58.343172,106.212485,164.555656,26.197271,135.357751,295.973619,203.141014,34.439964,57.269161,1.661720,498.662864,318.599167
R2S2_TRAIN_EB86636C75E5,3805.648419,387.328584,375.144865,5128.210881,1199.829343,36.505091,12.577831,49.939719,219.975061,57.885752,97.578085,155.463837,24.387549,163.356368,279.764238,234.225150,31.097311,57.548381,1.657000,499.566158,316.162752
R2S2_TRAIN_EB300BEEE4B4,4101.825294,399.591802,386.432146,10889.722691,1187.396043,41.812500,14.856787,48.390941,219.973609,49.457098,106.832224,156.289322,24.427421,151.092275,285.654085,229.093872,32.069248,57.239129,1.669412,507.030050,324.372831
R2S2_TRAIN_0C719B1FF2F3,4252.429565,394.173732,383.526937,12778.296658,1200.654956,43.522403,20.409425,46.977723,219.988806,55.833989,97.920029,153.754018,26.263655,153.289945,293.871208,221.567454,34.402846,57.208839,1.665006,514.150812,337.399351
R2S2_TRAIN_B9505692E956,4185.189396,397.295857,389.814000,6832.213675,1193.455175,41.875000,20.325246,49.179659,215.960870,57.322297,108.255408,165.577705,24.682478,191.540673,288.626881,216.571053,32.359707,57.640816,1.652400,504.014547,324.276591
R2S2_TRAIN_FD9F7D5F78E7,4085.813152,397.250280,387.400322,6327.534403,1184.520211,37.641080,3.856571,48.944598,220.018708,52.558796,112.195983,164.754779,24.350078,180.644734,282.613208,202.189718,31.192003,57.147285,1.659100,510.894955,315.030337
R2S2_TRAIN_E4C5075AD2C5,4064.012408,401.639304,390.718232,10172.129148,1184.210475,40.875000,26.802020,48.363121,210.021569,50.335156,116.763351,167.098506,23.941889,190.393815,268.212607,239.521723,34.397448,57.577242,1.659204,517.995699,326.881090
R2S2_TRAIN_1424A796CFA7,4140.556589,396.298984,384.536718,7250.938018,1184.580629,41.875000,12.997548,48.369659,219.935893,53.497824,119.866245,173.364069,24.136234,168.647746,284.042906,222.760897,31.023081,57.265356,1.665131,502.534210,324.824023
R2S2_TRAIN_6CD8231293E3,4191.710933,396.361086,384.821798,12163.849159,1183.354800,43.654019,5.334646,49.248023,219.967194,49.012875,115.144162,164.157037,25.064549,120.283385,287.626345,176.126822,31.369273,57.371762,1.666967,493.076025,306.129104
R2S2_TRAIN_193027F3B0E3,3972.504841,374.291268,370.041912,7233.093421,1188.619226,35.915198,13.714756,48.427557,218.473523,47.438745,110.239987,157.678732,24.805735,178.360181,283.351208,216.247514,31.271743,57.383950,1.654100,506.343734,320.289536
R2S2_TRAIN_EFA9E53DBB7D,4164.399521,393.220080,382.939158,13123.399087,1183.099865,41.500000,16.315172,48.129056,219.975411,53.104155,108.859471,161.963626,25.737533,125.459965,284.657152,221.058143,34.573123,57.512329,1.654797,505.526706,321.003208
R2S2_TRAIN_6E92CF4BB529,4155.303368,398.359190,386.997977,12927.291395,1183.561885,40.500000,24.558409,47.284399,219.988094,49.440431,118.741338,168.181768,24.288801,175.511311,277.842529,200.603987,32.598662,57.127189,1.664700,531.419587,326.842023
R2S2_TRAIN_F2F82FB6F996,4220.853197,393.635246,384.560069,12989.260201,1186.885475,46.000000,10.704911,48.649795,219.977573,54.821713,107.756842,162.578556,25.723921,120.283385,290.191749,169.965739,35.102170,57.241330,1.664810,504.249851,317.279806
R2S2_TRAIN_95618F195566,4273.520249,396.300538,382.883442,14729.636550,1186.888259,44.937500,10.195991,48.493140,219.972817,49.147868,104.988527,154.136395,27.078516,135.432398,297.161444,172.464950,34.486892,57.281042,1.658500,506.777937,310.303065
R2S2_TRAIN_B9A41BF3C3E8,4288.958629,398.004627,391.213239,12805.276839,1200.068634,46.786113,14.253866,49.835357,220.039585,55.424464,119.951289,175.375753,25.220515,146.629717,292.143586,215.485494,34.523160,57.693283,1.649838,496.469252,309.069767
R2S2_TRAIN_EA4BE3C10BB0,4084.604874,393.529223,381.718883,10436.359469,1193.245550,41.625000,15.467847,48.079290,219.995598,48.600468,105.553058,154.153526,25.792842,137.213761,280.252304,207.577200,34.504624,57.802494,1.646833,506.294074,331.311046
R2S2_TRAIN_67BA55133378,4090.109678,382.106512,381.319222,9694.123052,1185.344280,41.312500,25.088077,47.471776,219.919154,50.421839,107.191006,157.612845,25.442872,167.635990,285.542650,206.704296,32.522278,57.417130,1.656500,507.413084,315.871941
R2S2_TRAIN_EC2722061E7F,4196.454192,397.777672,386.717012,9274.485048,1185.323998,41.714232,23.957085,47.831078,216.989587,50.016450,115.378785,165.395235,25.833796,168.631936,289.222737,161.429135,32.838399,58.008456,1.642543,504.240262,315.490649
R2S2_TRAIN_A74122DA0D58,4181.839191,386.318526,381.545075,8906.405551,1200.415840,40.941224,6.679956,48.810092,219.923534,55.500861,105.913809,161.414669,26.394067,129.361972,294.005128,191.216395,34.285052,57.721387,1.651384,494.777304,318.419641
R2S2_TRAIN_9C0C6BA30BBA,4111.013096,398.639770,385.847931,8410.328425,1188.221691,39.937500,24.407962,48.406196,220.018076,50.349708,109.532907,159.882615,24.279951,179.514205,282.836499,231.204372,31.999221,57.601453,1.663446,512.983918,324.608827
R2S2_TRAIN_11C3C1715B0D,4233.322837,398.017262,388.418583,10175.607361,1185.760392,45.392161,11.564840,49.179515,219.954715,54.534826,114.869609,169.404435,25.066381,139.359136,287.843836,211.189311,34.354731,57.300068,1.664711,502.065934,317.713795
R2S2_TRAIN_B9B9000FBB36,4037.860245,393.398475,381.924688,7162.828431,1184.738858,40.937500,23.861905,49.310633,219.946518,57.564420,105.292966,162.857386,24.874772,190.896105,279.904084,236.562080,31.341676,57.691144,1.649886,501.375072,310.759983
R2S2_TRAIN_39E42DD90348,4157.980707,383.178291,381.273845,8346.236942,1185.511139,37.373935,22.521315,48.522850,219.945472,54.066772,113.793480,167.860252,25.928369,150.533174,289.311383,215.765557,34.526525,57.430261,1.654313,504.341978,321.172261
R2S2_TRAIN_11E99BFF6992,4170.690777,391.247208,379.088489,10294.148495,1184.868139,37.002451,14.234752,47.299787,214.962023,51.057480,106.734396,157.791876,26.018494,181.591438,288.387383,221.695814,31.526201,56.956565,1.668409,520.466164,343.416114
R2S2_TRAIN_34F211C0A2B6,4151.323052,394.770121,385.722849,9111.834081,1187.099530,41.500000,25.475205,48.427891,219.959440,46.418207,117.626648,164.044855,25.385229,192.228440,288.590731,228.770026,31.046547,57.405642,1.656604,498.371920,318.618347
R2S2_TRAIN_3B2FD0E59D80,3991.461508,388.404513,379.330353,6265.340303,1199.518167,35.326114,11.445433,48.575022,216.682777,56.739385,105.777652,162.517036,24.700975,156.179449,269.051896,224.245619,31.541453,57.300182,1.657600,524.146026,337.758802
R2S2_TRAIN_979D84FF9E61,4167.501235,388.399287,380.494510,9284.917035,1185.489278,41.875000,16.028913,48.103823,217.984387,55.159168,108.172446,163.331614,25.864891,149.619960,287.057973,218.635139,32.820579,57.579935,1.655882,506.102749,321.642004
R2S2_TRAIN_244CD1D9761B,4168.029092,395.036584,378.863568,14325.850257,1187.104280,42.420381,13.497188,48.523676,215.935561,52.477400,107.983280,160.460681,25.836605,149.376523,287.332515,188.262546,35.076200,57.505344,1.646313,505.062252,317.526835
R2S2_TRAIN_63D168099E5A,4228.100907,401.718624,389.418306,8703.218791,1200.137105,39.344489,7.019899,48.702613,219.979372,57.205444,114.196308,171.401752,25.145824,135.092258,290.285531,212.721166,32.083469,57.757758,1.653682,496.178521,313.500437
R2S2_TRAIN_D42200F55234,4124.079130,397.261624,385.809621,6122.182713,1200.490712,39.286142,15.826816,49.292748,219.956153,54.885510,108.426738,163.312248,23.280771,213.942540,276.665370,233.690766,33.867482,57.461610,1.655000,514.825350,333.374498
R2S2_TRAIN_455F93BFDF7F,4053.792645,390.130241,380.697838,13054.430336,1191.900185,41.062500,8.413127,49.132077,219.927467,54.435602,105.017995,159.453596,25.122755,135.808464,285.975692,210.573397,34.273766,57.710936,1.651100,505.178052,321.606219
R2S2_TRAIN_0E92EB885FE5,4187.405882,397.159407,391.176307,13078.212551,1187.648244,44.962055,12.938072,47.804247,219.987174,49.490919,111.633325,161.124244,24.791163,142.529021,288.047780,231.162087,34.354560,57.705400,1.647792,503.026213,309.190997
R2S2_TRAIN_2910EA7AA9F0,4252.895954,393.378917,386.165880,12615.821841,1178.598189,45.124641,8.712459,49.802215,220.002874,52.852272,111.811940,164.664212,25.650158,146.811655,290.878688,197.614279,33.154568,57.239963,1.663611,503.784635,317.474030
R2S2_TRAIN_23EE9101FBF6,4196.407385,392.083046,380.408817,10115.897450,1184.799837,42.000000,14.208001,48.760232,217.998122,50.778756,109.286326,160.065082,25.510848,143.079187,287.629499,209.107315,33.582365,57.317764,1.668490,502.602064,315.286963
R2S2_TRAIN_34A54C30F676,4189.381911,401.715729,389.910161,14168.503194,1172.870430,43.537900,11.852259,48.255838,219.920475,46.703779,125.498920,172.202700,24.270251,164.492183,282.413848,168.144213,34.407235,57.006964,1.655451,516.308266,317.234130
R2S2_TRAIN_DC1E5586FCF0,4127.220882,389.549675,375.784303,8606.527078,1193.361026,39.290709,10.652823,48.537708,219.842466,57.127464,101.552873,158.680337,24.904667,144.182971,283.322274,227.719394,33.077148,57.566803,1.650000,508.447600,319.194818
R2S2_TRAIN_AC51EB7474E9,4099.378144,388.174678,380.723346,7095.320733,1188.274897,41.215465,3.367278,48.509500,220.021464,52.403219,102.538979,154.942199,26.474193,192.875581,291.481729,239.069033,34.482438,57.319586,1.658600,493.447483,310.104311
R2S2_TRAIN_C9908A25B20E,4173.595241,396.290753,385.758732,12983.093960,1184.984134,44.875000,6.599281,48.549186,220.003035,51.946452,107.808258,159.754709,25.009625,122.632402,289.093143,184.423352,34.380536,56.914953,1.666114,512.602102,312.121401
R2S2_TRAIN_3D6C4C2C39C5,4177.691859,388.553662,382.813068,13628.993542,1184.295517,44.102833,8.078525,46.987092,219.972939,45.967729,109.040881,155.008609,26.781701,154.250772,292.825587,197.133320,33.138940,57.297399,1.663123,510.366762,327.216150
R2S2_TRAIN_6B4F56AB3B9B,4198.398424,393.979634,381.117447,4296.352859,1200.649300,41.000000,11.088314,48.871342,220.013449,53.975261,107.009712,160.984973,26.067781,180.896258,294.036442,231.328797,31.226670,57.028191,1.668174,503.644485,312.985336
R2S2_TRAIN_C891D684714A,4087.387498,390.528893,379.393871,8304.470202,1185.393631,41.124156,15.437394,49.038841,219.967230,53.950931,112.397987,166.348918,25.717630,180.451421,286.722889,216.062022,31.205112,57.037557,1.686608,496.760083,310.770465
R2S2_TRAIN_4C126FF313FE,4223.532095,400.543749,389.989567,12776.033453,1184.909950,46.970970,24.870560,47.971617,219.974075,52.748433,117.374718,170.123151,25.084136,140.432528,292.494442,181.748096,32.178904,57.130290,1.662626,504.442645,317.882551
R2S2_TRAIN_271682F8772A,4242.837891,392.533592,380.816515,10468.491538,1186.307677,39.157895,10.340360,47.318849,219.986239,57.077848,105.675805,162.753654,26.138640,157.055353,294.703292,192.651183,32.769758,57.502984,1.651033,500.492887,316.172496
R2S2_TRAIN_A16099C69BAC,4240.773071,399.858844,385.048052,12568.206163,1180.967528,44.937500,12.328170,48.227669,219.976399,50.397134,118.091262,168.488396,24.348667,147.898710,282.150076,214.923781,34.414121,57.691034,1.651402,506.480010,311.511294
R2S2_TRAIN_D5D9B757A0A7,4143.899717,398.392509,387.869409,8650.308720,1184.478555,42.006535,11.473739,47.598852,219.946099,51.022772,116.871409,167.894181,24.280318,173.854370,285.825085,176.106826,33.117280,57.314037,1.661500,503.259205,309.339710
R2S2_TRAIN_02FC739E9844,4090.991279,393.350030,382.286130,10285.460772,1185.972838,42.514632,9.652388,48.924514,219.935825,47.970299,117.364505,165.334804,24.386081,143.960342,280.828944,165.635227,31.515967,57.140832,1.669213,505.865760,313.245110
R2S2_TRAIN_3C913C10CC06,4119.802241,392.984451,378.655238,7115.717062,1201.268571,40.375000,4.786604,49.479246,219.966652,56.945310,99.950566,156.895876,26.483668,138.828338,291.741413,232.212973,32.123310,57.845877,1.640953,494.520342,304.750418
R2S2_TRAIN_CB99430E61AA,4330.617162,405.510873,394.035291,13897.790897,1199.450140,47.345054,11.167122,48.890528,219.995266,55.426703,117.485011,172.911714,24.656168,141.931961,288.089191,195.569702,34.507465,57.155517,1.686741,502.500202,312.902110
R2S2_TRAIN_997086C55E06,4086.222315,400.678391,381.384508,8084.005198,1186.129788,41.625000,9.286375,49.566754,219.984162,55.384888,106.740976,162.125865,25.287187,133.948936,284.886402,172.923672,31.535388,57.240607,1.663283,500.509271,316.360607
R2S2_TRAIN_C2B64E1A9C00,4170.125286,345.825756,370.418273,4123.180332,1186.515391,41.062500,3.367278,49.913383,220.026297,54.948328,101.046164,155.994492,26.326326,149.712470,284.921184,202.981623,31.125141,57.783080,1.649800,490.004020,304.120377
R2S2_TRAIN_6C159CE567AD,4172.930725,388.626909,374.632520,8035.215144,1183.218254,38.935333,13.865137,48.556639,219.988183,48.384323,106.475739,154.860062,26.289945,152.471049,288.017931,188.042400,32.005042,56.391539,1.666168,503.837036,312.798949
R2S2_TRAIN_21C9CBBA1A61,4240.332007,399.468220,385.600833,10545.582611,1193.449906,42.062500,7.041708,48.759429,219.935165,56.188181,107.688464,163.876645,25.935660,148.202390,293.445398,192.358461,33.242210,57.307909,1.668283,499.967907,311.158817
R2S2_TRAIN_324D4898A9CC,4144.575527,386.774760,375.985400,13296.339307,1185.851438,42.437500,16.711209,49.570768,219.949905,48.653175,110.045858,158.699033,25.728735,142.632676,288.455923,188.522782,32.957506,57.281667,1.653752,504.180251,319.901587
R2S2_TRAIN_59D881914C23,4229.847233,402.184564,387.977414,12620.025986,1200.378494,44.811786,9.578788,48.525791,219.977951,48.919295,116.800501,165.719796,25.577052,137.506201,289.114336,190.930366,34.414986,57.467208,1.654409,497.190132,317.310619
R2S2_TRAIN_F8DA45AB9DC8,3594.989470,327.477791,364.242713,3976.467527,1200.409911,35.561220,25.894671,48.853202,219.922655,50.831301,93.496464,144.327765,26.100381,179.825747,284.135340,252.724074,30.848939,57.568354,1.654400,515.605313,335.184044
R2S2_TRAIN_CCFC9E97FABD,4270.793469,402.231084,389.930965,13219.943475,1185.071959,41.812500,14.626528,47.513060,219.941826,50.201208,119.729035,169.930243,24.550130,134.841580,285.450180,212.633601,34.501168,57.668955,1.655179,504.443982,326.834651
R2S2_TRAIN_F3349F072957,4152.293313,397.116186,386.227432,10259.155135,1184.661811,42.375000,23.554110,49.613749,219.972393,48.079386,116.025128,164.104514,24.793974,162.383718,285.747701,225.832201,32.042178,57.016312,1.665886,501.941543,312.978334
R2S2_TRAIN_62CDDB81038D,4224.593229,393.503568,385.673738,11697.309691,1190.238308,41.837303,8.564019,48.537783,216.010156,53.038528,114.105234,167.143762,25.973978,160.204450,291.985261,208.783628,32.535092,57.246074,1.689112,505.224886,315.955245
R2S2_TRAIN_ADAD0714815B,4104.981602,386.594967,379.216470,12451.404790,1183.746686,46.812500,12.868523,48.528414,219.972212,52.689015,102.830870,155.519884,26.185929,132.787555,288.314628,168.897670,34.337113,57.444118,1.652100,506.583642,322.169600
R2S2_TRAIN_80526E3BB303,4208.407200,393.336882,382.101538,9975.481103,1199.380791,42.194307,10.369435,49.016916,219.957846,59.382908,100.787609,160.170517,25.917876,141.582012,290.874113,197.152668,34.391708,57.435253,1.659300,499.937789,309.928494
R2S2_TRAIN_BAABF54083FC,4344.374232,404.140184,392.256969,14617.693661,1184.428252,46.612253,25.166835,46.691652,219.922441,47.043951,120.097300,167.141250,24.820738,147.843003,292.636357,160.774501,34.501644,57.495318,1.655000,516.945074,328.714450
R2S2_TRAIN_F33BED248F02,4100.379648,391.486575,380.408707,3979.584370,1189.365158,37.463336,7.613874,49.049541,219.996745,53.651793,107.178605,160.830398,24.780773,179.288698,281.666539,229.756948,30.906753,57.600418,1.653730,497.990255,309.950447
R2S2_TRAIN_A02C11F555C6,4138.774754,390.625481,377.232038,8566.369066,1189.751058,41.375000,15.784000,47.844494,217.952971,52.688759,112.399055,165.087814,26.103687,202.394108,289.094762,215.724895,31.179752,57.650603,1.650200,508.778748,325.051989
R2S2_TRAIN_9BCAE3F768BE,4232.428978,401.702126,387.710255,8762.151908,1186.456577,42.187500,24.958501,49.573514,219.991914,52.405777,118.019825,170.425602,23.982094,206.750887,288.777183,248.772140,32.954258,57.384993,1.661400,498.297755,307.844206
R2S2_TRAIN_FD1CADC8C6AE,4044.745228,392.936048,381.952438,13124.753147,1184.320806,44.427195,24.887449,48.258841,219.910310,44.790055,116.950730,161.740785,25.079013,172.910320,281.733225,233.025937,32.458215,57.494683,1.661122,514.745399,318.370821
R2S2_TRAIN_70E662DFA830,4093.184308,389.124963,376.239194,8368.578087,1200.596832,37.601707,10.803761,49.166341,219.981015,54.383397,105.564711,159.948108,26.039804,155.564503,287.869069,231.764904,34.294530,57.485939,1.646849,502.847832,321.338762
R2S2_TRAIN_1471313A8FDA,4254.668543,399.817808,388.035637,11241.542315,1200.229920,40.937500,5.799376,48.436423,219.997131,52.731696,120.743470,173.475165,25.813598,170.810730,293.156523,214.376985,33.221273,57.194322,1.660400,496.708993,310.605707
R2S2_TRAIN_048B37511FF7,4226.131440,385.363019,375.043691,6330.297429,1200.115825,41.312500,19.490415,49.275038,220.046963,58.574927,101.378710,159.953637,26.703030,139.706620,292.601962,220.689183,32.775944,57.267345,1.658300,495.972979,308.162252
R2S2_TRAIN_DCF425BD1EF3,4202.212423,394.538073,386.283476,14107.538080,1185.941583,39.937500,6.936180,47.194675,217.911491,49.791667,118.347371,168.139039,24.777822,184.349282,285.808989,213.114608,34.471798,56.310230,1.673965,506.763742,327.671064
R2S2_TRAIN_87E6D3D7198F,4066.513037,378.813861,335.574148,4147.661306,1199.951822,40.375000,13.162771,49.200183,216.552926,49.235158,95.727617,144.962775,26.828952,153.818992,296.149476,203.419840,31.409615,57.782020,1.647416,503.939639,314.117461
R2S2_TRAIN_57632BCE9A50,4132.852543,397.504625,385.462550,12798.822023,1141.897761,38.602398,15.897861,47.936184,219.944274,46.612466,118.587933,165.200399,24.385999,153.738734,284.424529,202.731710,34.230925,57.105894,1.690773,518.010345,320.828306
R2S2_TRAIN_709CD8359867,4129.260727,389.564641,379.294068,12518.036417,1199.561757,42.000000,26.975973,48.016707,215.022297,56.128960,109.843311,165.972270,25.798838,135.131209,287.086116,212.226137,34.483476,57.747896,1.654100,503.087136,322.992812
R2S2_TRAIN_ED0F5540A997,3969.709286,382.006415,373.248202,9034.531478,1187.494343,35.148200,23.431070,48.494886,219.943127,53.152463,111.048174,164.200637,24.984807,148.294901,285.289076,211.626793,31.174655,57.258894,1.661238,520.767109,330.238958
R2S2_TRAIN_6D57D9D3EF59,4219.284992,399.020451,392.798965,13901.483158,1169.816439,42.375000,24.998789,47.730268,220.014110,48.386226,119.778765,168.164991,24.077526,149.245175,286.202606,185.067114,35.003014,57.790718,1.656007,501.718363,311.204076
R2S2_TRAIN_19F76892F4C0,4101.081570,388.833752,374.291109,6095.565157,1199.649576,36.963869,11.338077,49.018086,219.994825,55.724356,97.315203,153.039559,25.733998,141.988426,286.681271,222.130018,31.543245,57.484049,1.657850,504.856277,325.421194
R2S2_TRAIN_F6659C4995FF,4156.556383,396.409796,388.694315,12202.672755,1193.775899,41.937500,12.072637,47.620973,219.936090,49.457300,116.935419,166.392719,25.345640,151.296460,290.262071,198.986195,34.286946,57.579698,1.650557,524.127854,334.292272
R2S2_TRAIN_E98A9DD2B85C,4229.839120,400.927757,390.187289,12516.218211,1180.978772,43.125000,5.530960,48.099453,219.988699,52.195881,118.472936,170.668817,24.328775,177.904558,288.707407,208.449627,31.177329,57.045810,1.664364,505.335107,312.866559
R2S2_TRAIN_CB9AC5D210C6,4158.121774,397.472661,387.002900,10757.507729,1187.781872,43.458626,26.531746,47.249841,219.891780,56.451923,111.087272,167.539195,24.956224,153.992810,286.056514,215.031856,31.739104,57.072437,1.672225,501.922255,313.345389
R2S2_TRAIN_7A82CCA5B217,4065.825177,394.391760,382.524809,8774.822046,1181.187262,40.256441,7.104387,48.835317,220.017505,56.332802,110.906854,167.239656,24.512895,210.627099,284.643437,209.979375,32.128049,56.226595,1.683670,494.750953,305.994398
R2S2_TRAIN_BA9EFE9C3004,4253.288170,394.875010,382.975869,10673.055188,1194.937557,44.621845,25.697262,48.860611,219.979209,56.584036,110.198660,166.782696,26.206845,142.822276,292.877905,230.775664,34.374935,57.702363,1.648175,507.020367,315.729733
R2S2_TRAIN_B4A5DDC4C5DA,4225.166742,400.404416,388.987591,13555.879347,1189.386616,41.125000,21.355330,48.310205,219.944766,50.858587,119.329358,170.187945,25.120470,159.864133,289.102053,182.654020,34.981698,57.444713,1.664884,507.183281,331.273403
R2S2_TRAIN_A4FF10E9363D,3994.213490,378.939570,354.095777,3976.467527,1199.495087,40.000000,8.319699,48.985691,219.961876,49.202822,106.985799,156.188621,25.693598,170.980686,284.555719,215.462575,30.777690,57.355346,1.660593,503.393832,317.793545
R2S2_TRAIN_4D8028A85056,3643.128318,327.477791,346.593116,4862.104465,1199.062122,28.967188,5.567515,46.857358,214.950307,49.582606,104.968711,154.551317,25.310196,184.199206,279.275583,225.591021,32.071476,57.429183,1.654850,503.640626,320.596748
R2S2_TRAIN_06F4FCE64890,4120.458517,394.433542,384.007575,10701.184011,1199.993008,41.062500,13.333416,47.454692,219.977349,57.123710,102.696403,159.820113,25.984138,154.301631,291.910389,208.892984,34.488909,57.116890,1.669544,518.002766,343.531103
R2S2_TRAIN_B348A7C8C67F,4092.524058,393.528913,384.580598,6316.189691,1186.547575,40.687500,9.111738,49.031933,219.930902,54.769187,100.716513,155.485701,25.493453,151.737342,291.395943,226.161696,31.587546,57.333659,1.658300,490.231427,309.146476
R2S2_TRAIN_23BA80401F47,4070.245340,397.677334,390.073276,12881.186886,1183.117902,43.062500,15.630358,46.827858,216.892410,46.789213,122.341327,169.130541,24.076707,195.377074,283.715692,168.038155,33.755346,57.165773,1.671492,505.360220,325.394732
R2S2_TRAIN_85FF4E1CF186,4172.779717,399.902208,388.410032,13283.686629,1187.370429,44.555629,10.247492,48.667876,220.023830,52.761919,116.139628,168.901547,25.376229,165.748688,287.539575,189.323661,34.468245,57.572281,1.652330,504.809375,319.588652
R2S2_TRAIN_53B9FD7BD430,4234.427008,399.394629,388.600254,10383.742555,1186.480678,42.390915,23.919149,48.152010,220.027689,48.029390,121.811022,169.840412,24.337707,152.628050,286.263703,236.975076,34.425156,57.154915,1.668025,516.587919,324.322228
R2S2_TRAIN_D647D7E4E36B,4058.656121,392.051815,386.671955,6051.007450,1193.578861,40.625000,6.742803,49.257347,219.952892,55.903666,114.486355,170.390021,25.509023,162.526823,288.398626,230.801560,31.256403,57.626271,1.653600,496.753432,308.581523
R2S2_TRAIN_6FF86EA3C72F,4080.684501,390.929308,371.784805,8996.520378,1183.641430,36.983242,26.158630,48.196277,207.274721,49.857900,106.541217,156.399117,25.937655,197.633918,281.993112,229.285334,32.042106,57.195736,1.658400,505.165870,325.155153
R2S2_TRAIN_5AD47DE05F4C,3728.041138,390.867352,376.260560,4124.311555,1193.356334,37.227149,23.286221,49.423166,219.971297,54.198586,106.546550,160.745136,25.117682,160.153539,279.951817,225.093163,31.170387,57.788259,1.647377,502.598353,316.145099
R2S2_TRAIN_802729FF386C,4233.062832,400.807129,389.060005,14180.225207,1182.988610,44.062500,15.446681,48.007364,219.911299,51.202007,118.505521,169.707528,25.028060,138.559785,290.427230,164.844793,34.976478,57.103926,1.689240,505.878570,310.914997
R2S2_TRAIN_3222BD2C7760,4261.042339,400.387037,390.972839,14631.652283,1184.801735,42.237265,19.331766,47.391151,219.970716,48.684910,119.718419,168.403329,25.088658,222.885463,285.858507,217.760446,35.102170,57.603982,1.650400,515.784989,342.052025
R2S2_TRAIN_AFD442DA39D1,4171.327701,398.088100,387.025779,11445.225878,1156.339599,43.125000,24.861399,48.439021,219.916531,49.554304,117.464364,167.018668,24.770862,145.427956,284.616418,215.142952,33.766205,57.483429,1.656200,512.249477,317.569492
R2S2_TRAIN_24BA8655BDCB,4199.374386,397.214034,385.675542,13374.366967,1200.629784,41.937500,26.074665,48.386684,220.009042,51.995572,116.975132,168.970704,25.461410,156.724929,286.180006,227.701249,34.876977,57.580673,1.656269,502.586316,310.475836
R2S2_TRAIN_C5E8C367ECD2,4193.049189,392.607396,385.300814,7526.698797,1185.811471,41.500000,11.061434,48.690502,219.966008,53.718934,110.594940,164.313874,25.394513,159.006549,288.530587,227.182486,33.010549,57.628882,1.653300,504.211412,319.011371
R2S2_TRAIN_A893027321C3,4175.866364,399.615786,383.703942,9800.682744,1200.248735,37.010638,26.704437,48.595928,219.956101,56.250617,110.614973,166.865590,24.755454,182.850093,287.894333,224.288872,32.071565,57.364049,1.657786,503.155007,320.265502
R2S2_TRAIN_491EC2B67038,4158.034227,381.196567,369.674677,9101.412135,1199.610206,42.957702,13.226188,48.668955,219.928637,49.317341,104.850367,154.167707,26.795530,168.659153,292.138108,198.645503,34.238965,57.597028,1.653151,503.857634,312.040250
R2S2_TRAIN_F842A7CBFAC2,4253.753511,400.810872,387.821850,13598.292391,1199.252010,44.554586,26.650572,48.409177,219.997028,51.080540,118.854774,169.935314,25.772686,193.452183,289.792414,233.735431,34.457947,57.581593,1.658778,513.670878,321.374979
R2S2_TRAIN_7A8F2D7B3C7C,4176.428721,404.302117,386.582028,10162.426195,1199.287953,40.587336,7.934017,47.716149,219.968857,56.774675,114.629198,171.403873,25.322771,149.846673,288.395005,222.170799,34.427982,57.569399,1.658182,495.041578,314.787435
R2S2_TRAIN_25C06EFB5A58,4301.579723,393.726364,383.607568,10605.295079,1184.248613,45.242147,4.375479,48.278233,219.972152,50.571769,107.365799,157.937568,26.085993,142.011571,293.487429,227.185365,33.263542,57.188125,1.674472,501.755012,311.214599
R2S2_TRAIN_52720FA118A0,4233.835924,396.066482,382.912027,12349.320570,1200.100573,40.689518,10.831661,49.137338,220.025978,55.854186,110.716825,166.571011,25.725287,156.042997,291.275926,216.705710,34.878436,57.618673,1.651998,506.411832,315.977762
R2S2_TRAIN_7D99CD2274D9,4152.009549,400.166975,389.215837,11181.814547,1199.497406,42.817806,4.732764,49.269648,220.047614,54.946476,116.691641,171.638117,25.492240,129.738616,289.637234,218.678403,33.210343,57.109090,1.658600,493.574036,304.749139
R2S2_TRAIN_216AD773B2BD,4201.938025,393.200743,385.391695,11752.324084,1199.643713,41.931578,20.746517,48.405691,219.988545,55.175010,109.266060,164.441070,25.022414,176.419425,287.094857,232.914293,34.366977,57.436470,1.658111,522.661630,318.188530
R2S2_TRAIN_04DA6A045DC0,4214.174211,401.388032,389.297340,14756.593251,1182.759103,44.375000,8.479078,47.461676,219.939469,47.827813,121.980325,169.808139,25.001721,213.318726,291.193793,208.225092,34.505482,57.265539,1.666615,512.548735,331.877501
R2S2_TRAIN_C1A8BCF72A2F,4050.828342,395.272219,380.685985,10092.217244,1183.391863,38.935486,12.590018,48.227694,219.950661,55.367371,112.810147,168.177518,24.283215,174.028751,275.647993,214.742605,34.375356,57.572964,1.654800,517.105254,314.582117
R2S2_TRAIN_A6C9EB988C65,4184.161571,399.257793,386.224859,10393.708756,1184.958411,44.392298,14.235597,48.859663,215.859169,49.071939,120.488143,169.560082,24.611232,143.357763,288.623927,191.085290,32.702223,57.220143,1.668251,505.930979,323.356349
R2S2_TRAIN_CCC88645097C,3967.965550,389.182421,378.533071,9959.431171,1185.417504,37.862961,13.811968,48.110924,217.965852,48.907343,113.220957,162.128300,26.185499,162.317257,283.453426,201.833076,32.094578,57.459474,1.654100,514.216363,335.534265
R2S2_TRAIN_13846737EC87,4184.416314,393.301590,384.004282,8124.552009,1195.671907,41.437500,9.952377,48.010372,216.017206,57.139387,105.969120,163.108506,25.435144,160.994128,288.964687,215.276090,34.491113,57.490696,1.658629,497.878946,319.890010
R2S2_TRAIN_57938061A896,4156.183607,381.952945,380.796978,9590.682572,1186.991800,38.940258,15.927573,48.192942,216.972013,54.619349,107.586443,162.205792,25.130019,178.340624,285.100690,221.555684,34.235899,57.716633,1.649631,506.395832,330.887705
R2S2_TRAIN_AA55701AB7C9,4134.449588,381.260186,378.093945,4036.391413,1199.304112,42.062500,8.869719,49.712248,219.921557,55.083065,99.695156,154.778221,26.470411,133.829314,290.627297,220.163964,33.264398,57.962839,1.646568,496.413745,311.955262
R2S2_TRAIN_9B58283AD2D3,4242.374241,394.046100,382.314783,11270.271444,1187.280821,43.500952,13.822656,48.670908,219.971537,48.904645,106.061936,154.966580,25.608948,156.155951,293.737346,218.058321,34.316074,56.881569,1.659500,504.740417,321.816527
R2S2_TRAIN_94562447F818,4083.041676,392.860820,380.751749,8106.067191,1192.053722,44.375000,24.081551,48.580981,219.898076,54.061148,108.562081,162.623230,25.459811,146.224922,289.154106,201.855147,31.236371,57.289815,1.656500,513.531344,325.033934
R2S2_TRAIN_FA6A3C580127,4080.316244,390.599582,381.084944,13840.867636,1183.577376,45.025939,20.301651,47.182061,219.948735,48.140897,111.101136,159.242033,26.108418,175.335212,289.782734,213.617008,34.281898,57.303674,1.656400,513.450200,317.461336
R2S2_TRAIN_E69BA25A34BE,4282.504845,401.415379,389.607326,14499.156866,1184.705560,43.187500,14.456771,46.686808,219.994557,51.462914,120.862840,172.325754,25.369115,175.008928,294.482955,152.660562,34.470397,57.567051,1.652555,515.404493,325.934040
R2S2_TRAIN_1329A8EAE106,3795.839311,397.670027,382.109295,5227.766970,1186.333032,40.875000,14.156961,48.689782,216.020453,52.887201,107.359693,160.246893,24.717389,173.529436,279.438553,213.343988,31.238380,57.631072,1.654300,510.695887,320.412559
R2S2_TRAIN_EE621B19D410,4186.620791,397.896909,386.084911,12368.770364,1184.078738,43.333669,25.627153,48.555770,219.921832,56.301289,117.241843,173.543131,24.771133,142.696768,285.145587,222.192893,32.697184,57.757801,1.654221,506.309871,318.028982
R2S2_TRAIN_4E28BD7E60C9,3396.420730,387.137655,366.808973,7536.804559,1199.285809,28.967188,10.039710,47.517063,219.908470,52.250828,105.057890,157.308717,24.682756,148.521382,262.719261,221.432366,34.367450,57.767988,1.647072,509.585158,322.292276
R2S2_TRAIN_6BF72C1AABD4,4181.150052,397.798455,388.127875,10104.790750,1193.997026,40.875000,11.094325,49.402471,219.934940,55.131968,113.676298,168.808266,24.738028,189.023687,286.684954,237.033017,34.267934,57.515207,1.658772,508.304397,319.078071
R2S2_TRAIN_A61F338BF1D8,4205.011409,396.091763,384.788715,14904.046193,1183.529735,46.099455,20.989883,47.262655,219.954643,47.993173,117.575304,165.568476,25.492024,129.748787,289.832034,199.771673,34.545945,57.511158,1.667350,525.782313,358.650144
R2S2_TRAIN_2AB5DDA2D204,4239.385882,387.975543,383.668810,13588.986673,1184.013936,45.500000,6.961410,48.748551,219.942296,57.431160,104.352639,161.783799,25.697546,140.252969,288.323052,229.468955,34.386999,57.734500,1.648440,506.260410,327.305951
R2S2_TRAIN_8694B7F1A902,4190.194679,396.566111,382.670785,8807.689222,1200.613622,34.187216,16.828653,48.766015,219.974875,49.817476,110.041443,159.858919,24.965272,146.731660,286.152912,227.554218,31.220857,57.736778,1.644644,503.557405,323.954807
R2S2_TRAIN_CA8681DDA17B,4148.707866,401.745663,391.028640,9752.191793,1187.071724,45.164909,12.281983,48.921346,219.966205,53.562288,114.245480,167.807768,25.513137,152.928435,288.135775,218.039021,34.322688,57.530368,1.650400,494.474430,309.012121
R2S2_TRAIN_B08E7E5AC27F,4188.738626,402.053730,386.683504,9193.070252,1187.389929,42.734449,8.763726,48.894156,219.984739,48.225702,121.420351,169.646052,25.425770,136.469747,290.406782,187.212816,32.042099,57.752708,1.650000,506.481106,310.329614
R2S2_TRAIN_6261DE307014,4078.778327,388.277638,367.337879,5274.479189,1200.905458,39.533544,11.265390,47.747900,219.952292,57.404812,99.752241,157.157053,26.052206,191.716729,289.209264,253.695032,31.144968,57.541694,1.655200,513.959635,342.894608
R2S2_TRAIN_554880CF6624,4194.171238,398.635526,383.731992,12750.318506,1185.472651,41.875000,12.943943,48.315783,219.959302,47.588327,119.019062,166.607389,25.293555,192.451800,289.208822,222.141241,34.462268,57.617770,1.657908,508.539279,311.966795
R2S2_TRAIN_AD792D8A2D30,4285.688434,404.565757,393.583072,13367.107120,1184.351374,45.062500,13.678055,48.435052,220.017593,53.144899,121.113153,174.258051,24.709143,131.188341,289.124790,198.068100,34.995692,57.573742,1.653700,506.217391,327.250280
R2S2_TRAIN_DFF5D36C6F3F,4215.712030,394.548736,387.634123,12300.606882,1199.472531,40.875000,12.269158,48.877719,219.952704,58.470556,113.141710,171.612266,24.481359,132.126124,289.631706,209.001891,34.468815,57.299674,1.656601,507.697358,324.177842
R2S2_TRAIN_179363A5A43D,4175.294902,392.980169,379.215390,12437.101790,1192.873032,41.562500,12.001181,49.233359,219.966133,48.714119,111.893576,160.607695,25.346850,185.864711,285.118254,199.180745,34.276532,57.147118,1.663395,499.110886,307.764223
R2S2_TRAIN_F5E55A96ED39,4235.716218,397.348611,387.196651,9167.701010,1199.907569,44.560169,7.515375,49.322044,219.983083,56.437132,104.576486,161.013618,25.946125,136.801299,291.429672,222.458071,34.962623,57.801472,1.649699,490.895796,310.308152
R2S2_TRAIN_6829BF0DC9B8,4098.501045,396.997728,387.513439,10313.584312,1195.043272,47.465003,12.545001,49.151662,220.000566,59.382908,104.070900,163.453808,24.783070,134.804722,289.121054,208.584973,34.412272,57.328902,1.664700,495.546645,309.744552
R2S2_TRAIN_61CEA170B614,4278.014261,403.617348,388.430748,10295.671736,1173.776520,42.500000,11.707739,46.960533,219.972327,53.353102,119.948742,173.301844,24.738376,182.795221,290.572365,177.047991,33.302080,57.139820,1.690796,514.331396,311.340013
R2S2_TRAIN_FA7915120E1F,4334.771549,403.437474,389.186364,14263.619071,1189.814684,46.512885,27.835962,48.440646,219.926385,53.227478,110.205899,163.433377,25.310913,184.242751,292.800742,226.834124,34.455813,56.424221,1.661800,508.182975,322.514091
R2S2_TRAIN_E745D81DB5BF,4178.789142,388.933715,371.775887,12214.654247,1199.527673,38.935186,22.151099,47.301339,215.996257,45.724868,106.048212,151.773080,26.018975,194.705363,288.203433,216.298076,31.933327,57.079055,1.665918,521.416979,338.052555
R2S2_TRAIN_CFF132681677,4164.904775,399.776612,384.126461,10324.410950,1187.581158,40.500000,10.164678,48.561144,219.962007,50.643947,123.150725,173.794671,24.723676,157.624538,283.974663,170.735626,33.263470,57.454954,1.651000,505.133487,319.603522
R2S2_TRAIN_30905ECD9388,4142.575998,398.129214,379.668329,10275.109846,1199.299255,45.718510,19.860137,48.625495,219.937236,50.262241,107.948783,158.211024,25.380849,169.417593,285.572341,237.708622,34.517684,57.707130,1.652300,502.810936,310.813267
R2S2_TRAIN_A6F4BC31E198,4152.514280,390.891337,382.472298,10265.807076,1181.720304,40.938032,7.762485,47.430183,219.969053,54.003342,106.580386,160.583728,25.181633,133.694267,285.862139,153.362403,33.968764,57.262006,1.658894,510.547372,321.948738
R2S2_TRAIN_7DFA0E30C355,4236.689354,390.893656,385.807798,13843.372397,1159.006135,40.000000,9.387941,47.711120,219.972127,51.013382,120.292586,171.305968,25.429828,126.555390,292.041432,189.877532,33.817888,57.667305,1.647699,499.123996,319.263314
R2S2_TRAIN_4293F0A6D17A,4058.774827,392.392366,381.256628,9696.590445,1185.722692,40.500000,24.826912,47.464042,193.481280,46.540598,123.477291,170.017889,25.201134,146.366538,281.472414,149.484075,33.012594,57.665054,1.650400,523.116432,343.509630
R2S2_TRAIN_9747E4DFD7C3,4318.020901,400.117553,382.445563,9529.867981,1188.138973,43.125000,3.864560,49.208848,220.020296,56.261733,106.030783,162.292517,27.187911,139.510557,296.610560,194.441821,32.022618,57.378126,1.659109,495.361061,311.727717
R2S2_TRAIN_CB3F9A6D4960,4187.101883,399.491394,386.578780,10325.981071,1183.645175,43.937500,19.251280,48.345725,220.002431,53.010027,117.754440,170.764467,25.026771,148.609701,285.993830,210.683378,34.522226,57.437190,1.657165,500.377780,318.100961
R2S2_TRAIN_BB922B1C4CD6,4154.270207,395.578462,386.545571,10559.456392,1193.439012,45.750000,25.010332,49.116915,217.896261,49.955488,110.221830,160.177319,25.259578,136.847196,291.463885,168.527796,33.523260,57.188912,1.666313,498.048607,310.302667
R2S2_TRAIN_602AA954B8CF,3992.657879,383.392638,372.374333,8383.818565,1200.357399,38.783499,19.074376,48.892605,219.947061,53.829201,97.970668,151.799869,25.540320,143.511307,284.422962,219.756138,34.523108,57.790108,1.644887,504.117117,311.628926
R2S2_TRAIN_1D56613E3B29,4143.174484,394.526157,383.672953,9849.277629,1188.899748,41.125000,15.880000,47.645104,214.992153,54.147411,108.924988,163.072399,25.136693,169.460344,290.542808,203.165880,34.219190,57.498986,1.658542,507.597231,327.533040
R2S2_TRAIN_5DD420180C23,4276.639119,400.245772,386.970019,13535.372394,1195.338942,41.125000,15.305761,47.544754,219.977567,48.492948,117.680003,166.172950,26.137348,175.040034,293.232477,224.484750,34.346667,57.084731,1.665600,507.735051,317.743287
R2S2_TRAIN_DF95BA692E2D,4259.883172,397.958762,385.033823,12312.172750,1188.742361,43.062500,17.755493,48.099623,219.929761,47.039890,118.755468,165.795358,25.436508,123.996956,293.143258,163.077309,34.366171,57.544258,1.652823,507.701683,330.501293
R2S2_TRAIN_447647394B6F,4080.253539,387.927250,372.321249,7220.684088,1188.481949,41.244062,9.290879,48.601534,219.989058,55.368309,105.322287,160.690596,25.102360,205.637145,285.472128,226.866702,32.001538,57.429506,1.653300,511.303381,334.965541
R2S2_TRAIN_DFBB6115FC09,4023.245634,392.451181,381.820779,10017.060550,1186.681194,36.103860,25.728028,49.019610,215.965509,51.314660,110.719590,162.034250,25.010766,198.283654,274.615563,255.081025,32.023738,57.267264,1.656000,506.048663,314.265844
R2S2_TRAIN_450E4C363AF8,3653.167763,339.368431,342.292285,10409.894863,1188.330821,40.312500,10.751960,46.773498,215.990771,55.763408,81.771246,137.534654,26.109940,157.732787,287.144354,193.032712,31.162743,57.277632,1.665876,512.975285,327.099929
R2S2_TRAIN_5894913E98BA,4203.854522,400.927710,389.579136,11478.099523,1184.759988,43.779812,21.079386,48.701196,219.952880,49.540361,117.259781,166.800142,24.313568,161.474211,280.601361,199.762007,34.403123,57.541650,1.653700,509.327110,314.939977
R2S2_TRAIN_B3D055F6B0D3,4239.069916,397.525338,382.183769,12274.449602,1185.363346,41.000000,24.920538,47.878189,220.011129,54.571942,107.641547,162.213489,26.057876,172.224963,292.551743,236.003477,34.340773,56.395193,1.689461,504.727156,336.041703
R2S2_TRAIN_7B6CFCAE0EE4,4232.550013,389.344488,381.710008,7902.028156,1192.015043,39.859784,24.726180,48.337039,219.976074,49.639104,111.635035,161.274140,25.532331,154.442056,289.531512,217.712698,31.139197,57.702364,1.652300,495.913452,313.051167
R2S2_TRAIN_1F804600BD5E,4156.716971,393.088956,384.770915,10921.980066,1192.557053,45.500000,13.853973,47.913202,220.017278,56.468277,107.340357,163.808634,26.102663,165.196045,286.035686,187.363126,32.726320,57.749923,1.648173,514.212684,328.863377
R2S2_TRAIN_988FC6673ECB,3983.917096,389.985904,381.447607,8132.594339,1194.243409,41.312500,11.655876,48.281796,216.030836,54.444674,108.272378,162.717051,24.867319,141.112314,282.818631,211.584368,31.494073,57.672998,1.649772,517.141396,324.446058
R2S2_TRAIN_739FCAB18CDE,4298.287028,399.280409,386.070583,14292.628461,1185.692454,41.886804,16.523198,47.408997,210.343148,46.903461,120.326202,167.229663,25.493735,176.003806,295.613063,209.428565,33.890239,57.307152,1.659403,530.966820,337.859640
R2S2_TRAIN_A63401065C57,4115.730222,400.198311,386.504620,13551.998600,1178.739665,41.375000,16.566942,47.806892,215.952949,48.928475,121.009246,169.937721,24.202826,174.271513,277.325786,208.619110,31.588110,57.568519,1.654380,513.018071,329.441796
R2S2_TRAIN_C3FA0C902960,4147.187217,383.226634,373.406193,6256.254682,1186.710201,40.875000,25.022787,48.671868,219.954591,52.360206,106.590127,158.950333,25.960976,138.784149,288.769816,216.351292,33.422992,57.575863,1.655000,509.813437,337.146185
R2S2_TRAIN_CCAFC3C01D43,4240.218651,399.685587,389.109620,8492.980193,1200.626829,41.721512,10.779805,49.711314,220.026812,57.962706,107.962743,165.925449,25.600294,151.545762,292.206861,222.415818,34.296427,57.846241,1.643238,494.777295,304.371539
R2S2_TRAIN_A0DD045C44FA,4197.896548,386.515415,379.504709,13002.683599,1200.501627,39.149051,22.080450,47.931627,219.992025,55.172082,103.394800,158.566881,25.847384,171.735030,291.309118,216.604833,33.486012,57.174665,1.662700,511.698207,340.427794
R2S2_TRAIN_93F26577FBF1,4138.835731,391.164489,380.140512,9142.248540,1194.921732,34.671830,15.201090,47.665270,215.982981,54.336144,107.918233,162.254377,26.030728,146.844530,289.234377,218.840012,31.618151,57.435915,1.661668,525.327950,344.992244
R2S2_TRAIN_32DFFF07D6B5,4157.917237,399.352722,383.486198,13250.633279,1200.522574,41.441645,15.849279,49.043611,219.985389,58.498794,109.018338,167.517132,24.704871,128.642408,289.811575,227.495823,34.314707,57.319506,1.667400,504.826244,320.985010
R2S2_TRAIN_87879FFF9A38,4223.190897,395.273686,385.119804,11820.640068,1177.842181,44.125000,9.554142,48.734081,219.997955,55.726471,104.486321,160.212793,25.735181,122.978497,289.359882,220.919430,32.725595,56.306193,1.669273,496.076136,309.290555
R2S2_TRAIN_D8A2322B8679,4136.483249,394.946511,383.449493,14194.287808,1199.930412,40.437500,26.666097,45.963591,216.634056,47.951464,117.827213,165.778678,25.205674,202.800001,285.810278,177.634941,34.200252,57.037152,1.662172,543.709708,358.650144
R2S2_TRAIN_47A4D5343BA0,4250.927115,392.019004,378.355342,13077.795358,1169.524916,40.437500,9.117292,48.586992,219.903703,50.400386,104.029082,154.429468,26.776482,160.737671,292.503801,178.216567,34.304988,57.152625,1.668495,512.592417,336.531798
R2S2_TRAIN_F20CF7BBCAF2,4096.328278,393.250943,382.692042,8864.080302,1182.220455,38.566392,11.692382,47.828638,219.923049,51.871707,112.607059,164.478766,25.698654,174.399404,289.694137,205.896409,31.286525,56.219812,1.686528,509.336242,318.018448
R2S2_TRAIN_31D41308CE5D,4218.986220,398.727056,389.248260,12966.333023,1187.293998,44.974002,24.596494,47.431696,219.942972,46.691797,116.731494,163.423291,25.233120,138.239593,289.111950,205.590751,34.496532,57.334486,1.656387,515.526393,316.517547
R2S2_TRAIN_1C04DE68DCAB,4077.440854,391.554827,380.405226,10845.672526,1184.397408,39.059944,24.717814,47.461006,195.766371,46.419548,117.543118,163.962666,24.742560,202.540434,284.047639,162.868318,33.020141,57.431105,1.661940,526.928847,336.482441
R2S2_TRAIN_4A7741338E25,4315.520179,402.652683,386.883173,11288.238073,1200.432799,41.437500,6.953040,48.881968,220.031835,54.445792,108.652451,163.098242,25.706322,136.041694,296.697902,237.113829,33.178690,57.565699,1.657200,509.263097,316.159113
R2S2_TRAIN_30BA5DAC8F57,4273.556665,401.852084,388.261120,13136.527210,1200.660561,46.000000,25.878747,47.954204,219.991730,56.886686,119.213381,176.100068,25.616418,142.317712,295.783441,166.323690,35.000410,57.317415,1.656500,502.995614,318.164891
R2S2_TRAIN_F693B0E85EDE,4353.142988,397.049002,387.122493,13760.612881,1187.702663,43.500000,3.659339,47.593661,220.057179,49.185559,109.328873,158.514432,26.817319,125.301855,298.144697,155.866462,32.163670,57.296807,1.658626,509.256049,313.568064
R2S2_TRAIN_E943B0870977,4200.468413,392.109495,378.074430,8096.964653,1201.405030,37.578767,6.467435,48.806083,220.027911,54.975052,101.696098,156.671150,27.187911,135.845733,293.224099,230.894410,34.117812,57.653943,1.650200,510.380896,329.113286
R2S2_TRAIN_C9BAAAE0C15E,4186.714327,387.161729,376.394751,13162.502909,1182.766479,40.875000,10.179646,47.094893,215.424581,47.723768,108.868210,156.591977,25.477198,160.968876,286.336823,151.969662,34.141489,57.344359,1.666075,517.962690,334.726433
R2S2_TRAIN_FE5011427CEE,4289.249287,397.944581,385.073552,13899.957112,1184.731925,41.500000,11.904022,48.339321,219.937585,45.982176,123.412995,169.395171,24.650506,187.867028,289.447143,181.833834,34.479418,57.165919,1.684746,520.029998,343.559727
R2S2_TRAIN_0D937603A757,4194.156603,399.651806,387.059516,10316.947629,1200.449066,43.125000,23.995337,49.932978,220.025187,55.629852,113.284641,168.914493,25.453330,207.494874,289.864838,226.060113,31.535528,56.930985,1.668472,497.536395,306.819039
R2S2_TRAIN_A42E4034B664,4189.926327,398.996345,391.341364,13618.005866,1182.561238,42.812500,15.331261,48.007272,219.912484,51.972729,118.441382,170.414111,24.839387,146.504908,285.329114,215.814297,34.003698,57.483459,1.657766,514.104888,334.252726
R2S2_TRAIN_8EA979A9C3AE,4078.097102,379.776831,370.753341,6320.515248,1187.237069,40.375000,20.518537,48.691727,216.042899,51.127813,104.790233,155.918046,25.830855,158.501701,284.160897,192.570202,32.600404,57.814130,1.645860,502.836628,321.187103
R2S2_TRAIN_3B4B43F05900,4122.574279,381.653700,374.815612,6226.255344,1185.446183,41.062500,10.184419,49.658039,219.923964,49.448657,105.963141,155.411798,26.453137,147.863023,290.281791,181.216357,33.477111,57.419382,1.662305,493.060344,304.755422
R2S2_TRAIN_033CD5E571D1,4239.383227,398.961278,388.803108,12804.151268,1201.405030,46.638182,10.137220,48.562306,220.043486,58.101122,111.132956,169.234079,26.101691,157.275089,290.517215,220.869557,32.808656,57.079354,1.667139,503.635840,321.777742
R2S2_TRAIN_1BD653B914A4,4235.823388,397.881643,380.997904,11676.741340,1199.425895,43.017142,27.835962,48.447506,219.989491,48.730595,109.621188,158.351783,25.387889,199.591356,293.211952,227.679748,35.038753,57.543269,1.651900,512.659128,338.870442
R2S2_TRAIN_7975A6F6C62A,4161.672526,392.322709,382.641210,8871.335625,1195.350392,40.937500,8.288430,49.021440,220.005623,55.579431,106.546679,162.126111,25.756297,141.496989,290.858326,224.543781,32.096234,57.222720,1.668286,496.984640,318.417405
R2S2_TRAIN_7A1B4F116461,4127.211696,400.129924,386.475998,9700.209204,1185.323024,41.000000,17.583342,48.542415,220.006273,52.082171,115.308370,167.390542,25.526384,161.234659,289.171578,216.680074,31.393168,57.173931,1.667916,503.401683,322.697592
R2S2_TRAIN_DCCEE6A0837A,4069.331035,398.907468,385.727877,6397.216350,1187.919327,40.875040,27.835962,48.575620,219.944834,53.323579,122.770325,176.093905,24.110850,176.274590,283.524215,229.696481,31.459236,57.488099,1.655958,526.558568,335.654572
R2S2_TRAIN_016D1A496CD6,3983.589617,392.171762,382.130340,10223.238416,1189.013031,42.062500,21.564204,48.632391,219.951977,56.828787,103.063036,159.891823,25.589271,145.370670,273.987897,241.475365,34.461322,57.819973,1.653045,509.166063,325.789811
R2S2_TRAIN_57C8DA7C4D74,4213.706253,405.510873,392.167524,12295.572656,1184.447170,43.084647,3.367278,48.571724,220.055813,56.771882,119.453310,176.225191,24.694560,132.188327,284.564361,227.627776,34.329045,57.281573,1.657500,494.154756,303.491678
R2S2_TRAIN_261129D81524,4125.802365,391.466765,382.607767,10983.773910,1189.228907,39.743710,10.814809,47.950305,219.945322,57.097505,105.449898,162.547402,25.688361,133.158362,287.160976,218.035675,34.138515,57.573312,1.653500,515.981910,325.881421
R2S2_TRAIN_1CC844983471,4175.313388,395.567590,386.160068,9606.438046,1201.405030,37.904502,11.174504,49.306259,219.991912,53.116677,108.196065,161.312742,25.838069,168.989787,292.730081,252.634095,31.965233,57.304145,1.655978,496.745250,319.788624
R2S2_TRAIN_527D5E8BBBAF,4231.994055,397.660638,383.791194,11975.278133,1200.570088,41.875000,16.604172,49.782241,219.944304,49.653586,110.465735,160.119321,25.450677,133.925163,285.458692,224.128986,34.219361,57.592110,1.657900,499.290811,314.829917
R2S2_TRAIN_267B7298160B,4159.068855,390.871824,372.358610,8110.368721,1187.203645,41.397904,25.201059,47.830729,215.934733,48.105894,107.066165,155.172060,26.062616,145.620523,292.597534,194.245138,34.481258,56.537725,1.667400,513.298485,330.710199
R2S2_TRAIN_1C42BD387F03,4191.697744,393.943316,381.957366,10257.326911,1186.415193,39.625000,24.693368,48.803732,220.020457,51.545724,118.744203,170.289927,24.708673,162.357834,288.084881,237.649522,34.091578,57.999730,1.653800,508.558546,324.302316
R2S2_TRAIN_E78E7A17D3EA,4093.817494,386.169503,373.230813,8879.579363,1184.160658,41.382865,19.367345,47.426646,216.849996,49.147084,104.529845,153.676929,26.280158,162.467467,291.084955,215.731457,31.235670,57.464448,1.660079,518.429474,335.884899
R2S2_TRAIN_DAEF38777C5A,4222.325203,397.171913,390.988155,14952.816096,1182.988592,42.070863,16.085164,47.860494,219.956090,47.676759,121.973231,169.649990,24.392602,145.001273,287.275840,159.580591,33.157014,57.051499,1.668032,518.175143,323.356143
R2S2_TRAIN_4A5A43194C9C,4167.363084,397.351598,385.841064,13024.478401,1186.425274,45.454672,15.783430,47.164746,220.004791,55.808457,108.850239,164.658696,25.746344,146.174655,287.480042,215.882108,34.262069,57.244189,1.665851,514.440332,327.197104
R2S2_TRAIN_3D1512D6E0B0,4126.418118,386.477738,379.274898,10270.396625,1184.855081,37.105263,12.797138,47.486558,216.936701,45.502627,108.494692,153.997319,25.660051,156.405073,286.283447,203.639647,31.364955,57.239989,1.664940,509.262074,325.330694
R2S2_TRAIN_936C6A5644EC,4218.256913,391.588775,382.677957,13945.585949,1199.213211,44.430758,18.895938,47.047704,219.984958,50.106553,116.353823,166.460377,25.624808,148.963542,288.733266,214.806789,34.162621,57.559043,1.649454,504.237312,320.263608
R2S2_TRAIN_A4E05E36FC05,4193.156901,390.792524,377.608584,11605.307855,1185.675480,46.677388,23.994665,49.555687,219.969644,48.892306,110.654663,159.546969,25.969760,124.674597,288.127020,218.128414,34.468224,57.468990,1.655600,497.104489,312.970863
R2S2_TRAIN_A2912A8466B1,4162.927453,395.049479,385.728963,13629.045261,1199.563704,40.437500,26.346694,46.845455,219.946763,45.256488,113.076844,158.333331,25.926941,145.501365,289.865987,229.205908,34.111309,57.047947,1.665321,520.592862,331.749047
R2S2_TRAIN_6551E5D192C3,4211.747672,397.931580,390.700936,13691.900569,1178.317924,41.894404,23.613105,48.221069,219.978121,50.652746,109.852858,160.505604,24.665855,134.487836,283.409848,210.616849,34.270896,57.064898,1.690585,520.472801,340.929856
R2S2_TRAIN_95A8EBF3693B,3796.566765,393.695634,381.931688,9796.897501,1178.371523,36.184115,15.039889,47.886785,219.933995,51.148658,107.184108,158.332767,24.137102,163.883677,278.846620,202.543692,31.236291,57.792847,1.650886,509.766032,314.370290
R2S2_TRAIN_AEE9228DF40E,4110.817317,383.610841,383.271711,8779.230457,1185.946893,37.016894,17.943062,47.720093,218.755649,51.979620,114.583381,166.563001,24.483447,232.412363,286.154217,204.390940,32.993583,57.318111,1.657000,507.702815,325.776974
R2S2_TRAIN_994145E35A39,4248.631462,397.263400,387.694100,10263.334964,1186.462026,41.437500,11.559194,49.045621,219.994831,49.897471,118.904557,168.802028,25.096367,154.110416,288.854360,197.738274,33.744290,57.425890,1.647357,500.283528,312.156961
R2S2_TRAIN_8DF933F05C4B,4238.190358,405.090079,391.826867,14824.859392,1188.902718,47.582435,24.162166,48.092342,219.973493,54.401651,124.616013,179.017664,23.239722,204.091806,285.497431,202.633790,34.967464,58.052515,1.640953,518.352856,311.927091
R2S2_TRAIN_F40A25A67B34,4231.626325,397.588423,387.611330,9766.304259,1200.894133,40.812500,22.015394,49.548829,219.987990,57.097918,117.321374,174.419293,24.980023,128.633050,296.627275,227.352601,33.347485,57.808689,1.649988,492.902707,314.395938
R2S2_TRAIN_E8C5DE12EC9E,4234.440511,402.630760,391.385152,11089.164809,1193.982884,43.375000,9.539093,48.327448,219.967297,54.080401,119.177422,173.257823,25.076890,154.351390,285.645769,186.199149,32.460832,56.815532,1.691249,505.502426,318.804233
R2S2_TRAIN_1A8E5FA740AD,4171.681057,396.858761,385.408970,8622.660944,1192.379026,38.195201,25.447722,47.171838,215.826782,52.222920,115.345916,167.568836,25.159950,226.525753,288.700595,213.685306,32.718022,57.146289,1.662500,531.627858,338.055486
R2S2_TRAIN_DB69C12E2A87,4266.184755,400.568862,387.765911,13189.144869,1186.255058,45.000000,15.064060,48.529894,219.965934,54.365466,118.318765,172.684231,25.810224,146.610382,292.542808,234.482374,35.014121,57.390232,1.660442,506.312112,313.042337
R2S2_TRAIN_92C5D38793A4,4207.959175,395.986676,380.411631,10611.495291,1183.692016,42.000000,11.207503,47.922673,215.993423,48.660799,114.854660,163.515459,26.135254,198.450619,291.551751,210.951635,34.132231,57.361810,1.664367,512.342121,324.837202
R2S2_TRAIN_9C4C703962E8,4152.134402,399.276408,389.043935,13947.098003,1145.384115,41.241288,11.132358,46.259984,219.947121,54.257325,120.481089,174.738414,25.517517,129.606114,284.860484,140.293036,32.794149,57.278121,1.664839,531.344445,340.615521
R2S2_TRAIN_7FC2FC43BC1B,4179.692937,387.359426,378.930393,13892.306655,1158.842591,40.937500,24.095109,46.105696,219.020200,46.290945,117.062725,163.353670,25.469698,142.237452,290.545615,165.904488,33.327988,57.243116,1.654100,543.709708,358.650144
R2S2_TRAIN_00BCFDBC0016,4243.524720,403.927029,392.593778,14401.972005,1185.753164,42.437500,8.701046,48.166578,220.023836,57.649538,115.683264,173.332803,24.884442,145.014242,288.748132,208.345010,34.552498,57.665150,1.655800,504.811346,319.444500
R2S2_TRAIN_F9839BCE4EE0,4211.084771,398.968178,390.365017,12122.783074,1199.727159,46.429144,12.843076,49.479763,220.021387,56.063097,107.711229,163.774326,26.129993,132.123636,292.411092,202.727206,34.488784,57.190539,1.664665,503.801763,310.897961
R2S2_TRAIN_B278C1F810F2,4145.646104,392.542467,383.322344,9805.677079,1156.306997,41.442317,13.673656,48.987878,219.941465,46.501845,118.265496,164.767340,25.128449,131.674584,282.323538,203.987092,32.131115,57.207971,1.654004,501.322242,309.074608
R2S2_TRAIN_8514C015146F,4239.277865,397.894926,387.004806,10120.722268,1200.333813,46.364741,19.643917,48.421116,215.931672,57.136872,108.234539,165.371411,25.524498,143.264382,290.598850,211.421491,34.480493,57.599191,1.651500,499.260186,306.263068
R2S2_TRAIN_2FCB02764BE3,4239.808575,399.486496,390.588090,14307.098956,1186.559032,45.955012,25.470549,46.787513,219.988442,58.270727,108.459489,166.730216,25.025599,133.742704,288.819001,221.281163,34.499935,57.620939,1.648707,524.179874,327.206967
R2S2_TRAIN_4339C20ABD52,4178.463282,397.415309,385.509800,12269.806425,1195.118687,41.875000,25.563772,47.222251,219.955231,47.073989,120.566665,167.640654,25.086595,180.702618,287.120995,209.570757,33.204244,57.334086,1.661271,525.512247,336.530799
R2S2_TRAIN_1975CDEA1028,4190.117406,400.447034,387.124877,8653.749552,1195.773536,39.731855,21.802444,47.921774,219.945822,48.297504,118.066005,166.363509,25.460599,157.131841,292.377846,214.759766,32.176537,57.454767,1.656033,493.948559,315.109054
R2S2_TRAIN_95C09D664E0F,4205.802702,398.511795,388.582455,9024.547408,1194.149156,41.250000,13.199060,48.214919,219.965876,50.504939,121.305619,171.810558,24.443808,188.770483,289.178821,224.659739,33.056724,57.410338,1.659825,506.075704,312.810704
R2S2_TRAIN_050F21480E71,4158.824327,384.789969,336.229806,5482.129591,1186.673781,39.034881,14.375926,47.951047,216.413321,48.680912,102.940402,151.621314,27.187911,139.452881,291.237533,215.350663,32.164199,57.741087,1.649611,511.891786,323.415484
R2S2_TRAIN_9CF1C479A27E,4256.615626,402.051228,388.353057,10396.269763,1183.433392,45.024004,11.929648,46.543538,219.983254,52.019488,119.073347,171.092835,25.512436,152.656004,293.703159,156.909082,34.924325,57.641246,1.655700,514.744103,316.886892
R2S2_TRAIN_423647B6FC3C,4254.706331,397.763205,384.432132,13883.929278,1186.598918,46.062500,14.859938,49.088313,219.956685,56.117202,110.478438,166.595639,25.431042,128.100702,286.684166,177.221510,34.508682,57.721793,1.649991,502.879513,311.691826
R2S2_TRAIN_E3DAC19CC4B7,4117.037778,394.714420,382.188683,10224.344000,1182.358832,41.937500,22.873233,46.328763,216.037148,47.630796,121.319889,168.950685,25.176008,166.621649,292.313498,179.528773,30.900845,57.246020,1.660200,510.091493,324.122384
R2S2_TRAIN_10287E3705B7,4207.446396,397.628873,389.463270,11306.941036,1189.620997,38.949911,14.369829,46.699278,220.006063,52.768757,119.738388,172.507144,24.115013,165.595057,285.601735,187.553553,34.227944,57.291114,1.655706,507.053193,322.529169
R2S2_TRAIN_229A6BF10D86,4156.495396,394.069713,385.536327,13326.855753,1197.039597,46.812500,13.863177,48.332181,218.434245,54.182279,114.109926,168.292204,24.685171,135.337384,287.150524,187.867023,34.579269,57.853479,1.648800,530.700351,321.807961
R2S2_TRAIN_88389B3DBF14,4249.377710,399.395751,383.873047,14846.336537,1183.055073,46.289991,22.877860,46.677330,219.938919,46.777733,119.216656,165.994389,25.591712,153.829454,291.821880,156.872731,35.072529,57.619052,1.650265,526.425136,337.557277
R2S2_TRAIN_745556D2ABA3,4166.433822,391.133748,383.610002,10605.744144,1158.285411,42.000000,13.243919,48.564189,219.939394,46.339176,117.774931,164.114107,25.618891,189.123835,288.981915,214.258403,34.414637,57.317021,1.655900,505.895855,315.594451
R2S2_TRAIN_A83462519C54,4165.195099,399.939890,385.372783,9682.020155,1185.254120,41.437500,9.908200,48.691020,219.984476,53.778241,112.574071,166.352313,25.207062,186.960655,290.992079,176.715032,34.415665,57.750064,1.652361,493.418118,306.837830
R2S2_TRAIN_BCFED9A86EB3,4192.976690,394.356660,380.464547,12092.185031,1181.651020,37.268180,9.202126,46.692736,199.289224,47.608563,114.383954,161.992517,25.085360,212.361164,286.604741,191.351750,31.277788,57.443094,1.669375,521.841401,345.267301
R2S2_TRAIN_5DF83D8A09B4,4159.344189,385.326778,372.159730,6134.876273,1201.205710,41.500000,20.100176,48.893043,214.011099,54.907458,101.058353,155.965811,26.053527,162.224681,292.546230,225.932437,31.389937,57.467703,1.662800,495.311949,310.777722
R2S2_TRAIN_5413D4D7FBD2,4165.687525,394.545780,383.170458,12074.265105,1185.783392,40.730744,19.157949,48.841115,219.929216,54.281916,119.205114,173.487030,24.712901,157.944126,285.739415,228.645794,33.413789,57.072016,1.668859,508.515795,330.411951
R2S2_TRAIN_15B88851C693,3807.727429,391.292300,377.380900,6014.634485,1195.083562,41.625000,25.633193,48.445414,219.949571,57.807860,103.216375,161.024236,25.728322,176.529411,284.367889,233.830733,34.401653,57.741297,1.650842,507.086561,325.983523
R2S2_TRAIN_869D4BA63693,4132.243400,397.345961,385.348464,14777.414684,1184.470344,44.577884,12.274440,47.636245,219.932405,49.029526,112.351615,161.381141,25.550391,160.964032,289.065102,153.966558,34.162430,57.697343,1.650600,509.784828,322.846667
R2S2_TRAIN_9BEF72880207,4160.798999,400.052675,391.232484,8156.525760,1183.111944,40.062500,19.063669,48.806017,219.996377,48.981404,113.492185,162.473589,24.653463,171.210903,286.796827,221.175485,33.307778,57.125285,1.666298,502.334988,315.077624
R2S2_TRAIN_A68D3B0D062E,4156.176644,395.476094,383.210047,13174.727891,1183.702141,42.000000,11.637121,47.688817,216.904489,47.399830,120.641156,168.040986,24.037904,167.193578,281.849793,196.404315,34.336850,57.456488,1.660700,517.282359,321.955497
R2S2_TRAIN_EC68C722A620,4156.101675,399.138373,386.821080,13128.467710,1185.772541,39.885611,22.896338,48.242817,212.340378,54.108008,117.075985,171.183993,23.239722,135.290299,281.993776,210.816773,34.976255,57.443144,1.655888,505.167413,330.007680
R2S2_TRAIN_5065498093B9,4256.637808,401.662670,388.963260,14609.415578,1187.461838,46.665781,19.674080,47.759674,219.970906,49.802618,115.173381,164.976000,26.004729,138.216425,294.339423,140.397467,34.911799,57.425531,1.651100,508.189588,332.155854
R2S2_TRAIN_83BE0B47AA06,4178.037740,397.754635,385.789226,10036.069660,1187.509454,42.125000,11.822908,47.837604,219.992286,51.785723,121.414174,173.199897,24.380933,149.572932,285.060149,202.624238,34.438943,57.752641,1.642950,510.568036,320.889994
R2S2_TRAIN_D70F17BFC212,4189.322658,380.133367,375.975266,5387.239902,1200.396735,39.032199,9.777907,48.744526,219.980761,59.123116,81.771246,140.894362,27.187911,142.839319,293.931541,211.668448,32.997513,57.707759,1.647899,495.617917,312.010952
R2S2_TRAIN_C829AAE83B2F,4199.388319,403.215259,391.624990,10269.995475,1183.585380,43.555363,11.597426,48.553138,219.970935,52.357451,121.164200,173.521651,24.742411,186.272843,285.229985,223.172745,34.378068,56.336170,1.678330,512.358925,314.007784
R2S2_TRAIN_1326EA383426,4184.174605,392.233198,373.267238,10324.189529,1194.543648,44.436665,24.695065,47.837201,219.934330,47.025330,119.067391,166.092721,26.521129,137.617172,291.806539,175.964419,32.124680,57.592187,1.654535,509.780368,321.627386
R2S2_TRAIN_591EFBC882FE,4174.126481,381.145210,373.954409,11942.951310,1182.855082,41.917490,18.903097,47.456655,219.958792,47.816646,108.626746,156.443392,25.746501,174.791209,290.965264,213.110486,32.855004,56.333780,1.691915,516.621413,333.214828
R2S2_TRAIN_F5F2FF4750B7,3856.182077,396.941698,389.534199,8525.615504,1183.306671,42.875000,4.674594,48.358485,219.992178,49.682918,118.156340,167.839258,23.669800,143.987102,275.751058,185.951018,33.232983,57.488195,1.662300,501.686830,307.753175
R2S2_TRAIN_AE2110D354BC,4225.120556,400.648190,391.109067,11742.346515,1185.251878,42.625000,13.961885,48.801519,219.977148,54.826222,106.170068,160.996291,26.070750,148.796656,292.047572,225.658768,34.478985,57.547104,1.656457,499.080697,309.002119
R2S2_TRAIN_CD293A0B30DD,4353.142988,396.600572,386.134357,12168.840855,1183.297565,45.045956,7.980048,49.398480,219.985718,56.940699,108.479746,165.420444,26.776845,126.520378,294.251508,199.000768,34.368392,57.484340,1.652368,499.019636,310.304157
R2S2_TRAIN_65988EE1C2E5,3822.222240,387.754918,375.481240,8267.421836,1184.079078,34.552461,25.632352,47.763300,219.909955,47.365595,110.409308,157.774903,25.213787,218.816719,276.495681,240.739982,30.646452,56.913023,1.677416,536.281698,343.026462
R2S2_TRAIN_62B401D61C5A,4149.185593,371.607476,378.629781,11812.677817,1184.926410,43.937500,14.421600,47.218672,217.937320,50.731696,105.797110,156.528806,26.823835,149.235179,291.203636,192.850408,34.920519,57.080064,1.660651,506.919190,315.927488
R2S2_TRAIN_17D76688ED25,4191.408984,397.521053,386.439702,12712.710575,1185.190272,40.322501,15.450037,49.186312,219.947332,51.768298,119.953407,171.721705,25.327177,185.697605,286.874068,229.400591,34.478021,57.347113,1.659395,504.775514,324.254232
R2S2_TRAIN_67E58CFEB331,4214.993140,401.794351,389.435500,8818.766825,1188.008134,42.812500,3.367278,49.860108,220.023840,58.975018,106.951464,165.926481,25.247947,147.357897,291.309459,215.637203,34.329056,57.236394,1.657600,490.925816,303.491678
R2S2_TRAIN_8593B46685F9,4244.979195,405.234923,389.260020,13880.294999,1168.226548,45.388091,11.184527,47.277825,220.015035,57.883990,118.451516,176.335505,24.795212,136.324070,285.042415,211.593767,35.051036,57.468740,1.655457,500.558033,309.931767
R2S2_TRAIN_CB0745E1B003,4149.079816,399.938494,389.259809,10360.933321,1185.283876,41.125000,24.787532,46.989622,217.932432,48.006084,121.339290,169.345374,23.624739,182.532907,286.516353,225.535841,34.302257,57.235631,1.674115,525.460176,339.316239
R2S2_TRAIN_D404ED859ACF,4128.366008,385.537728,377.900642,3983.176441,1188.824687,39.125000,20.886595,49.500793,216.952627,48.715998,106.261183,154.977182,25.455246,170.777116,288.124220,228.134795,31.398428,57.591013,1.660232,497.696348,313.486590
R2S2_TRAIN_BD01AFA055B6,4084.732742,397.484921,379.517810,7975.560129,1200.599674,36.625000,13.380382,48.861874,213.038090,48.451054,108.477587,156.928641,25.455566,171.317052,290.978775,216.160951,31.231167,57.491712,1.670233,493.999099,314.173063
R2S2_TRAIN_5D7A8A65D82F,4155.509756,393.287588,381.012411,8141.297852,1194.247791,39.710428,6.182232,49.403713,217.201183,50.555042,110.025401,160.580443,25.471864,160.303787,287.803207,209.464056,31.222012,57.285428,1.665600,508.526118,334.782516
R2S2_TRAIN_F95EE67334C6,4021.959984,386.594464,333.203216,10764.795113,1183.044501,38.003196,24.549941,48.879000,219.893146,47.293505,109.472671,156.766176,25.243008,166.885245,265.241435,184.531595,32.080960,57.403902,1.653700,503.065129,337.181630
R2S2_TRAIN_2787E176C5DF,4239.500049,398.498414,387.759335,13335.141566,1189.228217,47.140975,5.928809,47.774226,219.985668,56.641503,115.805000,172.446503,25.715400,137.174034,292.434055,146.975026,33.557597,57.662753,1.651500,493.101363,303.927352
R2S2_TRAIN_E0A82A0948AC,4252.503048,394.344172,387.577373,13767.198439,1186.152890,42.750000,13.456602,47.898253,219.897834,56.640234,111.237787,167.878021,25.456108,150.488948,294.911656,171.941500,34.465520,57.550637,1.655370,503.821474,317.303397
R2S2_TRAIN_8332AC13CF41,4218.898880,395.248160,380.945287,10444.203177,1185.162756,42.182628,4.055400,46.905649,219.958752,50.863583,112.913558,163.777141,26.081344,160.986773,291.531614,216.635423,31.546594,57.430849,1.655800,513.412396,338.021693
R2S2_TRAIN_3CA20C4DD13A,4173.268133,392.297260,380.339080,8348.041721,1186.652159,43.062500,23.058351,49.986100,219.943699,47.332889,111.758078,159.090967,25.416027,145.206350,288.543541,201.145538,33.433556,57.600961,1.658000,497.196888,306.428485
R2S2_TRAIN_486B9F1CD7D2,4129.012787,398.403963,384.138677,8716.447081,1197.089426,38.385997,26.976759,48.952115,219.900463,49.564942,119.210207,168.775149,25.338342,144.982712,286.612923,230.658717,34.217785,57.783840,1.648900,506.169231,314.887141
R2S2_TRAIN_9CF14C6509C8,4188.711291,402.367236,385.511369,11043.651006,1200.397397,43.750000,20.553534,49.125750,217.934695,50.554642,119.236554,169.791196,25.257298,154.943627,290.031002,213.794470,34.287019,57.291648,1.668749,514.222085,317.249642
R2S2_TRAIN_2A5B3EA3BFF2,4261.017574,398.683774,384.391823,13818.601671,1183.735590,41.812500,14.196055,46.101553,219.969863,55.707787,116.658412,172.366199,25.951358,149.093259,293.425442,159.323646,32.913826,57.280318,1.656951,525.539885,339.354082
R2S2_TRAIN_ED891DD5BF58,4281.137212,396.215380,381.856741,13368.269284,1200.277867,44.671302,27.691693,48.633983,217.977518,48.270782,123.622308,171.893090,26.304840,164.825282,290.910786,232.610834,34.476623,57.389484,1.658000,521.001879,329.089893
R2S2_TRAIN_02D0C634C1A3,4244.302056,402.275577,391.679979,13288.880203,1187.794090,41.562500,23.722827,47.199152,219.999337,48.192946,119.575933,167.768879,25.098393,199.620068,284.867173,180.814230,34.370740,57.630929,1.657724,517.668287,333.354946
R2S2_TRAIN_083EBB6AB17E,4103.792263,391.089964,379.243842,12614.412553,1193.864591,46.125616,19.226449,48.881313,219.979113,52.723667,102.364219,155.087886,26.101680,146.574330,289.229078,210.814810,34.382107,57.550875,1.657191,503.854170,321.826665
R2S2_TRAIN_0E2E2EC16E45,4235.666711,401.757649,389.527063,12208.809932,1186.709103,41.394473,16.632671,48.408658,219.932425,46.772930,123.575470,170.348400,24.140031,209.962195,289.524513,232.383062,32.607823,56.351842,1.690538,512.766656,321.132907
R2S2_TRAIN_CC37D75B8F85,3878.664810,374.423259,372.704978,10293.926036,1172.597893,41.181053,20.671695,48.699958,219.954450,46.530680,107.299159,153.829839,25.003201,186.357984,277.560345,210.139721,31.207131,57.604688,1.651883,502.438867,313.499742
R2S2_TRAIN_3785A0416766,4203.816400,398.117384,385.641146,6351.383287,1201.405030,40.000000,7.400185,49.821171,220.019585,57.122263,105.045634,162.167897,25.948030,161.061525,297.216172,249.211289,32.606945,57.737322,1.649656,494.674780,304.865914
R2S2_TRAIN_51A94C55CB1B,4221.629894,390.463313,380.474698,12906.607167,1199.433450,41.875000,11.026696,48.919280,219.965811,55.988184,105.232932,161.221117,26.708679,121.218674,291.492614,196.634878,34.416680,57.805655,1.649878,508.260117,313.626469
R2S2_TRAIN_3A7680257AF8,4090.882736,389.131932,379.050369,6053.351577,1187.083875,40.937500,11.377827,49.019901,219.999646,56.951934,101.241968,158.193902,25.776520,129.835766,290.319234,216.633787,32.044840,57.473978,1.655774,499.079966,315.655499
R2S2_TRAIN_7E2498C51B42,4062.492299,395.916403,380.036100,8523.448692,1187.356537,38.551613,12.535428,47.904923,219.952110,57.930670,100.835448,158.766119,25.836337,154.189608,281.547768,209.027480,32.542838,57.687859,1.651100,497.496986,317.636325
R2S2_TRAIN_F5F06BD22B6E,4145.621424,392.346307,388.162458,10175.931812,1185.623412,39.371203,20.819746,48.664812,219.962321,56.691710,107.896254,164.587964,25.463603,185.134378,284.648399,231.892646,34.201591,56.821871,1.666123,522.800554,330.816568
R2S2_TRAIN_6AA531AB9904,4059.846935,391.977059,382.019692,3976.467527,1200.524970,39.692138,17.189515,49.384391,219.992830,48.763683,106.217666,154.981350,25.127675,206.181325,279.892137,232.913257,33.153324,57.642601,1.652233,508.807663,321.568007
R2S2_TRAIN_4FB2574619BC,4231.170855,402.326969,390.189055,13856.365473,1185.610745,43.062500,15.411100,48.654903,219.987963,56.143568,117.342526,173.486094,24.607051,138.002824,288.911838,151.600317,32.630041,57.065504,1.689484,498.019596,315.061561
R2S2_TRAIN_495502826A89,4183.870640,397.185943,385.971705,7585.266967,1199.423365,40.250000,13.273879,48.667069,219.994881,55.988658,108.648849,164.637506,25.749023,155.672295,287.669473,210.497951,31.868352,57.254192,1.667857,494.300588,311.076707
R2S2_TRAIN_A1B6075FBEBD,4044.041117,391.270195,381.263879,5081.952644,1186.900490,35.899022,12.355599,49.135944,220.002601,51.874075,117.481126,169.355201,24.587484,189.807123,277.334690,228.779106,31.382172,57.552612,1.669864,498.907308,313.959446
R2S2_TRAIN_8218CEBC69CF,4348.606921,404.380934,391.646793,14126.439754,1182.282341,46.570997,17.640891,48.666674,220.001459,55.246082,118.283276,173.529358,24.905348,149.077062,291.326488,191.404382,34.545775,57.613039,1.658108,502.462100,312.421340
R2S2_TRAIN_4ED487923D54,4118.631794,389.502816,362.999497,6153.133710,1199.459370,41.117218,5.882804,49.584484,219.984833,56.705568,107.830595,164.536164,26.283875,156.677711,288.410798,252.203901,31.537458,57.602375,1.655100,496.044364,306.790502
R2S2_TRAIN_18F896360189,4319.724233,402.527360,388.900009,13776.108599,1193.837570,44.791177,11.360810,47.741605,219.979023,56.448560,117.690864,174.139424,26.031194,176.893381,290.813179,197.998437,34.470334,57.314465,1.654800,528.143102,342.913967
R2S2_TRAIN_08C5C50FB873,4167.518521,391.642132,381.385251,11954.411024,1186.976139,41.226790,14.202745,48.081911,218.816663,55.058496,107.360766,162.419262,25.544637,147.187690,285.122693,203.802628,34.962713,57.552255,1.655553,519.926737,335.301288
R2S2_TRAIN_C20A7CD97CF6,3947.701093,390.242670,381.684928,6201.541962,1185.932458,41.375000,3.457284,48.767940,218.031606,57.460176,108.459278,165.919454,24.646161,149.345468,278.948333,236.761313,33.601356,57.399032,1.661072,494.757594,306.130784
R2S2_TRAIN_E06DF0961E47,4129.552540,403.421401,391.139790,12031.657369,1185.658702,41.875000,27.227415,48.649530,219.981110,51.438129,116.818897,168.257025,24.659542,159.936456,284.814514,211.692622,33.180291,57.126049,1.661858,517.477115,328.090152
R2S2_TRAIN_3F32C9D25FCA,4254.110499,395.721803,386.470666,13624.397982,1187.894062,42.541858,16.190931,47.943948,219.987688,51.448695,109.290191,160.738886,25.277744,127.697892,290.672609,182.919012,34.456800,57.705265,1.653646,503.500329,313.184320
R2S2_TRAIN_F36CD427F80E,4275.080066,403.142034,391.207919,14268.414371,1185.590781,44.246195,23.320610,45.798740,219.955315,46.238575,123.062324,169.300899,24.410329,160.574895,287.644041,140.293036,33.174631,56.589446,1.690304,518.156794,333.687062
R2S2_TRAIN_730BB2A7C0BD,4149.066804,396.413716,382.586590,12554.901237,1189.053007,40.875000,10.805750,48.328315,215.044305,55.157854,112.346815,167.504669,25.497455,155.325651,285.582020,176.295240,34.451652,57.444541,1.657500,504.807487,329.367896
R2S2_TRAIN_1062325E25F0,4276.962483,399.750035,386.449142,10498.259959,1193.157647,41.875000,11.553221,48.075429,219.982957,55.505888,111.021737,166.527625,26.250667,145.815200,291.612783,209.742861,34.089198,57.242090,1.664734,505.777616,317.641322
R2S2_TRAIN_BAB3C2F84978,4066.357962,398.649343,381.521515,8197.864265,1187.967744,39.500000,24.862610,48.080561,216.017979,48.251060,114.036782,162.287842,24.676401,189.665521,281.490738,216.498952,32.113393,57.682774,1.653800,516.669102,329.236499
R2S2_TRAIN_3ECCB36D3124,4040.194952,383.827413,380.406011,8365.402511,1199.257642,29.028017,25.423487,47.449208,207.854433,51.861805,112.696211,164.558016,24.426551,163.188067,273.231252,229.819913,32.730614,57.235938,1.660900,533.149421,345.402251
R2S2_TRAIN_808B0C389366,4223.050985,390.761340,376.974111,13793.227999,1184.696994,43.151356,26.352786,47.737267,219.903153,48.743952,110.327587,159.071539,27.175821,142.560325,294.396638,207.112140,34.097771,56.894835,1.669854,513.278049,331.299610
R2S2_TRAIN_FC7420ED0884,4299.984953,401.315436,387.170740,13968.388333,1181.353165,47.639688,20.330270,48.466968,219.946687,48.383925,119.080360,167.464285,25.866886,187.253307,293.539330,209.636661,35.102170,57.397208,1.655785,504.540104,321.116938
R2S2_TRAIN_096B33FCE0E7,4172.085031,397.697146,383.375206,10537.489972,1186.101419,41.875000,21.865972,47.695518,219.853095,53.289599,113.450169,166.739768,24.871427,158.389653,284.750718,221.255117,34.250913,57.460762,1.659802,507.857439,333.382094
R2S2_TRAIN_8DFC0A69D4F9,4170.751326,399.635746,385.743068,12090.169661,1186.115279,40.625000,18.532115,47.796105,214.956468,54.449279,118.647188,173.096466,25.434661,142.261056,286.713953,225.344450,31.696367,57.225461,1.664821,516.749126,335.868288
R2S2_TRAIN_6B7DBF06FF45,4063.112024,393.866656,383.957504,10070.182882,1177.718717,45.019412,24.919349,49.101439,219.903354,50.570373,113.578291,164.148664,24.780196,177.475275,283.921091,187.293556,33.213371,57.479174,1.647453,495.184157,306.459527
R2S2_TRAIN_BF272805F3B2,4173.350765,390.832290,374.568639,11422.817344,1194.070633,41.000000,13.921171,48.925070,213.847944,53.520588,105.349004,158.869592,26.220460,137.899028,287.913059,207.161617,34.791736,57.927074,1.644641,494.689976,309.175779
R2S2_TRAIN_85F68D678932,4170.347726,384.730047,381.823100,10733.916339,1189.805904,39.696482,20.322478,47.026780,217.955495,54.978814,106.799470,161.778284,25.568721,179.514565,285.690209,223.885961,34.352624,57.559731,1.653678,511.194989,333.183966
R2S2_TRAIN_02A853198DB8,4270.596189,396.366574,384.449169,10216.838083,1155.835369,43.937500,6.085957,47.922849,219.953507,47.543815,120.799744,168.343559,25.615696,146.627945,294.173967,185.387900,32.096690,56.882663,1.669642,506.078780,320.517315
R2S2_TRAIN_FA973970F0F8,4251.600011,399.017205,387.604703,12690.624573,1183.443549,42.000000,14.291291,48.207121,219.945885,50.577525,117.355488,167.933014,25.366808,150.583332,292.938966,221.131193,34.425126,57.505748,1.659815,503.796655,325.355683
R2S2_TRAIN_EEA0AA4B3D69,4121.342265,393.504751,385.850817,10891.332920,1183.232791,40.625000,23.821783,48.700318,218.032991,52.864960,116.332717,169.197677,25.157824,156.607893,278.858841,219.998732,34.212619,57.543195,1.657200,531.005965,342.958382
R2S2_TRAIN_145FE498E0DF,4231.080385,400.228658,384.633237,11439.426183,1195.294701,36.529692,24.461976,47.713281,219.945100,46.569873,123.085778,169.655650,24.562391,232.412363,287.421263,215.009195,32.012751,57.708492,1.649700,527.680812,338.140359
R2S2_TRAIN_F3B95B966872,4240.773550,392.172036,382.654040,13674.769219,1181.484404,43.250000,11.353010,47.728680,219.945222,50.068468,108.286019,158.354487,26.426985,154.631975,294.255688,188.887325,31.351332,57.361763,1.659680,505.183809,317.346790
R2S2_TRAIN_E24ADD5F048C,4093.709292,397.384415,382.077010,9989.662320,1187.790251,40.500000,26.219187,48.598157,219.965645,49.013334,117.445844,166.459178,25.399044,158.416750,282.451612,227.804081,32.670186,57.495884,1.656100,515.895278,333.291289
R2S2_TRAIN_169DD829EFAB,4011.157025,394.262383,384.757395,5217.513888,1200.008845,42.875000,21.217640,48.254853,219.989252,55.481185,104.932761,160.413946,25.299409,168.827393,287.491734,256.057459,34.284366,57.466371,1.655900,506.769969,317.990317
R2S2_TRAIN_347E1077A3DA,4233.757108,398.878573,386.722816,14404.982299,1187.070541,44.394704,20.307577,48.342843,219.955595,50.163276,125.544708,175.707984,24.637568,140.954853,293.878781,176.302051,34.355041,57.216319,1.668500,524.888087,339.443869
R2S2_TRAIN_3928C0688F10,4191.569779,394.695284,382.072502,10133.184346,1187.732819,42.000000,10.573920,48.317836,219.980138,58.261902,103.745786,162.007687,25.133600,158.032222,284.884892,208.628987,32.069856,57.621082,1.648600,503.555547,315.628762
R2S2_TRAIN_7D0F7C0C0176,4222.655755,402.347774,388.685935,12082.556285,1200.569989,41.062500,23.299492,48.189288,219.998960,55.783004,114.390290,170.173295,25.658819,159.215547,292.737518,207.216035,34.840875,57.707792,1.656500,511.239669,313.728181
R2S2_TRAIN_43AE5F0C0260,4112.401998,382.069787,371.580436,6078.068469,1185.770939,36.191386,26.253039,48.183288,219.929212,47.927791,112.508366,160.436157,25.581087,134.878669,288.677993,222.171237,31.511896,57.673329,1.658000,526.602805,334.981583
R2S2_TRAIN_72CACF14B418,4065.784716,399.595567,388.523681,11257.837719,1183.160588,42.441784,25.951559,48.056838,219.908574,49.834622,116.116217,165.950839,24.133520,223.085370,278.263391,224.578721,33.022362,57.284180,1.664045,519.791381,324.641329
R2S2_TRAIN_6C62ADAA1AF7,4233.057585,392.237558,383.729689,10359.615889,1200.461291,39.478483,21.679706,48.944564,219.923048,49.103981,116.236041,165.340022,25.551390,168.272535,292.955103,227.918337,33.764868,57.320595,1.659700,506.897705,317.035509
R2S2_TRAIN_AD9C3C50C6BA,4332.341368,398.777309,392.341373,13894.379284,1186.079489,43.875000,3.631924,48.195240,220.012927,50.098066,120.626019,170.724086,25.432500,127.596744,294.043715,171.763369,33.526095,57.429512,1.661763,499.019415,317.685136
R2S2_TRAIN_CD560BEAE10F,4162.090963,388.736109,378.099564,9747.188891,1186.501192,40.937500,23.954693,48.750358,219.986531,49.828448,102.422619,152.251066,26.275781,143.263431,295.286500,210.150356,31.222128,57.821827,1.645978,498.272664,311.647620
R2S2_TRAIN_D89881F61600,4201.941306,394.853944,382.640773,12286.639383,1142.434811,43.782568,17.888010,46.420402,219.922653,46.701299,117.698687,164.399986,25.911201,157.347475,292.034756,198.009918,31.981206,56.890243,1.688254,508.615549,342.028357
R2S2_TRAIN_632FD321DFB9,4212.501812,397.492037,386.456718,10784.694012,1182.801605,42.000000,25.955528,46.598759,219.972753,47.064485,120.506946,167.571430,24.985790,149.978228,291.526011,187.721808,34.511678,57.050629,1.669844,535.457707,358.650144
R2S2_TRAIN_EEDB02BE8EE2,4076.830757,392.408296,380.601082,9386.410786,1181.790354,39.625000,9.666107,47.127109,215.503858,52.763340,109.922937,162.686277,25.049587,188.420430,283.296084,199.753204,32.044992,57.283939,1.663159,505.408435,325.158281
R2S2_TRAIN_760DF0BE44CF,4245.747394,402.602789,393.336545,12831.417638,1184.854728,42.562500,13.488767,45.798740,215.979164,52.375769,123.024819,175.400588,24.559667,148.930778,290.236734,169.596637,32.497708,56.142835,1.693943,519.165037,342.647390
R2S2_TRAIN_984C30F99EFD,4237.845574,393.867714,383.968237,13695.219027,1199.268185,46.832808,7.096537,48.303869,220.003254,55.264223,111.266639,166.530863,25.811219,124.707571,291.573449,141.864213,34.472188,57.497350,1.658914,496.307459,305.794503
R2S2_TRAIN_C4F222432127,3692.897000,395.373054,376.549956,10253.216114,1180.755597,37.656091,23.122733,48.106087,219.929415,52.368546,110.647836,163.016382,24.412761,154.510875,275.113913,213.056884,31.429043,57.391439,1.655200,514.005316,333.150345
R2S2_TRAIN_80F47A100BFD,4091.741897,398.367259,386.598889,10899.993379,1199.780655,45.340954,15.928636,49.153967,219.962364,51.789987,119.576849,171.366836,24.570672,149.247087,283.314247,236.119987,32.989455,57.461964,1.653021,508.089221,321.609176
R2S2_TRAIN_0CD02F5A5CCD,4137.547887,389.614843,377.869358,13344.810839,1182.903269,41.687500,17.018803,48.019724,219.918580,47.130905,108.023299,155.154204,25.808637,157.130178,289.264994,149.976027,32.597578,57.747204,1.654939,509.764658,318.066707
R2S2_TRAIN_DCF6AA6A079D,4266.456679,391.795608,378.110984,10208.518483,1187.972016,41.812500,17.634515,48.772060,212.897915,52.428569,107.279645,159.708215,26.315414,139.646308,294.406198,221.232927,33.202514,57.000588,1.678925,501.036318,317.770869
R2S2_TRAIN_6A3899FF935C,4105.050749,380.939707,372.373535,6989.218869,1187.172268,28.967188,15.901603,48.946830,197.047803,47.244099,112.704748,159.948847,26.247325,138.662822,283.089914,203.934485,31.418874,57.763796,1.647879,498.911801,319.900154
R2S2_TRAIN_CE6CDBDB7C9A,4152.021974,397.530228,386.225575,8915.743264,1190.117888,41.937500,4.204104,48.507692,219.994601,54.606478,113.775446,168.381924,24.998819,134.338857,288.717511,225.263314,33.184953,57.062168,1.659632,491.540445,304.097390
R2S2_TRAIN_61E35F5BCB31,4081.809494,392.321320,381.175249,8180.438479,1191.371014,42.437500,19.825955,48.669288,219.951065,49.099397,113.513094,162.612491,25.263191,171.047042,285.296474,229.367592,31.490517,57.277607,1.659700,500.469925,316.324468
R2S2_TRAIN_8F4223293D58,4189.010974,393.506350,382.384754,6255.205538,1184.314523,41.813372,11.806325,47.219889,219.954623,54.706527,115.920507,170.627033,26.764792,151.594748,289.822494,188.380782,31.181984,57.328471,1.664682,508.662916,334.085225
R2S2_TRAIN_9E0329EBA77C,4234.843738,404.633162,390.209997,8519.061453,1197.036970,42.562500,17.342586,48.538893,220.028083,58.012576,111.178103,169.190679,25.488473,139.200111,294.263624,211.616832,34.272751,57.011318,1.653700,505.376311,312.831794
R2S2_TRAIN_3B6875246910,4170.774328,387.789128,377.724161,13756.129179,1184.902131,40.125000,4.285683,47.427060,215.943705,48.881151,109.917100,158.798250,25.986619,163.855031,287.966336,149.064037,33.204178,56.948301,1.667581,511.871255,333.157840
R2S2_TRAIN_BD2648B3AEC9,4170.324302,393.059426,385.608409,12741.839560,1195.769466,39.098194,24.600078,48.427378,219.933962,55.358688,111.454244,166.812932,24.794489,177.972482,282.202272,232.909545,34.129215,56.271324,1.669582,515.491917,336.114200
R2S2_TRAIN_CCC62110E171,4079.246289,388.967040,382.689807,7113.098053,1184.933017,42.437500,9.259607,49.009033,219.939242,49.992405,109.682184,159.674589,25.375566,166.142112,282.530992,216.002852,34.245955,57.399461,1.654400,496.587714,314.400271
R2S2_TRAIN_628135C2247E,4276.710385,396.573151,384.383735,14169.357192,1184.998403,43.937500,19.220228,47.952843,219.950468,48.287533,120.218400,168.505933,25.517170,138.596736,294.052415,165.282087,33.144224,57.402445,1.656100,503.788762,318.932414
R2S2_TRAIN_F21E572B1837,4271.786719,402.377156,387.002607,14149.874955,1187.685109,45.532636,7.200329,48.718390,220.017352,54.459540,109.038843,163.498383,26.256707,132.705247,294.684337,209.639640,34.509197,57.568958,1.655200,508.481442,317.232262
R2S2_TRAIN_BF3EAAA4EDA4,4084.764720,397.519092,384.160181,11226.837484,1186.047627,41.125000,25.256501,48.915101,219.961762,50.562543,118.175760,168.738303,24.603417,168.916831,284.052557,229.738617,34.477320,57.611856,1.653821,514.120503,322.880921
R2S2_TRAIN_F09EDC019DAA,4289.025839,401.606237,388.869634,14681.872637,1185.362903,45.021824,17.107721,46.022386,214.918544,45.250675,125.550017,170.800692,25.121190,156.541419,296.395734,140.293036,34.408360,57.446116,1.653928,519.589691,337.269198
R2S2_TRAIN_D88A9492B75A,4211.310381,403.149688,390.021028,13864.313776,1181.650482,43.514742,24.217431,47.295219,219.962180,48.362951,123.152147,171.515098,24.741274,161.002914,291.249561,195.892879,33.522522,57.595334,1.654800,515.902883,332.239899
R2S2_TRAIN_89DA01C67578,4112.052648,392.197655,384.048314,13693.829550,1185.718569,42.062500,25.504421,48.329583,215.957308,50.633660,116.043754,166.677414,25.293421,169.607014,288.622635,218.092697,32.804465,57.371326,1.654714,505.299601,321.693913
R2S2_TRAIN_DE24E962E7F3,4176.310097,402.012320,385.848263,12709.189022,1199.484422,46.065440,17.839588,49.342613,219.993511,47.809306,118.064069,165.873375,25.081357,122.712527,289.545750,215.170663,34.880743,57.179427,1.663557,502.135165,309.750268
R2S2_TRAIN_D57C64A28461,4056.104903,388.630035,381.071038,9358.877283,1185.876686,38.125000,25.668658,48.419308,219.923355,50.188906,112.188500,162.377406,25.100605,187.110339,277.267897,218.113406,33.175649,57.506161,1.658800,510.882589,319.978923
R2S2_TRAIN_5D11E0AA6E8B,4003.014200,394.026186,381.113008,4112.700697,1199.617584,40.000000,26.323570,49.687932,219.980500,53.787531,109.331306,163.118837,24.424385,213.027035,280.311296,252.658112,31.386933,57.580899,1.662036,498.924456,311.788965
R2S2_TRAIN_1968B48326ED,4236.310074,400.979959,389.169906,10273.205118,1200.648567,39.480587,4.834671,49.329719,220.019625,57.882976,116.293381,174.176357,25.001145,169.309638,288.623626,209.912535,31.981599,57.028405,1.676977,505.073320,315.433852
R2S2_TRAIN_E9C69A1657C5,4213.002787,401.237151,388.421068,12293.167395,1194.175406,40.665692,20.967365,47.731994,219.922815,54.295068,118.874027,173.169095,25.158930,197.800666,289.715669,226.126867,32.611009,57.100836,1.664704,515.632784,326.203966
R2S2_TRAIN_E45CC3910A57,4205.512400,385.970438,377.667621,12626.992811,1192.602976,45.788992,7.518005,48.849202,217.952302,54.648532,104.933604,159.582137,26.232493,130.789368,293.532444,206.624254,32.981438,57.457807,1.657600,504.227447,317.576617
R2S2_TRAIN_86C1E3F66B0B,4054.441105,392.504269,384.604111,8952.026108,1186.074757,39.374727,24.532340,48.174656,196.241066,46.774356,120.177777,166.952132,25.306967,193.993722,280.095331,216.880783,33.340706,57.207927,1.686786,531.007515,337.799123
R2S2_TRAIN_1D6C93461DAD,4301.440754,405.510873,393.534688,14614.416884,1184.866792,47.454388,4.430926,48.233895,220.002742,52.197748,120.495359,172.693107,24.931794,136.155139,296.358264,190.919502,34.549930,57.643255,1.649800,498.963749,316.254744
R2S2_TRAIN_2A2ABA07D8BD,4184.732667,401.690930,392.769869,6187.173929,1200.559449,40.470966,10.843210,49.410139,219.972640,56.725627,112.625668,169.351295,24.440304,174.545704,283.546975,227.853710,34.226811,57.648655,1.651293,496.051930,312.968434
R2S2_TRAIN_A6835DD7B2AA,4238.173596,400.424954,390.150382,10580.982652,1200.571877,42.604551,13.881413,48.968524,220.040467,57.792849,105.109939,162.902788,25.741940,136.063818,291.490365,236.407905,32.453795,57.512458,1.648450,499.146533,311.494044
R2S2_TRAIN_D8245C1D0E78,3910.080455,399.928971,387.031814,5937.161357,1187.139185,35.974848,26.381248,48.638108,219.939432,47.912450,116.457763,164.370213,24.269841,198.920519,272.952321,232.844862,32.631584,57.361213,1.655400,507.364286,316.143859
R2S2_TRAIN_2E19F52CCFDC,4064.464077,395.050737,384.931607,8679.410025,1199.484915,40.750000,22.689182,49.225541,219.909629,50.348127,118.197649,168.545776,24.610624,160.766919,278.603305,239.651480,31.542599,57.691498,1.654800,497.106453,314.874287
R2S2_TRAIN_60D4D6BD1CAA,4191.017922,398.670566,388.341509,10187.011761,1185.447822,39.252138,14.010438,48.529962,219.971204,48.375950,119.960227,168.336177,24.820158,174.128641,286.957017,175.425348,32.111406,57.243153,1.674100,508.525570,322.361478
R2S2_TRAIN_8572B9F9DAFA,4131.313229,396.465367,385.117715,14041.545842,1183.300600,42.567816,19.430107,47.753259,215.942144,49.494222,115.473241,164.967463,25.548808,146.473225,287.068632,187.502426,34.595049,57.381761,1.656274,508.490997,318.364728
R2S2_TRAIN_C5F6D2B97A2D,4150.068467,391.134408,378.736113,9979.418227,1195.655355,35.920109,15.839187,48.709229,219.988218,50.872731,109.193560,160.066292,25.258691,184.344189,283.088966,228.550393,33.376497,57.414742,1.655707,506.027497,307.427239
R2S2_TRAIN_BC913AE70C53,4227.192885,401.041281,388.981147,12186.054963,1184.801539,42.125000,15.930615,47.068416,219.957368,50.061622,116.047502,166.109124,25.664720,159.873085,290.035464,209.347082,34.316551,57.635608,1.652400,511.532386,327.336149
R2S2_TRAIN_830C879C2352,4305.903063,401.464217,390.834286,10506.843646,1186.524379,42.500000,10.485123,47.752697,219.988947,49.791866,119.080740,168.872607,25.472160,164.693903,293.436087,212.754564,34.303304,56.151054,1.672053,506.538490,319.088514
R2S2_TRAIN_140B06F1C14C,4097.399143,382.957894,380.466504,7881.776052,1185.753040,35.054226,10.166799,47.172994,219.959100,50.837206,106.131883,156.969089,25.492176,206.903709,285.241526,211.844679,32.016263,57.377933,1.654626,503.039345,320.539188
R2S2_TRAIN_67EEACAA3FAE,4146.288437,393.627652,384.006370,8879.137185,1188.718420,41.187500,11.850095,49.383287,215.016624,48.328930,121.437195,169.766125,24.737279,232.412363,284.155339,238.057491,34.328478,56.461509,1.690760,507.467034,318.772842
R2S2_TRAIN_C3B52679B491,4008.161943,399.229827,387.533544,8029.879324,1200.581572,41.500000,14.178685,49.986100,220.007061,59.382908,96.337960,155.720868,25.321821,149.854346,285.922228,244.458799,34.389876,57.695491,1.649375,490.526814,305.217053
R2S2_TRAIN_C72408EFF588,4157.489869,393.296025,380.494823,8073.894519,1189.413414,39.312500,25.521977,49.458513,219.941217,51.620503,106.143002,157.763505,25.949862,206.486734,288.845772,230.167162,31.240417,57.184196,1.666004,499.248076,313.028863
R2S2_TRAIN_B1BC2655BDFF,4038.727097,392.330914,379.876819,9244.209116,1200.471458,38.595159,13.181901,47.260449,219.929221,54.223046,109.254976,163.478021,26.932454,143.150205,287.033709,181.423957,31.506278,57.227303,1.652300,509.935022,336.364621
R2S2_TRAIN_F6E59166646C,4123.811921,389.442690,374.427516,10379.657014,1185.563861,41.045980,10.382904,48.706250,219.901932,53.166246,104.621464,157.787710,25.254319,165.348180,288.976374,234.399837,31.996468,57.085130,1.664173,508.827924,327.180291
R2S2_TRAIN_03045B965A12,4268.198334,401.084106,391.105379,11341.246721,1192.822352,43.570817,22.205126,48.672942,219.997439,56.466188,107.935619,164.401808,25.633166,132.530443,288.687183,207.907095,34.500752,57.891279,1.648298,496.759445,306.628342
R2S2_TRAIN_C78CE7C39715,4210.394663,394.146943,384.018674,13789.274427,1183.149847,40.687500,14.841009,46.201521,219.923332,54.134754,110.544755,164.679509,24.980972,148.351825,286.914541,210.921597,34.302896,57.336267,1.662087,531.943748,346.280248
R2S2_TRAIN_924EE7A35FFC,4262.878579,402.684465,390.688572,13943.907899,1184.522480,41.937500,22.902412,47.790022,219.900245,52.045187,120.292436,172.337623,24.697467,137.404372,289.653572,203.838664,34.305168,57.270132,1.659500,514.221261,321.381374
R2S2_TRAIN_5A3B6C4CA288,4021.853304,384.976935,374.963223,8565.302827,1186.591950,37.759091,9.865104,48.765578,216.951448,47.434465,108.974470,156.408934,25.635593,183.678619,282.304540,207.854908,31.991006,57.190017,1.659260,505.703467,322.854780
R2S2_TRAIN_969D79AA4699,4161.807944,397.861541,388.030565,9672.338313,1184.374477,40.625000,22.001505,48.350089,219.941320,55.511964,108.448220,163.960184,24.860105,147.206298,286.861281,226.764776,34.369052,57.080703,1.659476,514.821864,315.641073
R2S2_TRAIN_5DCEBB05B728,4224.081291,402.974158,389.368091,14960.192379,1186.670439,42.665573,15.050821,47.198604,214.198660,48.641852,123.692940,172.334792,24.575794,133.930143,285.485616,156.699762,35.084316,57.317460,1.662100,512.856885,319.534297
R2S2_TRAIN_462020BE416F,4208.146759,396.666332,384.808246,12346.733691,1193.979105,42.563243,12.631349,49.239936,219.919427,54.442380,108.818917,163.261297,25.760395,122.667123,287.963291,207.926479,34.559561,57.673656,1.650530,504.117303,318.771199
R2S2_TRAIN_E036C571F0D7,4174.924241,400.403406,390.690150,9260.105140,1187.734363,33.096865,9.192279,48.299158,220.006092,54.103021,116.095210,170.198231,25.063747,133.920770,287.278014,204.028244,33.181005,56.771950,1.689491,511.622590,328.835632
R2S2_TRAIN_9685DAE89AB8,4149.888426,397.911262,382.684480,10300.028985,1193.611752,42.561359,24.359501,49.453949,211.257250,52.680725,122.439097,175.119822,24.708222,146.238375,284.692302,190.626132,31.980724,57.414379,1.653157,516.732548,330.261078
R2S2_TRAIN_C98FECF4A2B8,4214.625965,391.999736,381.713311,13438.725572,1199.290859,45.875000,25.589869,48.081828,219.976150,47.601580,120.524818,168.126398,25.249470,167.774933,293.326065,216.952319,34.424971,57.347217,1.658194,500.520535,309.251919
R2S2_TRAIN_70B28C3093F0,4066.936178,394.542194,386.996854,8004.475343,1200.626572,43.111585,24.877501,49.181443,219.982862,57.263438,105.586601,162.850039,25.253617,204.234589,284.132339,251.796531,32.161696,57.438274,1.657600,497.557791,307.644691
R2S2_TRAIN_AB457CC871DC,4159.589239,398.361961,385.741885,12747.223894,1186.506764,44.387631,5.142157,48.109804,219.984595,55.444050,115.416229,170.860280,24.865687,185.841969,288.233285,185.649252,34.307996,57.641725,1.649100,502.768981,312.442493
R2S2_TRAIN_5809EE740AD5,4289.002601,401.613384,388.234333,13824.272900,1199.524444,43.125000,9.119973,48.194388,219.941929,57.889893,108.229409,166.119302,25.576261,158.273948,294.238607,208.608599,34.578982,57.302606,1.657042,503.449343,325.862871
R2S2_TRAIN_4D89C6FC1B92,4128.596152,394.360338,376.241900,7554.710888,1200.116756,41.937500,7.066646,49.317843,219.965319,50.250067,108.460990,158.711058,25.778720,146.634251,287.446478,228.155048,31.190314,57.341035,1.667661,512.822294,327.446616
R2S2_TRAIN_C32F3042DB7C,4183.955184,397.769971,391.356038,12416.009265,1188.657009,41.437500,25.195841,48.421538,219.989450,52.250971,120.170050,172.421022,24.027815,176.891862,282.713059,179.608256,34.231593,57.361085,1.658000,494.766388,308.285357
R2S2_TRAIN_7EEE318A49AA,4115.366985,400.092409,385.224112,5014.118870,1199.257505,40.500000,10.019383,49.070909,219.993452,57.617134,109.131438,166.748572,25.442099,185.535908,287.081354,212.972576,33.195556,57.497882,1.656200,500.419791,318.764154
R2S2_TRAIN_675A739E88B3,4133.382493,396.555784,383.074555,10402.310667,1192.467583,40.375000,6.890957,48.555257,219.940342,56.123285,118.660320,174.783605,25.038669,149.175522,282.049833,219.407973,33.146307,57.692405,1.654300,494.949108,304.539825
R2S2_TRAIN_B443ED61ACDE,3885.245848,390.342630,373.680735,5224.744194,1188.181131,37.031552,13.898967,49.078651,219.943701,55.273293,106.112871,161.386163,25.243388,175.462160,272.988550,215.766631,32.533314,57.758812,1.646581,516.216150,324.193003
R2S2_TRAIN_8D79CA10830A,4078.421270,388.587694,379.020698,10298.072464,1188.185910,43.461895,26.518541,47.720740,215.920554,52.991985,107.934754,160.926739,24.914225,150.253683,286.217201,219.700806,32.067186,57.801626,1.651730,527.402689,344.822552
R2S2_TRAIN_ED166E9BE2E2,4030.229203,389.343798,378.377361,8240.156923,1181.278085,41.250392,13.054198,48.047873,219.992336,45.714163,110.715930,156.430094,25.003561,195.583590,277.373270,198.090320,31.280519,57.560151,1.655700,514.667450,320.685828
R2S2_TRAIN_6CC1C21E7064,4198.576345,399.188579,391.536712,13509.695946,1182.458811,41.437500,7.830269,48.228527,219.910370,51.518768,119.119447,170.638215,24.155137,166.646683,284.007569,216.632928,34.314931,56.588196,1.663970,510.982376,321.135446
R2S2_TRAIN_1B6359616A48,4129.061938,373.628220,375.561007,8137.564269,1186.782593,41.125000,15.304467,47.742313,219.906189,47.522442,98.736886,146.259328,26.543896,168.591364,293.339985,219.801306,31.222973,57.175058,1.669871,506.114628,321.782637
R2S2_TRAIN_A7A73F1E3A96,4222.171322,392.769506,382.448387,12717.200706,1186.691173,39.060354,25.859219,46.868507,214.898027,57.774969,107.977481,165.752449,25.500348,200.134770,291.503950,237.072970,34.343214,57.349157,1.651670,516.457716,333.172803
R2S2_TRAIN_A5FBBC1B2BB6,4209.936924,395.125739,389.207209,10125.252044,1193.703759,41.937500,20.980068,48.505266,219.932705,57.181167,110.083546,167.264713,25.098563,143.351975,289.242972,219.371559,34.438569,57.322708,1.655900,510.251745,322.869290
R2S2_TRAIN_1E76B703A773,4239.076091,399.617581,388.212671,13751.190894,1199.786193,43.422608,8.306481,47.611419,219.920024,50.732104,110.508030,161.240134,25.306781,144.903865,290.393135,202.591785,34.223015,57.511254,1.655900,505.755112,313.620273
R2S2_TRAIN_5C2A869D0574,4112.505222,385.012951,373.092612,6913.336597,1194.850034,40.812500,6.638487,48.274809,215.970316,51.014831,106.473729,157.488560,26.159465,138.368091,294.385211,211.450805,32.980791,57.703650,1.650796,499.701630,321.084730
R2S2_TRAIN_37478ED21428,4233.432810,401.378539,389.387044,10271.754963,1200.107272,44.839891,24.594642,48.765025,219.957088,57.819263,119.076333,176.895596,24.626916,160.655446,285.796149,195.182318,34.479006,57.541540,1.655400,505.606553,318.510418
R2S2_TRAIN_D2C1C8458988,4035.525739,387.201162,382.720069,10221.146202,1200.455919,41.937500,15.514921,48.430374,219.979252,56.759717,106.654200,163.413917,25.198770,170.916735,286.831578,225.798300,32.980618,57.696523,1.649166,515.538951,317.233189
R2S2_TRAIN_78CD412FF4ED,3373.611126,335.795201,330.191733,7111.549901,1184.410298,32.384928,22.595192,48.345716,213.086514,53.802922,100.948476,154.751398,25.888517,176.200317,281.419354,215.644786,31.118090,57.629115,1.655100,528.095092,331.713113
R2S2_TRAIN_02F45C758B1E,4114.741271,396.096704,379.328935,9676.434699,1156.102816,43.250000,8.376432,48.019427,219.921420,48.465975,114.028826,162.494801,24.952891,151.750159,280.277969,174.945780,34.385955,57.194957,1.660970,521.585536,325.121888
R2S2_TRAIN_26897F653BF4,4214.446752,391.552424,384.242896,10227.165554,1200.502310,45.562500,20.446109,48.509336,220.010658,51.985951,108.151387,160.137338,26.261441,169.073517,296.214460,220.194142,34.451747,57.736313,1.647669,503.099782,309.216494
R2S2_TRAIN_00FB7C17B5DA,4218.995962,395.982745,382.017491,11851.464966,1186.912327,42.380162,13.083927,48.906986,219.967439,49.591223,106.017111,155.608334,26.555811,143.054156,291.686716,177.547353,32.967195,57.354756,1.665600,508.289355,325.155416
R2S2_TRAIN_3E1E4375EF55,4165.884104,396.424629,383.281575,14104.353907,1184.422081,42.622427,20.247740,48.387549,219.989806,49.654158,118.636488,168.290646,25.307903,165.754776,283.721664,192.584500,34.405024,57.083750,1.679714,505.533331,321.851981
R2S2_TRAIN_F9BE5B370E40,4101.483238,396.439996,381.017669,8469.342439,1183.870748,39.875000,14.741294,48.670869,219.957153,51.764768,113.133971,164.898739,25.309676,191.129625,282.291022,189.772579,33.019802,57.028348,1.681172,499.846092,309.345847
R2S2_TRAIN_FDA17DF389D1,4235.686386,402.189926,390.019522,9165.440979,1193.315173,42.125000,24.354260,48.737401,219.991067,51.478199,118.847472,170.325671,24.768121,182.359184,291.384415,249.636501,33.837782,57.166166,1.669339,500.382465,314.873112
R2S2_TRAIN_E8D4A2E1779D,4050.223464,387.037029,376.171301,11218.382895,1199.293725,42.375000,17.991383,49.050802,219.935129,51.693158,104.440806,156.133964,25.461597,148.141099,286.755550,211.556917,31.451150,57.551305,1.652700,506.565736,316.159480
R2S2_TRAIN_A17904EDA9FD,4195.068379,392.202980,384.539271,13840.154019,1186.257346,44.837500,14.893530,48.320259,214.993790,49.721968,115.238976,164.960944,25.411501,132.735179,293.330874,162.364098,31.991237,57.629117,1.655600,515.205821,331.282715
R2S2_TRAIN_861E4F75E930,4173.927216,398.584024,382.999628,10205.627975,1184.169383,41.437500,24.472953,48.510351,219.969919,52.731036,115.417026,168.148062,24.733001,149.022640,287.371584,208.422772,31.166939,56.892476,1.690093,506.940064,322.234006
R2S2_TRAIN_240DB4CF1322,4263.298485,400.545681,391.980280,11238.194029,1187.166474,42.062500,23.578899,48.294109,219.962872,48.331811,118.517001,166.848812,25.062933,193.278498,287.647951,214.909387,34.506796,57.652241,1.656100,502.669542,313.989463
R2S2_TRAIN_229FACD7EC65,3373.611126,352.477592,323.985565,6101.705443,1180.367481,34.820620,23.835585,46.745532,197.664957,48.708934,106.554563,155.263497,25.314711,172.856752,277.467082,228.591343,31.081403,57.500149,1.658300,525.528549,358.650144
R2S2_TRAIN_9E41F9C5CD91,4234.697290,403.972285,394.035291,12093.440379,1178.582553,43.793767,6.476583,48.333169,220.007950,49.729384,125.550017,175.279401,24.181756,162.174962,284.948040,183.482187,34.466451,57.417494,1.662900,504.243157,317.922983
R2S2_TRAIN_3025FF197F13,4259.119437,400.013852,382.334069,11170.120727,1196.678996,43.375000,5.169300,48.979027,219.987153,52.352473,114.683239,167.035712,25.117778,142.877164,289.187694,205.871669,31.212187,57.073790,1.664491,502.459655,314.865365
R2S2_TRAIN_2582349D72B5,4245.180281,395.341227,384.823408,14023.105637,1182.990248,42.937500,9.007592,48.355607,219.930686,53.311658,114.126205,167.437863,24.758276,136.440001,288.210818,207.653029,34.473723,57.092479,1.664276,508.523933,313.136125
R2S2_TRAIN_7C4F966782A1,4294.487433,397.553949,384.842232,9317.358471,1194.287771,47.260528,14.891508,48.551377,219.991473,56.050665,107.280137,163.330802,26.644879,147.706635,297.263696,221.903339,34.177060,57.704182,1.652945,510.705502,322.566730
R2S2_TRAIN_D12B9DB9265C,4214.898055,398.364536,386.885767,13944.145289,1183.792159,46.000000,17.203676,48.735476,220.018308,55.311266,109.522858,164.834124,25.504508,159.953327,290.484293,222.551602,34.460523,57.639637,1.648658,503.561830,314.381554
R2S2_TRAIN_4F2714DE18BB,4163.014616,390.582347,381.898987,4318.251796,1187.166170,39.629070,8.638861,48.324892,220.019173,53.025517,106.384805,159.410322,25.824313,143.723993,283.017975,214.311861,31.296970,57.592520,1.655274,514.154003,336.856766
R2S2_TRAIN_1309E85318C1,4194.421002,396.154128,387.257812,10234.057768,1200.782079,45.750000,25.760300,49.530210,219.910491,59.367391,108.484205,167.851596,24.975663,163.717580,286.656371,239.716630,34.505673,57.647845,1.655041,507.134087,327.379123
R2S2_TRAIN_95E79E5E136B,4228.652131,402.279331,390.347287,10479.022717,1185.922051,41.875000,12.266333,47.081193,219.969975,52.185899,120.302056,172.487955,25.127440,148.603149,291.285048,197.874173,31.423965,56.987304,1.672690,509.845894,316.924654
R2S2_TRAIN_97CA0643598C,4243.346275,402.272712,389.567551,11790.481624,1199.973868,43.471938,17.596891,48.402639,219.964940,51.742970,114.387472,166.130442,24.969208,184.908991,291.972774,223.577939,34.320654,57.234543,1.661800,506.119017,313.183690
R2S2_TRAIN_2C6D2B2AC44D,4168.486684,396.857790,381.449017,11324.227146,1183.298479,41.375000,22.159836,47.321689,219.969677,50.249365,116.121615,166.370980,25.337315,165.070025,278.840269,219.525692,32.727022,57.814443,1.649800,509.731381,337.015645
R2S2_TRAIN_CB7C6E1A0807,4145.284731,399.884472,389.017670,11768.158195,1187.383020,42.875000,19.376358,48.282401,215.978786,52.301388,120.411176,172.712564,23.778578,160.210962,282.910183,219.084531,33.817333,57.531561,1.660782,518.015421,320.497888
R2S2_TRAIN_1E14A7DEAC76,4194.520103,397.702242,386.080335,11966.889275,1183.937664,41.625000,9.162769,48.036102,220.007935,57.426862,113.890235,171.317097,25.400721,151.735977,290.865996,211.285489,33.059766,57.560142,1.652898,504.241612,315.663996
R2S2_TRAIN_07AB2133A686,4160.208431,395.012391,389.963486,11967.299500,1183.068970,44.834359,12.390991,49.393550,219.989003,46.469506,121.866370,168.335876,24.567891,153.716411,287.654142,214.147247,34.321247,57.369194,1.664332,506.012092,314.819954
R2S2_TRAIN_81F2EECA5D76,4140.759242,394.710389,381.322113,10698.968534,1193.052579,42.312500,16.127524,47.247458,215.935905,43.439940,114.182793,157.622733,25.239915,154.063835,272.570046,190.506180,32.998235,58.052515,1.641176,501.594245,314.549370
R2S2_TRAIN_CE5517500914,4078.665340,395.003053,380.648807,9528.578431,1199.888071,43.148598,15.323441,49.575498,216.963652,51.920682,107.108113,159.028795,25.087508,228.613886,283.339973,228.509116,34.889994,57.455527,1.656980,500.091384,311.838784
R2S2_TRAIN_56CF1D175E23,4225.911149,401.030170,384.899120,12293.201751,1162.111062,44.062500,10.116465,47.117909,219.926862,49.182555,118.740938,167.923492,25.725917,171.699839,291.278293,198.537188,32.019980,57.485773,1.655816,500.270794,309.760087
R2S2_TRAIN_E4C99D31E676,3480.390257,384.865625,370.143298,4054.905135,1183.204424,33.468703,11.018126,48.537256,212.658012,47.012907,108.996945,156.009852,24.690569,184.353929,272.007155,216.883731,30.915392,57.152599,1.662700,508.979161,328.214654
R2S2_TRAIN_D0940088475E,4271.381253,397.239073,386.403846,11778.884992,1186.006156,41.434695,24.706613,48.723356,219.959948,51.806203,108.542146,160.348349,26.086041,156.409868,291.699293,200.573540,34.497905,57.319689,1.668436,500.171454,318.633876
R2S2_TRAIN_9058DBA843B0,4023.301289,391.551238,379.711904,6565.419153,1200.838801,41.125000,17.725738,49.665450,219.982016,57.365807,106.610674,163.976481,25.003623,154.621797,286.122347,224.041106,31.529634,57.702506,1.647956,499.028070,317.552814
R2S2_TRAIN_3A57301B0183,4125.953932,378.228465,367.977973,12037.354268,1174.342139,36.072942,26.659889,46.389466,214.912280,43.778515,111.231928,155.010443,26.102241,166.740969,285.786874,214.480959,32.568548,56.153952,1.690278,528.135385,351.745017
R2S2_TRAIN_4C96470A9717,4198.805122,389.388041,371.779604,10549.106847,1185.894648,36.625000,8.090024,45.871916,219.936996,55.224139,104.817612,160.041751,25.491794,176.135463,288.265576,217.313220,33.753845,57.630759,1.642772,515.927351,333.307494
R2S2_TRAIN_4E74CAF7D517,3802.459261,380.489889,331.530245,5065.917546,1185.281590,28.967188,25.041028,46.798662,209.601544,47.373714,109.378997,156.752711,24.907138,231.685765,275.553798,218.047315,31.351567,57.189010,1.662700,518.170328,347.368129
R2S2_TRAIN_B3C99DBB746F,4091.710216,395.712410,388.679060,8857.578555,1188.490518,43.937500,24.718616,49.454931,219.893475,54.268909,116.579132,170.848040,24.059333,146.629746,275.072931,197.530166,34.447095,57.734644,1.640953,505.499309,311.703138
R2S2_TRAIN_169D04BD0D95,4051.457861,344.581754,318.890332,10260.627941,1193.757956,39.214033,10.544243,47.930772,216.048967,53.216968,92.394927,145.611895,26.330987,156.721697,289.219100,190.542713,31.217489,58.052515,1.641146,533.669604,332.545806
R2S2_TRAIN_752FCABD20EB,4167.200362,391.189003,382.498368,7184.259528,1189.467335,40.437500,15.573497,48.622973,220.002294,48.470599,108.625062,157.095661,25.675505,142.278825,288.177412,195.220780,34.438495,57.497863,1.654900,503.337937,327.455749
R2S2_TRAIN_B1D28FC1D804,4051.248860,388.809461,384.994246,12370.593058,1183.223089,38.763103,20.810425,48.391887,219.897662,51.174313,116.244664,167.418977,25.006532,184.875963,282.113376,179.119298,34.306131,57.657510,1.657726,523.189986,333.532098
R2S2_TRAIN_BAD28B99B7EC,4122.502121,396.140964,384.465282,6090.463390,1186.635378,42.062500,11.191489,49.336761,219.980619,49.269516,108.798398,158.067913,26.015765,169.168856,290.058864,221.390607,32.363890,57.156388,1.662061,495.359659,308.079242
R2S2_TRAIN_B9D315133032,4219.361365,393.079527,383.300591,7932.163190,1188.912483,42.994507,23.956960,48.700355,219.959567,52.381970,115.281580,167.663550,26.559936,209.942217,289.260548,234.441673,31.905658,57.268676,1.664700,504.921504,322.959534
R2S2_TRAIN_B556263158DE,4147.130735,393.944763,383.877175,12612.049887,1185.835252,42.375000,25.016111,47.383779,219.929468,52.998209,113.475954,166.474163,25.579553,155.456927,289.300188,228.022037,33.127166,56.391116,1.679028,516.570317,319.146138
R2S2_TRAIN_3C64DC6ABE6D,4248.728138,391.357193,371.977268,12866.100450,1184.825207,40.875000,23.952537,46.926732,219.946965,50.880064,105.643734,156.523797,25.617129,151.930232,286.376901,228.177427,32.089138,57.705375,1.654500,526.000129,325.566971
R2S2_TRAIN_C5E99511E3ED,4081.455589,388.739153,378.726226,10389.835619,1190.043088,41.437500,6.974061,49.094459,219.982121,57.661238,98.106065,155.767302,25.972936,135.988118,287.814904,227.899928,34.451051,57.762866,1.648600,501.841867,321.380745
R2S2_TRAIN_DF804A4D046E,4128.377178,395.947496,384.352005,11488.608299,1187.736615,41.887226,18.999574,48.062167,219.956106,51.714132,111.255452,162.969584,25.935089,155.476495,286.974689,221.428624,31.437230,57.258884,1.673319,520.114757,326.899036
R2S2_TRAIN_8382B1CDD9DA,4237.979913,394.600328,384.400636,12517.084285,1184.496080,41.437500,4.508975,48.193680,220.006134,57.028860,112.637909,169.666769,25.650593,129.684841,290.009747,214.203059,32.047949,57.361795,1.657314,505.846617,314.587000
R2S2_TRAIN_259DD04BFC24,4134.174759,401.504731,388.056036,7996.137750,1195.601496,42.494648,9.368230,49.127437,220.016391,55.853966,118.303001,174.156967,24.665711,169.191342,279.705048,237.575126,32.074435,57.114536,1.659300,503.687676,310.435579
R2S2_TRAIN_C442711D26DA,4207.981233,397.993448,389.482624,12495.947539,1178.247193,43.553750,26.112427,48.114665,219.967699,51.353787,112.953205,164.306992,25.731236,148.820589,294.209452,228.939770,33.289489,57.652479,1.659500,514.047637,320.210747
R2S2_TRAIN_4F84E4250182,4280.366195,398.540072,390.495393,11063.554088,1200.139122,42.304190,10.253549,47.874289,220.058365,55.199490,116.049708,171.249198,25.645653,155.042499,293.707876,181.982944,34.485404,57.076446,1.677098,509.641121,320.186753
R2S2_TRAIN_9F91F020EC10,4059.978095,390.932421,367.972466,8255.856548,1180.568337,40.927796,25.222029,48.720904,216.933888,46.700958,106.573903,153.274862,25.076600,153.941650,281.910247,150.152144,34.286162,57.351749,1.664677,504.355857,326.530386
R2S2_TRAIN_7D40BD88CC50,3911.667396,389.570384,380.463862,8762.512412,1186.634989,39.267562,14.429686,48.234604,214.495982,56.484858,103.419917,159.904775,25.180444,143.116788,282.825549,223.778613,31.559205,57.460348,1.659363,521.715559,327.301055
R2S2_TRAIN_2A8FF98D6995,4163.579081,395.301225,383.453759,10206.905271,1188.639043,42.212698,3.367278,48.213308,219.974972,56.758916,112.555259,169.314174,25.543763,129.467830,288.267916,198.504848,32.063900,57.700614,1.652153,501.159638,318.039430
R2S2_TRAIN_20FD820BABD3,4145.329185,384.256964,376.717778,9270.334304,1186.752475,39.375000,8.664149,48.746728,220.007533,49.829851,103.205296,153.035148,25.665620,142.261218,287.219578,215.879659,31.707387,56.969321,1.661661,500.510975,315.255400
R2S2_TRAIN_3C4603E9AE0D,4142.718028,387.309255,376.065680,6934.517132,1180.136890,40.893952,12.672391,48.465585,217.990500,48.385740,107.942279,156.328019,25.925971,160.618659,282.970703,211.460237,32.625119,56.573332,1.669497,503.649013,317.064312
R2S2_TRAIN_7E940E53AC4D,4204.795792,394.268273,384.506293,12229.833871,1191.345987,42.750000,17.074529,48.096548,219.941685,54.639041,108.974010,163.613050,25.463946,171.118433,289.657864,228.187728,32.746639,57.242587,1.668430,504.121314,311.749411
R2S2_TRAIN_F9C250FD80B6,4114.542407,396.688174,382.126915,13301.659035,1194.721405,43.136782,24.019006,46.451490,220.000900,48.090005,119.672517,167.762521,25.986765,169.689105,290.910953,187.164446,31.491098,57.666124,1.652855,527.094365,335.506294
R2S2_TRAIN_D6DCE690DACE,4196.467911,395.651227,377.717364,6096.954394,1187.231548,38.549935,16.701982,47.629531,219.908013,53.365643,104.529651,157.895293,26.424601,133.513241,294.773658,205.564911,32.812131,57.362095,1.650868,502.941050,321.740699
R2S2_TRAIN_8392FCC7A8E8,4238.344130,396.897766,385.337567,12867.951542,1200.757644,45.062500,21.690562,48.255804,219.980708,52.703827,112.831089,165.534916,25.542084,165.302462,289.673254,219.592308,33.333173,57.277060,1.660233,508.374502,335.328866
R2S2_TRAIN_7A04C77DEFA2,4183.863627,393.296799,381.342326,8500.461740,1185.466308,42.375000,10.482749,48.818268,220.004097,47.960034,106.936816,154.896850,27.187911,157.157662,290.038619,203.988727,32.730489,57.430947,1.661704,496.014808,315.963889
R2S2_TRAIN_BB5BAD09E3F3,4152.332359,400.951031,386.707769,11679.921667,1188.674828,43.125000,15.847430,49.023015,220.004744,55.879999,115.562324,171.442322,24.000025,157.118252,277.989818,224.696806,34.510852,57.600300,1.645913,497.081757,309.045106
R2S2_TRAIN_A570D7DB6B6E,4129.424604,400.261161,387.143417,10687.225258,1196.141631,41.562500,26.209199,47.919406,219.468441,56.653664,117.874375,174.528038,24.624585,187.514815,279.857957,226.047800,33.056520,57.643668,1.649178,506.259261,316.147343
R2S2_TRAIN_B791FE0C9AEE,3974.184233,359.115564,375.501505,9985.757745,1165.191378,38.480189,25.055856,47.374828,219.836751,46.660335,106.460447,153.120781,25.364863,201.849219,283.480738,212.377251,32.005913,57.647577,1.651100,512.774067,324.336080
R2S2_TRAIN_9E7499CF77B1,4027.512147,344.851563,323.580315,12109.809148,1184.261629,40.812500,26.479391,46.095734,183.013853,47.425575,105.884203,153.309777,25.987704,170.643974,289.256614,159.154813,31.209208,57.180464,1.662000,509.255163,324.329953
R2S2_TRAIN_09AF8B5825DB,4267.727249,395.598490,388.490360,12443.239224,1200.237131,42.375000,23.957296,47.103959,219.916294,48.919079,121.454541,170.373620,25.610875,171.993141,290.418090,201.369707,34.956071,57.807756,1.647413,515.076284,319.891069
R2S2_TRAIN_A383A12AA77F,4199.730903,388.902490,374.086854,13083.053449,1130.714451,41.771295,24.732136,46.598047,216.723029,42.849423,116.171487,159.020910,27.187911,152.886026,291.534713,203.732975,32.033121,57.420206,1.667358,528.992297,354.661404
R2S2_TRAIN_EB93E1E6682F,4064.343082,390.852433,381.010804,6133.579927,1199.266794,37.437500,13.724987,48.598108,219.961473,54.594521,102.705769,157.300290,25.238070,188.710290,282.199537,233.844395,30.646452,57.210137,1.661400,518.427600,335.373185
R2S2_TRAIN_4F19DBD9700C,4082.815064,396.145643,384.831373,11120.881846,1185.533632,41.990833,27.835962,48.478648,215.992680,52.057722,112.310919,164.368641,23.730252,232.253868,275.893014,242.885999,34.177547,57.407210,1.662376,511.276060,337.917187
R2S2_TRAIN_215E5CC37F75,4144.196495,404.082242,388.602209,8940.499640,1185.181717,46.037231,14.289189,48.496826,219.984314,58.805889,117.835749,176.641638,24.659703,144.124978,288.864754,212.229193,34.293656,57.441594,1.651900,497.065112,316.277913
R2S2_TRAIN_586F2EFBE762,4185.500797,392.038934,380.739276,12833.984476,1187.412479,40.592722,9.355988,48.598337,218.024362,49.368985,111.100137,160.469122,25.882472,141.452687,292.532889,226.172411,34.243742,57.665019,1.656095,503.033324,317.222719
R2S2_TRAIN_B11CAE0A1B76,4198.083963,399.018534,388.470408,12653.060108,1183.547853,44.375000,6.180433,48.203910,219.988761,50.132565,110.406395,160.538960,25.137222,134.769004,287.306037,176.806834,34.440542,57.668000,1.648600,511.468468,317.106121
R2S2_TRAIN_5785DF65EBF5,4240.554210,394.070015,389.869554,13888.996435,1158.933255,46.052257,24.156834,48.296987,219.954632,50.608783,120.064147,170.672930,25.935428,176.384542,291.630047,181.106736,34.419876,57.596964,1.650349,505.435772,314.253506
R2S2_TRAIN_154254C0F5E3,4166.087147,390.784661,374.312072,12281.467246,1186.257391,39.409650,13.872194,47.413033,212.291971,52.154516,104.938653,157.093168,25.502944,143.904123,286.775462,214.268238,33.882842,57.488481,1.654100,510.726554,333.173691
R2S2_TRAIN_51591D75E2AA,4191.806627,392.850552,381.993937,10351.673309,1186.799094,42.875000,9.090033,47.019151,219.982894,52.549478,103.818423,156.367902,26.531481,135.192713,291.061050,204.877813,34.462710,57.280123,1.665661,501.127206,318.644701
R2S2_TRAIN_97B19E5B8173,4079.884568,394.601606,385.141503,4108.592914,1199.580222,40.125000,24.426475,48.539572,219.938917,57.517014,104.352836,161.869850,24.980500,146.576170,284.204596,228.177706,32.126939,57.732736,1.648869,512.183060,326.884582
R2S2_TRAIN_C34EC1B40C5F,4198.759091,388.550871,367.530589,10706.886846,1187.143020,42.625000,9.368106,48.254905,219.968893,55.533262,100.206531,155.739793,26.986646,129.455245,293.225353,190.202420,34.297000,57.487726,1.656100,508.573400,319.319634
R2S2_TRAIN_51E8F5073DE3,4224.626370,402.048610,388.996466,10162.491801,1194.584146,46.914491,15.489400,49.773451,219.984339,52.390405,119.381156,171.771561,25.041229,163.951213,286.745570,209.574806,34.454597,57.553477,1.657300,504.777283,309.042137
R2S2_TRAIN_56429158DDD3,4040.401475,390.005732,381.198749,9124.000141,1200.431852,39.630120,26.939023,48.131892,213.978685,47.444317,114.009232,161.453549,25.069673,226.831621,285.754761,231.943569,34.354992,57.526636,1.652991,513.041987,319.173515
R2S2_TRAIN_3D4AA3CE8592,4123.233815,400.730531,387.904048,10122.400951,1184.601260,38.935259,10.536391,48.433601,220.034526,54.507973,117.026080,171.534052,24.965438,196.073676,289.155213,210.003391,31.281580,57.708361,1.657812,498.011311,314.070193
R2S2_TRAIN_5F8354F62090,4131.495413,386.258473,382.203127,12397.173069,1189.061569,41.625000,15.556341,47.510878,219.910976,54.357005,88.945165,143.302170,25.690066,130.535319,286.277767,218.207369,33.200813,57.505886,1.652310,509.204987,330.379316
R2S2_TRAIN_EADE15F12651,4232.933315,399.807363,383.010002,10155.243342,1188.471808,46.993512,14.142607,49.131233,219.995572,52.532368,115.916817,168.449185,25.069439,132.331092,292.657899,209.819177,31.512991,57.375881,1.658800,492.223586,304.794519
R2S2_TRAIN_574AE94C82D7,4087.698017,403.832842,390.465346,11303.526087,1185.866187,43.062500,14.932587,48.047440,219.983074,48.370057,125.550017,173.920074,24.089798,151.442293,285.717640,177.768119,31.413752,57.028361,1.667970,516.289514,318.797235
R2S2_TRAIN_78B56434528E,4252.448641,404.528847,391.572617,14599.498170,1181.792602,46.320780,13.192664,47.011742,219.938864,51.116562,121.385304,172.501866,24.660886,139.962219,289.710136,197.067723,34.323421,57.547484,1.652237,512.764134,316.885772
R2S2_TRAIN_BF731BC0B9EC,4166.255517,391.759116,380.586646,10353.070721,1200.112490,46.818036,11.175140,48.713419,219.968559,56.245019,105.090155,161.335174,26.230768,127.738349,291.435041,226.600048,34.253657,57.515456,1.654400,501.865938,318.092667
R2S2_TRAIN_3EBD5DC744C8,4311.304567,398.821611,383.786202,13424.070737,1193.731791,45.154171,19.820537,46.521162,217.642554,53.361224,116.568594,169.929818,25.168491,135.855875,291.625960,176.506319,34.329700,57.683051,1.655200,521.487701,330.451841
R2S2_TRAIN_107282560085,4131.314462,393.559244,388.040426,10389.921058,1200.704028,40.062500,27.052978,48.556205,219.941891,49.444788,108.397176,157.841964,24.515452,161.037381,285.519063,234.919644,34.317241,57.419493,1.659700,510.310024,321.187642
R2S2_TRAIN_38EB39BEC0CE,4160.988943,391.112814,386.037606,10959.810864,1182.142349,40.625000,13.201349,47.630147,220.010636,48.873201,116.977542,165.850742,25.035454,179.259912,284.060349,223.572552,31.339075,56.893210,1.689155,529.103083,346.512775
R2S2_TRAIN_69B2F79D3327,4239.865272,399.852607,385.779164,13729.143384,1192.613551,41.500000,27.835885,48.278212,219.931620,48.245331,113.162207,161.407538,26.195175,145.569307,291.680678,187.572090,35.004739,57.648190,1.649568,520.058416,330.368583
R2S2_TRAIN_F984D625A589,4311.220304,400.574780,388.925818,12193.530664,1158.385648,41.528293,7.104579,46.640899,219.939412,47.050976,125.550017,172.600993,24.955474,148.393706,288.388691,158.526987,33.188039,57.382208,1.658869,510.830064,320.513630
R2S2_TRAIN_103B856B2D66,4270.575703,399.431053,382.490529,10448.389640,1177.194112,42.375000,10.668975,48.408740,219.952010,48.414862,116.309232,164.724094,25.592464,181.979563,291.460806,190.648801,32.353549,57.147717,1.666942,505.541315,316.200198
R2S2_TRAIN_94927457D636,4165.141627,400.170432,389.030617,9674.739538,1185.444894,40.625000,24.567151,48.917537,212.752295,48.217181,120.520149,168.737330,23.792197,205.145539,278.226113,228.844513,33.963352,57.454515,1.657200,533.799893,316.150743
R2S2_TRAIN_58CFCA006918,4198.923279,397.621639,389.209091,8624.242873,1188.107950,40.500000,17.114837,48.826950,219.975663,56.727397,108.468491,165.195888,24.820004,172.995857,277.679778,223.889300,32.047127,57.378382,1.656807,512.869832,335.762760
R2S2_TRAIN_120A1634AF94,4050.630180,351.976869,353.991491,4125.139051,1186.311989,38.967867,7.399776,48.790037,219.998433,51.046790,104.773923,155.820713,25.724375,163.650862,284.631782,214.924262,32.732149,58.052515,1.640953,498.338891,321.165932
R2S2_TRAIN_FB46196135F5,4115.689280,390.137849,382.191142,10396.209273,1199.821569,37.904978,20.996823,48.878193,219.933569,55.733517,107.631689,163.365205,25.813538,199.137175,282.907673,231.604735,32.689746,56.912638,1.687554,514.226267,325.203597
R2S2_TRAIN_2166627C5F33,3498.936173,393.153382,380.683653,8932.809806,1185.717289,40.529754,24.952127,48.498667,202.205762,50.830132,113.010474,163.840606,24.478302,183.044776,276.440262,190.989810,32.996501,57.544552,1.649202,505.172209,318.519109
R2S2_TRAIN_3D5B2513C02F,4261.865378,401.637479,390.740980,6854.638218,1188.161194,40.125000,10.851161,48.425118,220.005200,53.464999,114.565838,168.030837,26.221673,163.933214,290.016412,224.671233,34.276718,57.530384,1.651175,505.865320,325.363608
R2S2_TRAIN_5ACCBFA94F8F,4103.091225,395.457890,380.177788,12247.645806,1182.882500,43.125000,26.373485,46.401093,219.928484,42.849423,121.667763,164.517186,24.728052,201.681011,282.175376,153.280304,33.058082,56.770750,1.661003,520.397094,325.539545
R2S2_TRAIN_A45D7962DF15,4186.904775,393.442237,386.594685,6032.853946,1188.193656,42.751541,10.716706,48.950487,217.962061,54.542280,108.270328,162.812609,25.383765,164.960719,287.916640,220.498365,31.320265,57.225018,1.659300,509.207619,321.107946
R2S2_TRAIN_93B075EAAE51,4231.964983,392.209145,378.436001,6111.766759,1200.827034,42.437500,13.690908,49.373545,219.968467,55.387744,101.396648,156.784392,26.703770,159.797805,295.684594,225.291961,32.721540,57.849500,1.645619,499.244490,313.738616
R2S2_TRAIN_47129B182BAA,4173.814723,388.320867,376.847777,8868.779582,1195.492098,40.880924,12.012718,48.774510,219.932793,53.155496,108.067775,161.223271,25.987297,144.215685,292.540586,162.930597,31.026797,57.205457,1.663210,499.169194,321.563804
R2S2_TRAIN_12C047021A41,4223.543800,394.438626,384.612263,11221.481230,1197.134563,43.000000,10.679480,47.644714,220.001292,52.991401,108.081257,161.072658,26.233142,136.131401,295.810625,213.895586,34.228767,57.601890,1.652881,508.938684,320.647317
R2S2_TRAIN_4EB88AA6E97C,4353.142988,395.970837,389.249026,11318.979871,1193.678128,43.615359,24.531423,46.745434,219.970427,51.038496,115.407817,166.446313,25.468922,130.423229,295.143722,151.527339,34.522486,57.649248,1.654336,511.024337,315.606084
R2S2_TRAIN_9D49E3EEB874,4030.790751,388.574695,375.220166,6241.158617,1195.330863,37.520976,19.100538,48.537789,219.940457,55.009274,95.437766,150.447040,25.426552,156.470557,274.702639,241.775691,31.457029,57.664916,1.648932,505.513816,323.708522
R2S2_TRAIN_BBEF61A7D64A,4228.025257,404.179915,391.905761,13114.470759,1187.327812,43.125000,5.630946,48.808514,220.004152,57.380512,121.245845,178.626357,24.439657,160.840284,290.457565,223.378093,34.339626,57.296205,1.672631,509.174604,320.437708
R2S2_TRAIN_E5A9DABE65BC,4231.650600,397.399636,389.293189,14517.034994,1174.452403,43.562500,13.471498,46.055032,215.013933,46.434358,122.392784,168.827141,25.773461,162.239443,287.671790,161.975339,33.738161,57.021238,1.671351,512.941167,333.027313
R2S2_TRAIN_FCF3A5FCA3F8,4182.758724,397.160007,389.892408,9001.846045,1200.127266,40.937500,13.883286,48.678664,219.955704,52.988981,119.912800,172.901781,24.381310,163.987162,280.099379,221.412416,34.285122,57.692590,1.649700,503.569115,317.422468
R2S2_TRAIN_464DE79E8AD9,4206.597021,398.462048,387.608638,10181.884405,1185.377119,41.125000,7.165018,47.745957,219.972704,54.701681,118.681766,173.383447,24.342757,187.377285,285.942123,203.404389,31.497495,57.472909,1.662700,505.241678,315.865409
R2S2_TRAIN_77FE962C53BB,4094.001142,383.636656,376.398721,9682.624486,1186.298907,38.125000,10.334267,47.990644,219.975621,47.100320,109.191587,156.291908,26.200704,162.272489,290.294848,164.747724,33.382266,57.113815,1.667400,526.349152,339.394247
R2S2_TRAIN_29C8BEEB80F6,4321.588946,404.129476,392.666482,13529.249561,1185.866296,42.992003,7.934556,47.270058,219.983516,55.466344,118.359409,173.825753,25.941908,155.075588,291.358509,165.515917,35.028405,57.079493,1.669696,509.294071,318.769677
R2S2_TRAIN_3E35857A0885,4218.006559,392.600429,380.504819,10837.894467,1192.115820,39.521388,26.589483,48.493085,219.932397,54.118505,106.424389,160.542894,25.435214,146.746238,293.229843,214.500056,32.032847,57.347364,1.661800,508.238209,327.209071
R2S2_TRAIN_FC9DFD4AD353,4224.540146,392.975901,386.771222,14063.206038,1186.047001,43.750000,25.430093,47.498026,215.997763,47.249148,113.529629,160.778777,26.569965,129.248796,292.718553,151.579672,34.478315,57.651379,1.644782,505.188095,319.625439
R2S2_TRAIN_CD9A690C229B,4170.379234,390.421426,373.835084,6315.475157,1191.021717,38.443314,7.751744,48.049194,220.011187,56.617729,81.927657,138.545386,26.747886,158.811637,294.205840,192.596656,31.609694,57.259104,1.655900,504.592217,325.198701
R2S2_TRAIN_2011F5AA6109,4221.015447,397.151211,383.519565,14158.871043,1188.696755,42.705100,9.447315,47.877582,219.937364,49.715539,116.668504,166.384043,24.956067,141.761437,291.211731,200.929808,34.446316,57.327668,1.660613,514.219049,325.092975
R2S2_TRAIN_CA881AE9ED44,3557.861622,382.135040,357.040091,6009.699238,1194.436510,39.319113,26.240365,48.355614,215.956206,49.975691,105.671918,155.647609,24.425496,216.751042,268.447402,252.581765,31.480624,57.786919,1.642800,507.399258,321.659414
R2S2_TRAIN_CC287DE3CAF8,3979.921311,383.765860,374.400257,12505.879858,1187.164440,41.888542,26.036584,46.597698,214.358081,50.268112,104.664484,154.932596,24.370000,167.175303,279.419410,216.466086,32.021861,57.489700,1.649296,533.586150,331.298162
R2S2_TRAIN_8CD3121DC309,4105.281575,396.294335,374.543504,12156.690517,1188.011447,42.000000,24.219141,48.775077,219.956110,50.971130,109.148931,160.120060,25.125099,141.633608,286.442894,220.924302,33.038651,57.300119,1.658900,505.767556,322.608923
R2S2_TRAIN_BDE23AA648B1,4264.692026,400.593893,386.761427,12460.823474,1182.107098,44.556758,16.185030,47.125317,217.152816,49.204910,116.672283,165.877192,25.560752,160.830346,294.985276,214.887279,34.505686,57.240167,1.657447,527.133987,338.101181
R2S2_TRAIN_F0D2616A13F2,3954.852572,380.608712,374.027009,6296.999048,1183.610122,36.129063,6.019114,48.306343,219.921694,49.730850,98.060079,147.790929,26.206838,168.959755,289.723066,202.830450,33.012006,57.465110,1.654894,495.555715,317.254888
R2S2_TRAIN_F52415E88C44,3598.362631,327.477791,318.890332,4147.765802,1195.867883,41.754142,10.477326,49.717143,219.989506,59.100698,81.771246,140.871944,25.678159,123.984458,281.883367,234.476855,32.041723,57.955570,1.646168,490.117467,310.326774
R2S2_TRAIN_A8A60C500A58,4209.955715,401.254844,388.481200,12775.511553,1199.493490,43.125000,7.591535,47.874733,219.945681,53.925538,120.211490,174.137029,25.080203,139.645283,285.902541,201.597294,34.388352,57.442957,1.656386,507.127593,316.535413
R2S2_TRAIN_6307EE697357,4191.430272,396.167677,377.706479,10186.346510,1188.950369,40.319667,24.825897,48.518499,215.967392,53.438621,114.474136,167.912756,25.713259,135.215948,289.117885,208.854901,32.727872,57.687015,1.649722,519.934952,337.090844
R2S2_TRAIN_87BA1ECA5958,4028.038406,389.837108,382.854075,9935.321056,1186.736041,43.000000,19.403766,48.099291,203.420198,46.950407,114.112521,161.062928,25.748824,184.984309,290.339183,195.555892,31.249703,57.579792,1.653105,510.303452,315.591883
R2S2_TRAIN_2961D13B0FC1,4225.548212,399.310078,390.065176,10590.734018,1188.294611,39.061590,15.739810,48.274042,219.948345,54.491609,113.974978,168.466588,24.846139,169.081191,286.262736,226.048675,33.433905,57.380039,1.662100,510.520831,337.491948
R2S2_TRAIN_F59680E30C99,4206.841250,395.587099,387.723374,11638.537162,1182.359121,39.746895,3.654291,48.136472,220.007519,54.405439,108.865649,163.271088,26.199269,143.545262,290.479805,217.244567,34.877838,57.502960,1.653375,493.382463,309.052649
R2S2_TRAIN_8923A4656454,4096.916490,400.136635,383.623278,8286.267363,1185.861774,39.363476,24.976609,49.558531,219.921650,47.499928,107.561508,155.061436,24.799554,158.050515,280.704598,216.754634,32.994330,57.483843,1.650600,504.184305,311.094480
R2S2_TRAIN_059D4FE1C65D,4206.568080,399.036088,388.835618,13545.137198,1160.693165,46.900969,13.437686,48.454371,216.895022,52.214332,122.273582,174.487914,24.690336,148.196344,285.123403,184.100208,34.235631,57.583165,1.651700,510.694278,322.813929
R2S2_TRAIN_762BF1B65551,4172.111795,397.635118,385.773548,11958.339709,1184.339051,42.578628,17.958727,47.753178,219.965966,49.016942,117.341239,166.358180,25.220831,195.580595,288.850104,211.328814,33.169922,57.431234,1.660200,508.971102,314.945718
R2S2_TRAIN_DCC84329FEC6,4242.262914,398.793022,390.105803,12813.489658,1199.928104,44.062500,15.861800,48.504413,220.000228,58.885845,117.828241,176.714087,25.075301,141.981525,287.230891,221.091957,34.528571,57.560241,1.651300,504.599019,321.847641
R2S2_TRAIN_729EAFE0B53B,4145.353709,387.851614,375.342542,10268.512438,1187.325019,42.500000,12.238598,47.629571,219.894173,46.789015,107.501379,154.290394,26.143572,135.734366,288.924821,162.970713,33.192722,57.176625,1.659500,521.384835,338.004645
R2S2_TRAIN_EE789F0B33B8,4118.342626,393.277472,376.466102,8069.366820,1191.656060,41.187500,7.633330,48.360548,219.967366,49.729453,106.490760,156.220213,26.301336,160.766774,289.279916,201.169717,31.341452,57.706210,1.650781,513.649357,324.332284
R2S2_TRAIN_C5512F94DB12,3999.363801,396.366088,383.848756,4037.445847,1187.899664,41.687500,14.232262,48.678720,215.843856,47.390100,117.822446,165.212545,24.192736,216.371922,280.593553,224.895686,30.646452,57.368161,1.662282,501.846088,312.787501
R2S2_TRAIN_FFF8A4F90F39,4287.124162,403.513023,388.324546,13576.244964,1185.837274,41.812500,25.160333,48.179823,219.919578,51.784079,124.054008,175.838087,24.566007,187.925515,284.938276,228.822972,34.478410,57.376619,1.667863,502.643625,316.459479
R2S2_TRAIN_49C39946F870,4225.082234,401.739510,387.338638,12221.131788,1188.848769,42.437500,20.773514,48.225608,219.981435,55.635189,111.171780,166.806969,25.621691,153.607684,293.721810,229.902445,33.159336,57.232879,1.661500,506.467591,321.541676
R2S2_TRAIN_98E032A53A3A,3904.756566,379.609806,369.051037,6107.225228,1200.266338,38.569607,24.063433,47.621361,219.916284,48.622675,107.311947,155.934622,25.422103,175.918270,279.875008,181.772755,31.958184,57.530752,1.658500,506.160517,322.538720
R2S2_TRAIN_AB819B190FC9,4187.626653,398.091955,392.716422,12069.530283,1187.204131,43.314811,13.043345,48.318342,215.954605,55.689377,117.184684,172.874061,24.665491,157.587805,289.336466,218.963256,33.030397,57.565727,1.650000,498.057134,313.446270
R2S2_TRAIN_79D53BD75C40,4255.570792,403.318813,389.817446,13608.643707,1185.917660,46.945789,21.264054,48.931261,214.892400,52.816184,119.411145,172.227329,24.636398,172.802245,289.591066,228.610856,34.174734,57.436708,1.667469,496.454613,307.734883
R2S2_TRAIN_5CC9811444B5,4278.124821,402.315022,388.235163,13207.626010,1182.927453,42.375000,15.610345,48.163852,219.964902,49.472168,119.753619,169.225787,25.601357,156.459179,292.519784,196.444725,33.121482,57.172801,1.662800,520.373451,325.929530
R2S2_TRAIN_68896A3C5EAC,4202.159065,392.404447,387.475181,13631.973395,1180.968901,45.314839,17.143352,48.508326,219.897564,46.310891,121.144050,167.454941,24.763138,130.941882,290.802380,166.324857,31.176322,57.165927,1.659700,505.961834,318.249403
R2S2_TRAIN_1CE9FDE717D5,4177.389144,400.522281,390.836196,12825.526154,1185.173704,44.078453,12.002040,47.332325,218.009674,54.319131,118.369362,172.688492,24.351627,154.142323,283.653834,175.215144,33.100721,56.148151,1.673747,505.398163,320.377961
R2S2_TRAIN_2D8CEB6BDF54,4122.759531,401.332347,387.558624,13647.997302,1155.154134,41.062500,10.845630,47.224562,219.971111,50.188734,119.939066,170.127800,24.995729,149.766548,285.745406,161.578028,35.044676,57.479306,1.654400,506.598154,320.967029
R2S2_TRAIN_D832BC8152FB,4233.035557,398.721686,388.741977,14008.375395,1186.041339,41.875000,6.636017,48.419888,219.945457,49.675494,119.083426,168.758920,25.306651,134.618823,286.728704,152.473518,34.443724,57.328050,1.663381,508.310462,329.509838
R2S2_TRAIN_B2A0C8E66397,4225.424513,392.813176,385.348196,9086.184804,1200.433523,42.812500,4.173154,48.671417,219.959172,50.724343,111.453715,162.178058,26.134820,156.031631,293.913995,185.619341,34.314205,57.643482,1.655895,499.367318,311.231658
R2S2_TRAIN_671B9E8DC00F,4173.013173,394.062561,385.875809,12299.367086,1183.290253,38.210235,12.251267,47.973220,220.004520,50.607136,107.359562,157.966698,25.689402,189.960942,287.137199,216.478782,34.126119,57.559185,1.661500,502.824206,311.144371
R2S2_TRAIN_87753415FE88,4289.881182,395.231547,384.660727,10895.610308,1156.835638,42.062500,11.831225,47.720378,217.952183,46.307622,122.033487,168.341109,25.287057,138.926079,289.730590,142.105385,33.767643,57.065213,1.670574,514.502789,322.498872
R2S2_TRAIN_5E4A79202D49,4239.671491,402.064141,391.705041,12355.128659,1187.154750,46.248779,25.552228,49.016332,219.977452,54.106607,120.482158,174.588765,25.039038,150.120109,288.276270,219.365083,34.506667,57.175941,1.659763,510.698063,311.472633
R2S2_TRAIN_3EC10AC1E672,4132.700486,395.646312,385.163940,12116.043336,1199.985147,39.813896,24.167930,48.556755,217.955482,46.499748,115.708167,162.207915,25.001429,207.622926,278.986891,237.064803,34.512569,57.557742,1.656957,508.147182,323.638825
R2S2_TRAIN_FB675A23F67B,3963.907308,385.480371,377.310965,6154.456202,1186.624376,40.869630,4.969970,48.688796,219.945876,46.878136,111.266990,158.145126,25.151722,167.216140,287.400445,201.464705,32.045681,56.925493,1.662856,495.223038,318.545096
R2S2_TRAIN_28AB3890EE58,4278.807298,397.830598,387.005162,14499.022247,1183.333328,41.812500,5.722065,46.878465,219.947196,52.241279,112.879461,165.120740,25.789072,136.883178,289.952615,204.316357,33.368393,57.569198,1.653300,497.467614,319.189996
R2S2_TRAIN_61B96668F86A,4178.827420,393.536507,384.447043,13080.303029,1181.033252,42.060634,24.559967,48.039597,219.311160,54.052638,116.114976,170.167615,25.125888,139.915972,288.451375,216.753211,32.967814,56.505381,1.665074,533.193927,338.274198
R2S2_TRAIN_ACD09F89DA06,4080.205571,381.028609,376.155435,8718.920213,1186.141370,40.812500,12.935658,49.369560,219.956597,51.732726,101.712395,153.445121,26.260864,183.705668,286.562001,224.238425,33.330407,57.436596,1.658925,492.285028,314.457978
R2S2_TRAIN_A0041806FC30,4223.198107,396.085171,385.129946,12796.433527,1196.864462,46.601728,25.213649,49.646569,219.970082,48.547923,116.367086,164.915008,25.124494,202.870349,289.233364,239.968972,34.317128,57.289820,1.664700,509.820373,317.187167
R2S2_TRAIN_083BB3EFF3EA,4067.873250,390.949739,385.846588,10769.480354,1150.018221,41.937500,23.272263,47.206428,218.007148,46.803425,118.033349,164.836774,25.313060,182.388492,275.314400,225.519615,31.007124,57.135614,1.660700,518.101261,332.134873
R2S2_TRAIN_1C57075916F4,4152.570497,374.733217,371.808984,9513.021292,1195.951278,42.000000,4.991204,48.377576,219.947261,53.468908,105.283043,158.751951,25.869181,145.988572,289.013070,225.434840,32.795492,57.274304,1.659329,512.485302,318.774196
R2S2_TRAIN_A7D93AE7287B,4202.196649,391.228570,381.838788,10204.757854,1185.555603,41.062500,14.216947,48.338068,219.984440,48.811026,108.338180,157.149205,26.620680,164.002814,290.026570,203.851404,33.290790,57.339358,1.658900,500.996743,316.509243
R2S2_TRAIN_876532474378,4253.459444,395.814980,384.259388,11625.978368,1200.817293,44.000000,5.366712,49.411446,220.007547,58.495915,103.554642,162.050557,25.179321,142.058076,288.929009,224.088319,34.456213,57.784084,1.649534,495.365493,306.848005
R2S2_TRAIN_743A1EC6FFCF,4193.002764,398.888847,381.146108,12119.255329,1187.772721,42.062500,24.175167,48.337737,219.923754,50.562849,108.260810,158.823659,26.119610,132.814133,289.831601,172.555448,34.365682,57.153577,1.659500,502.828675,317.996435
R2S2_TRAIN_944C0132BDF6,4253.310311,401.287374,390.116237,10438.322647,1184.274505,41.585961,25.157504,47.875895,220.002577,50.409923,120.535413,170.945336,24.857532,194.746711,294.216017,223.164055,34.348493,57.100355,1.668300,521.757369,315.666138
R2S2_TRAIN_6C8E146FC3CE,4165.060123,397.466665,383.601656,11412.385228,1200.449356,41.812500,24.733987,48.484580,217.982766,56.845325,108.339391,165.184716,25.381583,160.797375,289.750690,229.870828,34.410245,57.124906,1.672476,501.402593,320.406881
R2S2_TRAIN_8C37258AC1A5,4150.831023,393.972582,384.149387,9146.249334,1200.218371,41.375000,15.771994,48.144144,219.983988,47.399419,113.040091,160.439510,25.141937,163.868029,281.137044,215.717953,33.142725,57.460309,1.659500,522.562863,327.334978
R2S2_TRAIN_BEEA4465329A,4253.015722,397.150675,387.189292,12275.068653,1200.403687,43.937500,3.946224,49.395487,220.019983,54.670704,109.131836,163.802541,25.552079,151.121601,289.265826,201.809664,34.304790,57.144055,1.663707,508.074866,317.744546
R2S2_TRAIN_DA55A7828568,4020.348976,392.268329,382.976345,9482.073970,1188.244551,38.863839,15.490478,48.610202,215.999736,47.919936,110.038991,157.958926,25.059060,141.846713,277.720178,194.163939,31.582284,57.832498,1.644310,525.446804,333.941526
R2S2_TRAIN_1CDC93547ED6,4190.710816,393.205067,388.161005,8981.055213,1188.595709,44.834156,24.270047,48.161708,219.952032,52.823352,107.954712,160.778064,25.697750,130.448869,289.559751,174.588718,34.428638,57.420407,1.659420,507.446839,322.049536
R2S2_TRAIN_6AEACB834718,4076.899306,399.574661,388.413240,13553.481481,1156.530151,40.885260,18.422044,47.630070,219.975671,50.506768,116.773908,167.280676,23.603136,177.971163,280.035133,226.892282,31.992082,57.695201,1.651841,514.356586,319.086930
R2S2_TRAIN_859C17ADA472,4149.310853,393.350722,378.440254,10419.212940,1187.798239,37.937500,20.141085,48.612141,219.990252,51.403417,116.794432,168.197850,25.654219,200.211079,292.113256,229.552023,34.234155,57.154243,1.667173,507.678347,319.898620
R2S2_TRAIN_B1D92A220AA7,4163.421610,397.683768,390.470547,13792.790166,1187.478811,42.187500,22.351012,49.212926,219.937740,49.527049,118.634806,168.161855,24.447574,232.412363,276.797302,224.352384,33.548062,57.436457,1.655664,516.525486,321.868765
R2S2_TRAIN_95DED5B3B6EF,3991.227650,387.207689,374.181109,8398.527394,1189.859791,32.762487,22.668117,48.579981,215.938261,53.205144,97.510261,150.715405,25.545731,180.487422,280.831158,224.790905,31.439805,57.498478,1.655800,519.063350,327.437008
R2S2_TRAIN_C576E985FD53,3373.611126,332.057366,372.398508,6159.661068,1181.336057,40.243857,16.543961,48.524675,189.571956,45.996105,101.426726,147.422831,26.155858,163.657350,280.560063,215.262890,31.100085,57.849440,1.645888,503.564858,309.782501
R2S2_TRAIN_F55BB4EDF27F,4231.862708,393.235937,385.336196,14101.363555,1192.722263,43.618951,15.069236,47.462232,219.990626,53.129206,119.119559,172.248765,25.116647,163.026933,296.593783,160.782645,34.984296,57.458847,1.654172,518.803652,336.579532
R2S2_TRAIN_E9FC16F64FFC,4059.884251,390.463070,376.860427,8006.940984,1195.059034,41.375000,13.061685,48.640582,217.990079,51.983052,113.368926,165.351978,25.303738,146.185901,288.246914,195.418205,34.296699,57.652603,1.646813,508.800805,329.057429
R2S2_TRAIN_13436A5AB56A,4144.052276,394.327931,378.240275,8784.882350,1200.077233,41.375000,25.806313,48.477531,219.943054,58.861380,93.135821,151.997201,25.532380,146.424658,287.928035,224.455510,34.294604,57.457973,1.658600,494.570958,311.296188
R2S2_TRAIN_0937F8C96A35,3971.338495,380.723817,370.384911,10292.428884,1187.096243,38.589645,7.988603,47.823822,215.922865,55.622842,98.742822,154.365664,26.017542,156.694177,284.560435,225.202654,32.943145,57.644045,1.658238,509.607953,330.636857
R2S2_TRAIN_FEA7BB5DE4E9,4062.909474,386.327790,375.330821,8635.089172,1184.361314,42.375000,13.328651,48.737723,219.958884,48.727586,107.632495,156.360081,25.715983,179.741147,280.757118,188.267968,31.898421,57.079557,1.657876,509.883703,320.498878
R2S2_TRAIN_466E53E01746,4191.569690,388.808009,379.142807,11342.075889,1199.833531,42.387890,22.468217,48.007640,219.944223,50.598033,110.471563,161.069596,25.328314,189.639677,292.069592,222.730828,34.454592,57.414977,1.655490,503.151756,326.597573
R2S2_TRAIN_94B09DE54FE3,4047.070806,340.885914,318.890332,8996.699773,1200.015417,39.565080,18.564005,48.026342,219.097341,52.217174,100.409515,152.626689,27.187911,146.006988,289.608412,157.355538,32.006585,57.645011,1.650406,526.438326,337.289853
R2S2_TRAIN_8EA0C01EC9F7,4059.884484,396.367669,383.268679,9173.235158,1184.290528,43.125000,18.898211,48.355474,219.900682,53.109528,109.164511,162.274039,25.158060,139.471174,278.521031,180.017044,34.461374,57.292130,1.657775,506.469896,322.512985
R2S2_TRAIN_B38BE08B1747,4231.542305,402.477323,390.356548,10555.529906,1199.620967,42.683571,7.133455,48.565025,219.984149,56.590812,116.901067,173.491878,25.033454,137.638038,292.555998,210.488592,32.620114,57.188099,1.658795,496.031034,307.958473
R2S2_TRAIN_50416695D8BF,4170.195192,398.738259,385.946293,10519.216570,1184.819060,41.375000,8.239210,47.517611,219.958903,50.662784,120.192216,170.855001,25.679132,131.718120,292.955925,218.111269,33.179293,57.388570,1.667524,507.018970,319.944439
R2S2_TRAIN_C048E0322C1F,4081.180643,394.197824,383.581298,9545.941962,1186.325807,41.250000,19.246041,48.157849,186.846920,54.731618,108.659033,163.390651,24.188576,194.204487,274.552468,224.820729,33.602184,57.572475,1.655600,503.224173,319.075112
R2S2_TRAIN_FEAEE2D8B3E4,4217.462585,403.179773,390.679607,8977.905154,1200.195448,42.749535,9.107899,49.057895,219.962904,53.748224,118.144845,171.893069,25.384734,147.309992,291.890626,196.935335,34.496159,57.531342,1.653915,496.390318,309.408242
R2S2_TRAIN_76A78A1D7927,4184.165600,397.843556,382.619625,8977.796281,1186.768139,37.129830,11.478826,46.739684,216.794190,56.351150,107.930126,164.281276,25.330618,167.664591,289.233096,170.169834,32.615574,57.529317,1.656312,510.894601,322.322860
R2S2_TRAIN_1E4C115B603D,4101.758087,389.585230,376.954226,4036.925014,1186.707049,39.364934,6.735223,49.442168,214.885135,50.831251,105.285991,156.117242,25.655938,134.898724,291.572461,231.630514,31.995985,57.717928,1.650600,494.985286,312.778337
R2S2_TRAIN_40019E4BDAB8,4133.207494,387.650726,380.961514,8980.952400,1180.754603,41.312500,24.013240,48.138488,219.924463,50.808247,106.604725,157.412972,26.211067,141.277449,288.314770,196.692354,32.050882,56.996622,1.664997,503.519828,319.229459
R2S2_TRAIN_62C17F3E9AA9,4058.684773,388.463431,379.639704,6102.700429,1200.580513,38.936085,20.357877,49.975772,219.941786,51.921516,107.705359,159.626875,25.420801,187.246229,284.500211,241.889004,33.731458,57.533423,1.653255,496.804772,310.064445
R2S2_TRAIN_B4662A77F63D,4186.718533,394.195341,388.673315,12561.432999,1186.454034,38.420289,27.601929,47.209834,219.969605,45.144480,118.692541,163.837022,25.261062,214.141880,289.243379,238.065395,34.354925,57.514679,1.655262,538.675823,350.099133
R2S2_TRAIN_DEFF14F96174,4022.050317,388.894742,381.310929,6010.691676,1185.673720,41.375000,22.093593,48.013038,219.958738,48.880776,103.531560,152.412336,25.923355,198.052382,286.418437,220.766745,31.384372,57.601645,1.650222,504.860231,328.063378
R2S2_TRAIN_1F5D00C2F23B,4222.905430,405.429737,393.618993,13623.853437,1185.671909,40.937500,10.486917,47.252920,219.989686,53.221810,123.734253,176.956063,24.543940,141.311735,289.282519,162.667234,34.268796,57.335170,1.658800,519.160433,335.481247
R2S2_TRAIN_0D5E99CFCED2,4145.123195,393.500252,379.515301,10393.561430,1185.319757,41.641907,12.411373,48.251078,220.002709,58.649260,104.982162,163.631422,26.107692,147.254300,289.109248,216.351154,34.438345,57.284486,1.660539,505.716130,313.176937
R2S2_TRAIN_83CC470F5454,4144.280600,400.598485,386.057358,9558.467438,1172.114959,42.062500,25.109496,46.743866,219.985157,47.590060,121.240502,168.830562,25.039116,200.497430,285.260916,210.872883,32.615715,57.491966,1.661667,517.310938,320.084335
R2S2_TRAIN_8FE02A2A6659,4312.761776,399.487381,388.688422,11101.811493,1178.736853,45.140405,10.008387,48.019279,220.021639,49.600266,120.425277,170.025543,25.941741,141.362370,294.007901,150.051686,34.217097,56.577261,1.671335,504.883084,318.004932
R2S2_TRAIN_DF063E802C5A,4228.193365,401.006538,386.398280,6247.583361,1187.667247,44.684443,3.692815,49.924973,220.010703,56.131967,117.173261,173.305229,25.596986,143.039340,290.681557,231.917413,34.296122,57.645788,1.652900,492.882036,304.752734
R2S2_TRAIN_25320C7D6C27,4248.781160,393.086703,382.987490,8314.047432,1184.883945,41.204516,10.466723,48.384642,219.949837,56.012641,104.754894,160.767535,25.931769,149.754712,295.864353,237.423714,32.725576,57.365235,1.656323,510.939644,319.945068
R2S2_TRAIN_6ECAE6CD28A5,4232.926510,401.791715,391.472141,11780.161788,1199.982960,45.562500,24.808283,48.550056,220.002480,53.872758,111.916218,165.788976,24.850674,130.549028,291.488093,236.082911,34.514772,57.581007,1.648995,506.615057,320.300307
R2S2_TRAIN_4804065198A9,4129.950610,388.336596,371.536027,7626.437384,1199.672457,35.219620,8.759327,48.215243,212.582957,50.212355,105.185337,155.397692,26.074785,192.314456,290.105298,222.682066,31.999162,57.748824,1.649691,496.807816,314.843730
R2S2_TRAIN_370A8348506B,4144.514291,392.306054,376.123073,8624.328056,1195.914642,33.393827,12.234374,48.197429,219.955906,56.854408,104.362738,161.217146,25.690732,184.274099,287.612387,207.991737,33.075524,57.610400,1.652400,505.152775,329.150555
R2S2_TRAIN_2477EE681DC9,3392.082256,387.873043,380.303040,4149.425050,1200.561688,37.283943,14.173037,49.123728,219.965063,54.917769,100.573820,155.491589,24.661086,179.551430,262.188823,230.314442,33.188990,57.705211,1.650527,506.415959,337.443018
R2S2_TRAIN_B07392B4514B,3972.761790,393.688968,383.608578,8729.881713,1184.292991,41.687500,24.727395,49.247347,219.923962,47.365410,116.321954,163.687364,24.854717,232.412363,262.188823,251.639366,31.454362,57.460736,1.657000,510.429992,314.327257
R2S2_TRAIN_1C6253DB5B86,3981.143921,394.393099,379.598021,12651.327223,1188.096551,40.125000,20.174234,47.945629,219.938989,54.690840,106.238422,160.929261,25.184705,197.117709,282.485674,225.446718,34.414883,57.651258,1.650582,528.038602,326.251312
R2S2_TRAIN_1CD7CEE33A19,4126.085247,397.862333,390.907172,8094.158145,1200.746801,42.062500,9.437480,47.607191,220.058365,52.948743,116.264232,169.212975,24.690243,138.645937,286.315186,214.748438,34.302189,57.714536,1.650192,502.968134,318.520340
R2S2_TRAIN_C80D713CA228,4183.371386,392.891338,387.209094,8234.714812,1199.332752,40.812500,19.917986,49.065080,219.977368,54.481579,112.908052,167.389632,25.884283,145.379628,290.960778,226.462404,34.218440,57.563629,1.653600,505.852614,309.774405
R2S2_TRAIN_8DC289F8AE0D,4205.598349,391.597036,378.043373,12504.290065,1180.746698,40.375000,26.606494,46.715880,219.917337,47.955814,104.972341,152.928155,26.385067,156.639862,293.204512,206.258516,34.419082,57.340351,1.653100,530.351133,349.647974
R2S2_TRAIN_4B245FDF1B1F,4220.624114,395.288100,382.370487,9926.336102,1185.689530,42.125000,23.919560,46.759604,215.934722,47.214602,111.697111,158.911713,26.012310,192.995203,290.317003,219.656310,33.218509,57.292787,1.665345,515.435148,336.432961
R2S2_TRAIN_567B35F912D4,4110.944920,395.463196,385.006310,6913.970221,1186.783358,40.250000,12.611800,49.320791,219.957212,50.270479,103.672096,153.942575,25.732728,147.207681,285.805964,233.722790,31.162458,57.421537,1.663440,493.643484,308.309930
R2S2_TRAIN_B6614F46F2DA,4169.917499,398.412215,386.455044,13273.219511,1183.202776,43.950936,20.611559,47.319685,219.955766,54.176088,117.437128,171.613216,25.306164,127.400104,288.856069,176.350045,34.501175,57.565981,1.655100,509.203053,323.560620
R2S2_TRAIN_6A05D1BA7B64,4128.600186,395.674583,383.416432,12292.015330,1199.360165,39.312500,11.360590,48.697604,219.988112,54.952131,112.796942,167.749073,25.396489,169.856073,284.918346,231.168867,34.103827,57.044884,1.678276,511.254704,319.081728
R2S2_TRAIN_61250E9F976F,4320.306352,399.387608,390.456990,13557.015834,1199.609593,44.875000,7.825751,47.949661,219.953025,51.160806,119.053957,170.214764,25.476418,146.386729,292.109578,162.748772,32.907958,57.420028,1.659336,495.480519,316.957506
R2S2_TRAIN_F2870C76B1D6,4093.744715,395.948040,382.455044,10928.615088,1184.838522,40.766064,5.025516,48.233327,219.945966,52.684193,113.965971,166.650164,25.618239,174.406473,288.658297,216.486067,34.426263,57.512520,1.654300,504.037394,315.481488
R2S2_TRAIN_CD9BC1F840A1,4183.855995,389.079881,377.631140,10352.617001,1183.742951,33.171240,15.697712,48.553250,219.971015,54.299847,105.668598,159.968445,25.931667,169.424724,287.064219,199.168649,33.268401,57.235091,1.670360,518.398078,327.817501
R2S2_TRAIN_FB6A1E9F681E,4221.210485,390.567177,374.536219,13362.050708,1193.820786,41.125000,7.420810,48.094548,218.025688,53.220569,103.394102,156.614671,26.692961,132.653463,292.536374,207.537357,34.386456,57.880303,1.642596,503.384903,331.779292
R2S2_TRAIN_635CEFCEBFFE,4353.142988,405.510873,394.035291,14960.192379,1183.565859,44.954934,12.302834,47.828322,220.033987,50.562801,125.550017,176.112818,24.139742,157.332743,294.367235,172.524801,35.102170,56.386468,1.669548,503.602246,318.789139
R2S2_TRAIN_728A6091055A,3974.626322,382.761128,345.730737,6322.709906,1200.253860,35.927537,15.933273,48.031349,219.925225,48.984741,101.456526,150.441267,25.286123,166.517837,290.488641,177.400301,31.235743,57.392587,1.661002,497.929939,322.238889
R2S2_TRAIN_CBBDA1C11650,4145.419654,399.417500,385.050134,8789.524776,1186.410593,40.875000,18.697520,47.831607,219.947217,47.391633,117.110819,164.502451,23.933189,151.509520,282.684349,218.826112,32.049200,57.468009,1.653600,511.777238,333.256246
R2S2_TRAIN_479D9DE20394,4134.077913,392.917344,381.396822,9070.187793,1187.154050,42.506829,19.603719,49.183814,220.028765,54.716834,107.345759,162.062593,25.635727,175.957165,289.077192,225.326553,32.655240,57.621529,1.653664,494.185541,309.469469
R2S2_TRAIN_2B95A51EF420,4128.817979,392.865411,369.740715,8648.645182,1200.575449,41.125000,6.495857,47.983274,219.990361,56.355020,100.488355,156.843376,26.516852,155.432733,294.201948,221.068292,34.546332,57.381627,1.658549,498.085749,319.538893
R2S2_TRAIN_A05B35420881,4275.645192,401.511628,388.684398,10203.374425,1200.288001,40.625000,20.133450,47.280957,219.972816,54.577602,115.120848,169.698450,24.774755,193.158632,288.211066,225.596699,31.488064,57.345986,1.662638,508.823831,325.133522
R2S2_TRAIN_85786F61B57D,3991.816195,394.340328,382.292104,7997.313450,1159.269340,38.678649,9.521279,47.296289,204.295554,45.591731,115.145507,160.737238,24.532511,178.793540,281.429805,194.182810,31.176282,57.275742,1.662000,508.363815,322.890103
R2S2_TRAIN_5450E245BF05,4223.358709,394.582846,383.407233,13754.509026,1186.551879,41.937500,11.436851,47.089328,217.956600,52.247668,107.098076,159.345744,25.497875,167.183816,289.840526,201.379932,34.883851,57.438271,1.659779,512.983854,328.680763
R2S2_TRAIN_30CCAABCDC7D,4064.313216,393.868853,381.520320,7103.720629,1200.182620,35.619860,7.725617,48.427810,219.940078,55.524424,108.788709,164.313133,25.353903,223.799390,284.421343,237.278361,33.054420,57.578270,1.652400,509.323465,325.253362
R2S2_TRAIN_06B4BFD080DD,4184.932343,393.302151,383.451456,14610.968020,1130.838807,42.875000,26.004401,47.126868,215.007557,46.599096,118.881640,165.480737,25.922187,179.417819,291.389677,203.901002,34.478191,57.127444,1.655684,530.648231,337.678887
R2S2_TRAIN_2F80BAD82D1C,4279.524259,401.045147,389.469340,13819.369388,1189.008381,40.687500,13.823467,46.997883,219.967939,56.850039,108.858842,165.708880,24.845870,160.618998,288.049000,173.286162,34.450387,57.451400,1.649489,511.909399,342.225167
R2S2_TRAIN_450FE3EE6DD8,4169.777737,395.434752,379.470881,7883.420990,1200.280296,42.174575,16.074021,49.419703,220.021151,55.715817,108.637268,164.353085,26.083976,168.790004,289.019166,246.555934,34.063184,57.572997,1.659003,498.393693,314.796590
R2S2_TRAIN_348C3BEA1426,4204.181069,382.531054,371.454035,8628.945499,1200.220483,40.910155,4.447306,48.882993,219.965386,56.692570,102.094975,158.787545,27.050557,149.737446,298.144697,197.560428,31.422255,57.560053,1.650688,495.223856,308.607993
R2S2_TRAIN_FADFE64078A3,4247.498895,399.722280,387.716504,12279.505687,1182.837277,41.500000,6.763700,47.845858,219.986352,57.511360,107.948008,165.459368,25.575869,144.961997,292.959309,213.890343,34.398886,57.459558,1.656500,504.721983,318.270300
R2S2_TRAIN_264C585908DB,4037.280871,400.199009,384.183841,10141.139127,1185.278340,38.313334,27.227493,48.688979,219.918262,46.691520,118.607934,165.299454,24.581422,173.982155,277.912435,234.581954,31.482002,57.660620,1.650754,510.284714,335.732685
R2S2_TRAIN_F4272C299CDD,4251.433754,400.540853,392.724385,9963.801970,1199.366331,44.018775,14.088326,49.487967,219.966005,49.270420,119.157065,168.427485,25.111397,203.834024,287.841912,231.399729,34.915741,57.229495,1.660200,498.033871,308.188355
R2S2_TRAIN_A060FDAFD951,4232.792324,404.359519,388.406378,13059.072268,1186.420514,43.098328,22.944187,46.448853,219.933322,45.656012,125.550017,171.206029,24.080511,184.610973,290.994167,143.559761,34.441141,57.352175,1.670004,530.206379,341.624975
R2S2_TRAIN_BF3A5579DD8F,3702.786731,389.710640,358.148287,9840.995924,1187.885676,37.410464,6.922329,47.544929,216.974334,46.949251,109.039814,155.989065,25.281747,232.412363,284.699684,221.752002,31.380707,56.259284,1.691836,521.559730,337.647248
R2S2_TRAIN_B669FCCF87C2,4041.333056,385.917695,381.149920,5255.025739,1190.271106,38.925796,15.261468,48.052147,219.904975,55.866162,104.355976,160.222137,25.214933,180.681520,284.586274,221.389746,34.302262,57.958215,1.646373,497.141923,316.912350
R2S2_TRAIN_314F63709CDA,4249.013768,399.335110,385.880315,13784.040602,1199.950762,43.414811,23.275504,48.401737,220.033672,55.606239,112.513690,168.119928,26.167522,146.349075,292.569832,222.990056,34.214290,57.491253,1.657300,502.449277,309.475522
R2S2_TRAIN_AD763C6E4DFF,4074.282973,393.932600,381.805148,9068.195046,1186.679026,41.562500,9.290812,48.906200,219.992286,56.443984,108.391154,164.835139,25.284800,165.023568,284.691631,224.258988,34.499544,57.432869,1.654100,499.176760,308.725507
R2S2_TRAIN_4A1F5A8B6BEC,4196.280783,399.905067,385.076865,12157.906664,1184.561888,44.062500,4.287714,49.121731,219.994903,54.563292,117.183024,171.746317,25.766317,164.691534,286.182443,213.218565,34.476185,56.883996,1.671549,503.376666,310.386348
R2S2_TRAIN_BCB69E31F501,4035.439866,392.925013,381.498344,10274.724826,1187.363133,38.504443,13.674450,47.599820,216.968249,52.590266,107.659668,160.249934,25.359278,161.252027,283.308649,215.378194,33.741524,57.719668,1.654676,503.039149,312.980316
R2S2_TRAIN_A66034BADEF5,4179.763201,396.290183,387.048854,13632.012856,1187.162880,46.000000,13.252345,45.856768,219.958834,55.783225,114.001676,169.784901,24.837120,142.821451,288.929113,207.220310,34.214970,57.390048,1.665600,504.939032,323.576410
R2S2_TRAIN_E995DFCF0F8F,4264.365063,394.322563,387.737678,14678.840072,1184.246136,42.500000,7.773315,46.125784,219.960537,54.518101,111.253829,165.771930,26.322646,155.687559,294.641779,206.847074,34.214063,57.184572,1.657467,509.770911,320.414024
R2S2_TRAIN_AD32298802E4,4183.071078,396.870000,384.046981,10941.527021,1196.483985,41.437500,15.083532,48.012690,219.946772,47.802298,118.538227,166.340526,24.774800,187.170281,289.928290,177.744966,33.320885,57.318064,1.663210,505.715510,315.407784
R2S2_TRAIN_42D15E94AEFC,4098.305944,382.736416,379.678665,8177.690429,1189.729180,41.187500,11.999992,48.177718,215.996940,55.001987,99.873115,154.875102,25.577854,142.593546,287.348310,222.191129,32.531378,57.697578,1.656516,506.641646,329.013792
R2S2_TRAIN_5003E1D5D457,4335.038588,399.042265,391.392586,11353.442515,1199.478248,43.375000,13.271081,48.905887,219.972106,51.242211,118.372754,169.614966,25.308062,196.053917,292.634138,213.829662,34.393439,57.189787,1.666208,504.980014,309.846222
R2S2_TRAIN_84D531740CF7,4143.434730,400.676172,387.155652,6252.072171,1187.004069,42.866922,4.518448,48.546320,220.036182,55.198258,118.185889,173.384147,25.361356,149.217835,289.361699,188.005511,32.010085,57.579173,1.658948,497.304877,306.898434
R2S2_TRAIN_F81AF6F4564C,4096.615700,394.060262,378.660320,13553.453643,1180.820468,41.164918,21.651053,45.798740,191.290998,46.662365,119.389916,166.052281,25.280453,154.345241,283.760985,161.737533,31.472284,57.582436,1.651762,525.170694,331.687334
R2S2_TRAIN_4F113D668445,3999.260716,392.549453,376.092368,12932.540630,1183.944029,43.473715,24.706059,48.365191,210.826099,52.647034,108.417442,161.064476,24.083057,156.097233,276.827675,189.441862,34.535070,57.662343,1.649554,519.695920,325.151585
R2S2_TRAIN_91EE92DAB38E,4263.570151,396.602024,383.216425,14758.211624,1183.868017,44.395011,25.603500,46.033217,219.937923,48.375863,121.405372,169.781235,25.173855,163.483393,291.722739,178.834564,34.440709,57.483269,1.652400,530.616322,329.722882
R2S2_TRAIN_6F6B60E4300E,4224.521854,397.150049,385.420781,6131.458525,1184.014869,42.691491,20.728985,49.108908,220.031944,50.275111,116.903790,167.178901,25.303998,166.694202,288.627782,242.843763,32.168281,57.533110,1.655914,502.707207,319.072573
R2S2_TRAIN_587F2E18147A,4031.612612,397.327939,384.806985,6383.751993,1185.696217,37.625721,16.081033,48.241741,216.023295,53.998550,109.515929,163.514479,24.891489,211.463004,275.451136,242.544037,31.269195,57.332188,1.659179,512.131366,320.346302
R2S2_TRAIN_2E58B9F23EBD,4260.695737,399.226514,386.024336,10514.332881,1186.583582,45.616309,7.248863,47.759461,219.961446,54.069203,116.275473,170.344676,25.385416,136.950860,293.099899,153.805069,31.129164,57.574143,1.653700,510.804338,316.862892
R2S2_TRAIN_64FE3CF237A0,4122.855227,383.925289,352.623977,11987.687382,1195.675320,40.875000,14.477555,47.273184,212.531154,53.716008,97.451113,151.167121,26.475860,173.444902,289.298349,214.295989,31.336774,57.365736,1.657290,511.159196,321.168815
R2S2_TRAIN_941D2A893E7C,4272.509910,398.556558,386.219608,6976.967455,1185.132463,41.562500,24.155530,48.578121,220.015785,51.609572,116.473912,168.083484,25.355823,188.276939,289.123806,218.422793,34.191881,56.929880,1.687995,503.638565,323.710603
R2S2_TRAIN_8D7CDD27A216,4101.730460,390.456799,386.910520,10761.456198,1200.389890,35.685688,9.933107,48.432731,217.950702,55.468600,106.314859,161.783459,25.834977,177.918781,285.176691,203.459036,34.302917,57.239760,1.658594,499.954846,321.537886
R2S2_TRAIN_9EA9B5C4BAA4,4110.370694,393.011221,373.423468,6361.014303,1200.222421,34.933841,24.970930,48.966033,217.955328,56.091271,102.769633,158.860904,25.220019,165.269623,289.498335,241.988053,31.278549,57.737075,1.654000,497.269375,318.636609
R2S2_TRAIN_E40E26841C4A,4011.825737,383.194907,375.489167,9214.105483,1184.025181,40.681344,26.677080,47.468914,215.003441,49.060947,107.163844,156.224791,25.618530,159.343641,278.892374,182.105114,33.120411,57.425773,1.658500,525.375026,335.233961
R2S2_TRAIN_1EAEF74A81CC,4095.833369,385.603163,370.381855,10383.936988,1199.965764,39.698498,10.868131,46.859794,219.904482,52.472447,102.627589,155.100036,25.818042,153.900650,289.747846,207.114048,32.078090,57.519790,1.649411,518.844005,343.955574
R2S2_TRAIN_5BF0D25E27D8,4129.322616,360.781258,367.873408,9321.337907,1192.223656,39.974501,10.972102,47.484111,219.983011,50.378803,103.450053,153.828856,27.187911,158.659047,293.752608,218.107828,33.126618,57.326308,1.661683,506.118622,317.810721
R2S2_TRAIN_D224E79618AB,4133.218929,401.356452,385.805519,6153.889698,1187.324106,40.120106,22.278144,47.923426,219.924808,54.323486,116.989264,171.312751,25.071964,158.832439,283.328430,220.657070,32.952118,57.473158,1.661283,516.874471,322.223499
R2S2_TRAIN_68EACAF305B3,4266.354346,398.727714,389.380997,8149.373740,1188.289300,42.562500,8.283016,48.256695,219.991218,58.510091,108.583167,167.093258,24.958016,189.343529,284.793336,236.555424,31.200837,56.996045,1.694465,503.499761,311.042065
R2S2_TRAIN_17D1DF0B4CA6,4223.035906,397.969457,385.548382,6188.388616,1200.468138,39.867184,3.367278,49.986100,220.058267,54.264884,107.550273,161.815157,26.705182,136.665191,292.810741,207.657279,33.155889,56.237459,1.690614,490.115409,304.893717
R2S2_TRAIN_67186EB4825F,4147.493964,382.367213,380.561316,8959.979513,1167.765260,40.937500,21.976399,49.336381,216.003488,52.655601,101.545721,154.201322,25.533553,136.604555,282.527173,175.413629,32.966276,57.249405,1.666307,494.795370,311.760364
R2S2_TRAIN_CD2D39128E9C,4125.993896,395.640589,389.996212,4096.813488,1198.988003,39.313302,11.898925,48.718703,219.987778,47.351495,115.873640,163.225135,25.185780,129.457323,282.854300,222.910103,31.503082,57.347029,1.657900,497.118146,327.265668
R2S2_TRAIN_C3AA9641F170,4340.051200,400.170280,385.529116,11100.392571,1201.146712,47.463704,9.711455,48.317955,220.009641,58.148633,104.425773,162.574407,26.123154,124.674192,296.561191,185.978608,34.962394,57.588923,1.659300,503.673024,314.960388
R2S2_TRAIN_49697FADF1A8,4083.593236,386.902787,370.848344,9357.323437,1181.354856,38.419426,11.325062,47.293273,219.910886,53.191025,106.673222,159.864247,26.220755,164.113371,288.756679,163.014924,33.217080,57.493628,1.657006,509.909306,331.260809
R2S2_TRAIN_D9D1F959844C,3846.125737,387.792100,371.352033,5197.267468,1185.923091,42.207748,20.817572,48.113430,215.939019,51.339665,104.808710,156.148374,25.966602,163.481372,279.531240,220.202025,32.348477,57.572826,1.651000,521.133470,328.505718
R2S2_TRAIN_1559437303BE,4128.683802,391.915465,383.665812,8793.651911,1182.000458,39.192063,25.270291,47.695333,219.953696,50.050693,118.085205,168.135898,25.235828,192.808786,278.198931,219.019464,33.050066,57.281072,1.655600,509.963528,322.880822
R2S2_TRAIN_585DBA253B80,4173.167060,392.007970,378.259283,8504.729626,1190.676532,38.944885,9.016772,47.729196,219.899414,47.027306,108.012388,155.039695,25.771970,160.165754,291.684176,208.389617,34.244830,57.385227,1.663289,506.012201,316.664128
R2S2_TRAIN_24C9B9E28C25,4262.015401,402.833168,388.979389,14104.912279,1184.999870,43.562500,10.024402,48.471621,219.986230,54.439891,116.877390,171.317281,25.516248,166.954110,288.103125,196.349483,34.425667,57.739611,1.650400,503.667635,320.321928
R2S2_TRAIN_24E3CA02FA6F,4191.152940,393.212113,385.745143,11313.861654,1187.271778,45.098882,23.781972,48.631362,219.913906,51.473868,111.060985,162.534853,25.233079,161.923386,290.773704,224.657488,31.594193,57.103217,1.659732,507.580781,324.273397
R2S2_TRAIN_A8A02224CBBA,4266.317090,402.353121,391.593386,12192.181751,1185.586224,40.687500,23.889775,48.850364,217.922599,46.978349,123.407061,170.385410,24.457333,132.684812,288.804072,205.044329,34.303493,57.238080,1.656210,504.330537,321.863573
R2S2_TRAIN_A7E285EB8F74,4317.433876,399.355734,385.890120,12804.505620,1186.984716,45.062500,10.343093,47.933288,220.000569,50.241820,121.926879,172.168698,25.649275,132.403570,294.833465,164.464656,34.458403,57.226374,1.668247,509.165993,318.612529
R2S2_TRAIN_E9A9A3FE81B0,3892.058818,381.652856,378.913576,8440.187186,1184.776232,34.639344,25.766991,48.751214,215.969005,47.861845,107.938430,155.800275,25.485588,168.843803,284.113454,215.978589,31.364936,57.584867,1.648600,505.583780,330.597063
R2S2_TRAIN_B8D49D8CDE6F,4252.398690,398.455076,382.258239,13138.441235,1184.684002,42.560975,5.953690,49.456516,215.963076,46.538121,120.215845,166.753966,25.399104,190.655647,291.890692,161.209327,34.416485,57.176751,1.665108,503.366434,313.706863
R2S2_TRAIN_9F8C2BF8CF0F,4147.492369,394.575650,380.854591,9342.678532,1181.513228,41.625000,16.252035,48.946216,219.976686,46.779053,113.617224,160.396277,25.181916,165.432080,286.103406,220.095232,32.568775,57.105679,1.663187,508.454327,315.358376
R2S2_TRAIN_0337134136CF,4239.013489,392.636160,377.293640,11356.009719,1183.662236,40.375000,7.156598,47.337751,219.961409,43.279656,112.980933,156.260588,26.701162,146.271985,297.643592,154.509552,32.691048,56.420371,1.689564,523.131112,351.407530
R2S2_TRAIN_BBA07BAAA801,4163.833127,398.360102,385.485750,12515.017617,1184.391130,44.363518,12.695947,49.072116,216.023288,47.689084,125.550017,173.239101,24.756034,155.462884,287.360708,188.946970,34.458252,57.127400,1.662000,509.322572,319.633652
R2S2_TRAIN_E85A1CC671AA,4115.587718,395.368894,374.895891,8424.297203,1184.040176,40.125000,17.705201,48.669345,219.922886,50.773818,111.882687,162.656505,26.006944,175.960986,287.778996,232.673813,34.451393,57.486898,1.658546,496.007830,310.436090
R2S2_TRAIN_47CF8A68FA1E,4148.466336,400.975135,386.724347,12729.888178,1199.840177,41.437500,23.350682,47.635958,219.959310,46.916713,119.601844,166.518557,25.069628,172.884461,285.982790,217.700600,34.473868,57.414794,1.657200,513.035187,333.364447
R2S2_TRAIN_5FFEC3BE58FD,4181.650433,388.900957,377.902224,9695.453485,1190.452749,42.687500,14.077965,47.956164,219.941818,50.924403,113.939627,164.864031,25.987688,209.248059,287.726902,203.650943,31.364827,57.560512,1.653345,509.967418,326.979226
R2S2_TRAIN_EFDA4EC237FF,4220.470158,395.220567,387.490910,12011.362887,1185.127246,43.562500,11.149502,48.699727,219.938108,55.617610,107.575532,163.193142,25.751035,120.283385,298.144697,166.373675,34.208837,57.438247,1.654787,509.804105,317.236970
R2S2_TRAIN_4041359D0760,4283.787829,403.616224,390.772206,14960.192379,1139.477251,46.557666,26.371705,47.765902,219.892953,50.580236,123.371875,173.952111,25.247111,155.986063,293.358858,197.197117,34.801974,57.246078,1.659300,528.115273,327.401885
R2S2_TRAIN_0E6CFF4090EF,4229.498728,392.306530,380.980840,8146.112560,1186.798939,41.875000,12.817609,49.027696,219.945052,49.002043,110.219296,159.221339,25.507478,161.046002,292.127478,173.323733,32.954704,57.391076,1.664877,508.290832,321.157064
R2S2_TRAIN_35C8841F75A1,4160.930980,400.037561,384.773483,6165.439854,1187.875227,41.706276,26.451297,49.427102,220.006372,54.921358,116.696417,171.617775,24.669776,216.976709,286.309689,257.375422,34.282712,57.237105,1.668480,505.417649,315.972949
R2S2_TRAIN_401BAD7C2332,4228.091720,401.478134,389.755618,14960.192379,1186.959175,42.965294,9.017679,46.171043,219.952385,51.883244,120.731341,172.614585,24.911817,144.963408,288.120409,169.757475,34.308529,57.478883,1.661494,515.653206,344.995554
R2S2_TRAIN_936CC7E82BAF,4085.828245,394.957059,380.996405,9994.946173,1188.081130,42.000000,17.074444,49.222780,219.909191,58.748609,100.523166,159.271775,25.497335,133.736616,284.805505,256.247613,34.470128,57.897925,1.648872,495.821816,315.784941
R2S2_TRAIN_2BCB8DFF3E40,4097.184863,397.668842,385.996870,7229.293362,1185.664956,40.375000,11.136758,48.276426,212.023873,51.545421,114.233435,165.778856,24.478772,199.207791,270.475719,194.089428,34.243316,57.500103,1.662200,514.231834,320.290806
R2S2_TRAIN_B60D8278F5AB,4138.471790,390.270089,382.090260,10591.946218,1186.012702,46.764209,13.288129,48.737567,219.932644,55.132782,105.953750,161.086531,25.795495,145.016035,291.678889,224.491844,34.478045,57.739659,1.651900,512.867477,312.190017
R2S2_TRAIN_AE58535760AD,4004.465390,385.359949,332.405423,10413.581902,1186.359707,39.835036,24.571126,48.020450,213.540004,46.099934,108.113399,154.213334,25.329257,167.373332,286.775323,220.851916,31.164583,57.446835,1.659819,514.524361,325.156703
R2S2_TRAIN_EF38F9FB6EDD,4212.435218,389.887864,377.347599,11871.574030,1186.764810,39.342983,19.999592,49.248807,219.937570,47.933746,115.395646,163.329392,26.548396,147.419553,291.182760,193.044998,34.300003,57.559677,1.653775,502.198149,321.386765
R2S2_TRAIN_E8732ABDD5D5,3988.527473,383.499970,382.602991,10113.548047,1200.094372,42.375000,14.623904,48.116584,219.891594,53.165132,105.460139,158.625272,25.512717,157.241561,281.713714,189.034883,31.362989,57.543743,1.649096,512.180307,319.257837
R2S2_TRAIN_4FC71114545F,4216.805209,401.678546,391.211331,12852.303055,1185.702051,42.875000,24.752206,48.021350,219.919076,54.948488,120.129200,175.077688,24.707383,151.256838,291.937053,196.882358,34.507605,56.363025,1.678725,522.002100,326.936598
R2S2_TRAIN_5AF0F87CE4E9,4206.304533,395.457580,389.388558,13410.316109,1185.242135,43.754177,17.786098,46.938059,219.979392,47.333439,122.642867,169.976306,24.760791,144.130652,290.935019,169.388151,34.498581,57.694253,1.651314,501.830833,317.633783
R2S2_TRAIN_B3B2C5D34A88,4131.646831,390.469401,380.517814,8667.872422,1189.984193,41.500000,4.892755,47.605033,219.897980,48.152678,112.364655,160.517333,25.153485,150.389872,289.043151,146.105097,32.935287,57.325381,1.660410,513.672599,338.584185
R2S2_TRAIN_68E835629956,4282.650437,401.695136,389.804592,13650.383956,1181.231632,40.812500,14.967877,46.868682,220.029393,55.256144,116.507338,171.763482,25.608143,177.721089,290.666156,215.601791,34.257230,56.337979,1.687009,508.214480,314.345084
R2S2_TRAIN_3CDF84CBD23C,4229.927203,404.612555,392.092851,13951.066866,1186.147202,44.875000,10.345587,46.924209,220.058365,49.684082,121.727528,171.411611,25.014812,142.512864,289.733357,151.899484,34.317137,57.584099,1.653590,517.303052,333.160893
R2S2_TRAIN_34D1F2D148AF,4197.587194,392.756285,384.920433,10868.466083,1182.572852,39.696349,5.366101,47.883822,219.912312,50.874188,109.998775,160.872964,24.737534,166.423824,283.677771,158.579018,32.043507,57.060915,1.663253,510.335730,330.357440
R2S2_TRAIN_2C68FAAEAF99,4088.666453,396.175971,382.775314,8482.822225,1185.976586,40.248431,24.821935,47.878943,219.957841,50.993092,109.713618,160.706710,25.418757,165.423263,278.783593,241.662701,34.212608,57.594619,1.661693,511.517088,333.495222
R2S2_TRAIN_9D600EB46C5C,4175.502385,396.488756,380.827570,4971.425704,1181.030268,40.781698,6.882349,47.854250,219.956061,47.713971,121.668040,169.382011,25.206998,165.648326,284.660812,155.729505,31.210354,57.457010,1.653100,504.241623,324.815070
R2S2_TRAIN_64C4F5592D02,4233.749302,397.857534,383.869623,13759.743147,1194.951196,41.088657,20.727435,47.651545,215.994302,55.808727,112.227234,168.035961,24.750469,160.469847,288.741029,216.511634,35.056030,57.185902,1.671324,508.523892,328.958400
R2S2_TRAIN_51DFA343AE6B,4272.313010,400.171229,389.901559,13194.746174,1199.034728,46.961345,24.777856,47.932014,219.961340,47.751798,119.125933,166.877731,25.704388,142.762268,292.031888,163.223792,33.751559,57.061462,1.665935,505.593220,320.759010
R2S2_TRAIN_6BB7D97D9357,4047.139098,378.899166,360.521805,6965.564346,1184.775210,40.437500,26.977667,47.968787,198.925913,49.617975,103.485219,153.103194,25.738976,163.508537,285.029253,217.825386,33.110924,57.379768,1.662516,522.466436,329.439284
R2S2_TRAIN_AD089EF1341C,4154.807546,399.672095,388.232856,6259.809963,1200.599061,43.025012,24.935376,49.986100,219.994928,54.049414,115.331173,169.380587,24.711765,171.192094,285.300775,224.870406,32.652655,57.703054,1.651764,502.251842,313.078663
R2S2_TRAIN_0E6C9D50AB54,4209.958250,388.326985,379.697254,6106.823897,1200.641188,40.437500,5.036871,48.755252,219.949353,53.633020,104.947310,158.580330,26.193230,172.132818,288.895166,224.278693,34.281416,57.536390,1.656602,504.797198,313.412241
R2S2_TRAIN_B78D11DF60CE,4139.666134,392.587226,383.429961,14644.397475,1185.173828,42.437500,22.942654,47.660666,219.911105,53.545263,112.634483,166.179746,25.641153,180.830430,287.432116,221.611389,34.300379,57.600932,1.658500,512.417666,338.418008
R2S2_TRAIN_32900CE5A443,4251.258562,402.607161,390.622975,12654.980928,1185.153179,42.375000,3.608668,48.339611,219.983211,56.819885,115.690723,172.510607,24.991189,135.788506,286.176269,201.496276,34.559422,57.568359,1.651100,495.153066,305.314459
R2S2_TRAIN_1722F7DDD5AF,4219.830981,388.474033,381.411342,10121.235648,1200.194025,41.250000,21.959627,49.087865,219.973522,53.641012,108.715403,162.356415,25.235545,186.450725,287.133831,208.850282,34.211399,57.707110,1.644548,495.877973,310.094089
R2S2_TRAIN_280F1DE83DDD,4158.734479,393.916843,378.269176,7978.857630,1199.824831,39.906614,25.936907,48.628348,219.943683,53.529919,109.941734,163.471653,25.538486,192.740049,282.207534,231.568798,33.197954,57.611493,1.653132,515.187403,332.432609
R2S2_TRAIN_84265D3520C5,4048.446733,370.892070,371.224900,6083.941443,1150.243732,41.812500,25.454856,48.839163,219.899857,47.992616,107.601284,155.593900,25.286612,148.715051,279.687731,212.647896,31.235980,57.401734,1.665583,505.837877,320.535458
R2S2_TRAIN_EEC84EABB47C,4173.642727,393.524983,378.623902,12051.678163,1184.345277,40.375000,11.470933,49.476205,219.922423,49.276233,112.980068,162.256300,25.770576,142.953400,283.866147,190.338988,32.709133,57.590033,1.653622,496.112969,309.354763
R2S2_TRAIN_9FAF6E013098,4245.469879,400.364467,391.282639,10504.297757,1184.515475,40.812704,24.159335,48.204818,220.029545,52.285486,117.134440,169.419926,25.733309,166.215262,291.907517,188.736412,34.500314,57.559968,1.655745,512.353799,329.079801
R2S2_TRAIN_C239D2B35506,4054.579040,397.528723,386.456438,12737.366536,1184.068079,41.312862,27.360695,48.415837,219.892039,48.351271,118.262006,166.613276,23.613751,218.581916,277.941534,196.924126,31.206061,56.333674,1.677678,534.658773,323.588643
R2S2_TRAIN_D562E999F140,4099.584050,394.892616,382.323730,7080.763363,1188.195358,42.537398,8.205007,49.469828,215.920461,54.798910,108.420429,163.219339,25.031538,161.114519,287.691754,206.601888,32.076840,57.579469,1.651349,502.851369,310.912376
R2S2_TRAIN_D9C8BB0AD875,3689.074347,375.043620,339.651511,4312.087021,1182.798398,32.232777,11.079026,48.168234,211.713072,47.000081,108.549170,155.549251,25.848360,195.645336,277.906104,229.259921,31.010129,57.292307,1.655800,507.030088,324.778914
R2S2_TRAIN_F19F64DEAE02,4191.208096,400.301997,387.948419,14274.660359,1190.415972,46.011696,9.169810,48.151840,219.918076,50.324867,113.614409,163.939277,24.667980,143.117752,286.275321,156.003755,35.025674,57.201500,1.660265,506.540223,315.974093
R2S2_TRAIN_B23D2BEF358E,4193.761179,402.184602,389.145804,12802.113669,1186.322927,40.437500,11.047234,45.988957,219.982258,50.340496,121.255791,171.596286,24.008327,165.053530,288.578163,189.907378,34.275678,57.440508,1.649869,522.294945,328.889391
R2S2_TRAIN_A12DAEB3129F,4184.178232,398.751129,391.994054,13628.081784,1186.292129,42.520663,10.317714,48.413465,219.980804,55.662089,116.345174,172.007263,25.517044,160.881636,287.343640,228.865883,34.348653,57.533524,1.655675,500.051442,311.074260
R2S2_TRAIN_3764F89B151B,4112.709003,381.591869,379.290119,9820.758133,1199.825990,42.337199,25.878926,49.274043,219.969671,54.056060,99.146085,153.202145,26.198565,176.951388,282.344679,239.839624,32.939287,57.467232,1.650272,505.181518,317.448219
R2S2_TRAIN_E8BDC03C614A,4237.810752,393.291391,390.184960,11587.847598,1186.312870,42.125000,15.779357,49.618453,219.952864,48.235150,119.887114,168.122264,25.492189,184.948600,288.504849,228.973407,33.927078,57.455793,1.665493,505.514596,321.851360
R2S2_TRAIN_7F21D37E0B75,4210.617374,386.598063,379.706389,13377.587668,1189.292489,43.118528,12.261237,48.399799,219.989150,57.405054,104.232956,161.638010,25.578598,145.886733,289.098887,196.231399,34.392983,57.476325,1.649468,498.623206,315.676513
R2S2_TRAIN_515BA29A711B,4026.942879,386.042670,380.043730,8103.300843,1200.125806,41.522192,14.270695,49.158250,217.934942,58.024418,105.171463,163.195881,25.144426,151.606165,279.686217,240.864609,31.959268,57.790732,1.652750,502.060644,318.576447
R2S2_TRAIN_7F87CD260E7B,4171.995261,386.500475,382.649986,10192.878492,1185.644567,42.375000,15.630578,48.538800,217.136709,54.917430,109.294101,164.211531,25.241936,153.999016,289.223499,222.027562,32.613659,57.308649,1.669601,517.195008,338.397868
R2S2_TRAIN_F2453440F1C3,4283.752979,393.494338,384.346037,12296.306680,1189.503818,46.588556,4.161559,48.080405,219.948624,58.195043,105.041658,163.236701,25.197216,140.735622,294.049923,192.942474,34.327743,56.304585,1.667153,497.425994,318.672718
R2S2_TRAIN_E9FFAB9CDA49,4169.243023,401.171866,388.173143,13776.544328,1187.771249,42.937500,25.284648,48.560776,219.969511,55.265832,118.517551,173.783382,25.259546,164.637480,289.032000,230.790794,34.498949,57.453052,1.657000,528.282442,331.144892
R2S2_TRAIN_45387E686508,4156.708586,393.485090,384.174490,8040.021229,1195.645358,40.089543,13.142056,48.485727,219.991039,51.061595,113.060268,164.121863,24.732957,201.524267,288.002477,247.535980,31.294709,57.148387,1.686416,507.644989,312.108730
R2S2_TRAIN_3DCFD530D42C,3946.474314,395.261978,382.888074,9605.371316,1130.714451,39.266963,11.643092,47.912605,215.062277,48.246920,115.863981,164.110902,24.980900,187.226844,278.244188,194.768420,31.344965,56.842860,1.674043,511.664942,319.614669
R2S2_TRAIN_44AD39AC23F3,4109.408266,402.786258,384.472068,8106.430618,1195.111133,40.258582,13.700060,47.956152,219.968441,54.668769,112.186882,166.855651,24.865463,153.724527,288.325212,191.171685,31.290604,57.609294,1.654800,502.974134,313.294678
R2S2_TRAIN_59AA11687F59,4124.903272,392.524342,376.717825,7969.834100,1199.750486,42.534167,16.751348,48.872802,217.988260,53.501934,106.589863,160.091797,25.880458,211.162823,287.791640,228.505749,34.514978,57.633732,1.652228,503.119663,320.987204
R2S2_TRAIN_70342D188880,3926.323551,383.595309,381.102885,5146.953112,1183.707774,38.750444,24.477841,48.726955,219.973258,49.919212,106.775204,156.694416,26.051883,166.946253,284.795593,239.433845,31.205357,57.706149,1.649121,498.054090,307.751823
R2S2_TRAIN_C8F4EE00EF6C,4316.072314,392.525695,376.201642,11911.003698,1183.463618,39.625000,6.925812,46.810012,215.997536,47.586502,108.717588,156.304091,26.951704,133.283343,295.172858,150.698894,34.287141,57.506128,1.659866,506.229470,326.923218
R2S2_TRAIN_B56B8168EFBA,4233.542430,397.575027,386.375571,8115.486292,1186.150822,42.882898,5.258282,48.752631,219.989621,52.385852,110.542897,162.928749,26.279569,158.006977,292.989448,226.945554,34.384550,57.453513,1.649311,499.276225,309.736617
R2S2_TRAIN_B9F38A5AA892,4226.036036,395.653870,383.997266,14886.030498,1184.478735,44.724796,14.456091,49.078416,219.953159,55.157704,116.008327,171.166031,24.993091,166.801612,286.761908,219.497127,34.543640,57.563795,1.654300,504.783693,310.043613
R2S2_TRAIN_BBB496A31B2D,3966.518867,383.506154,367.988977,9161.214976,1185.995716,40.479322,10.368722,48.069639,206.980441,55.266626,85.275805,140.542431,25.354168,167.802241,285.581360,234.539450,33.728942,57.465048,1.652400,507.722331,330.488224
R2S2_TRAIN_71F73FFDADEF,4118.257820,385.435172,368.713368,9403.636062,1183.313002,39.312500,24.865121,46.495349,219.910679,44.983482,110.343381,155.326863,25.430363,232.065995,285.342161,224.590715,32.016068,57.430914,1.665583,510.454854,326.033722
R2S2_TRAIN_415B988B9D7A,3373.611126,375.760485,334.440129,11044.618483,1177.513360,40.812500,21.371472,48.631550,215.326743,47.759670,106.405100,154.164771,26.128612,195.009860,271.794303,212.143136,31.235805,57.485873,1.657830,516.339086,327.683764
R2S2_TRAIN_7C85087F19EF,4017.866851,389.037381,374.046388,6209.081778,1187.061788,41.500000,23.311586,49.265476,219.946541,48.456918,109.773066,158.229984,25.282452,149.899895,280.826319,156.676352,32.044652,57.313564,1.664400,495.109898,319.907056
R2S2_TRAIN_D729DCD286B2,4176.786312,393.938006,383.895796,12672.018100,1199.756243,42.062500,11.488884,47.322605,217.942219,47.572518,116.124475,163.696993,26.054734,139.952141,290.488338,175.293239,33.971949,57.252840,1.656500,507.026984,319.428992
R2S2_TRAIN_743A006391FA,4196.159270,402.143760,389.440524,11447.294702,1199.062382,43.062500,24.981512,47.700550,219.905330,49.894788,121.847035,171.741824,23.721420,148.489038,280.187930,216.803427,34.211446,57.647232,1.648679,522.261906,323.956585
R2S2_TRAIN_FF26233F0B2A,4202.329745,400.165078,384.750967,12530.606035,1182.012819,42.000000,11.634417,46.551360,219.853281,48.006863,114.267073,162.273936,25.736041,156.075540,291.784216,152.744362,34.340326,56.717698,1.669898,543.502952,343.114036
R2S2_TRAIN_47E09A371FD4,4079.212012,386.433834,372.731857,10210.659846,1187.434709,41.875000,24.859627,48.531894,219.940550,52.045592,104.870637,156.916229,25.885336,160.699188,285.691993,240.128198,33.082891,56.296481,1.664684,508.252383,323.625938
R2S2_TRAIN_8EA203F86BCA,4039.357016,398.940841,383.220609,6293.461249,1188.955628,38.989972,25.750932,48.316351,215.998172,50.995142,116.035708,167.030850,24.526906,155.502026,281.276140,240.995487,31.974411,57.416089,1.655803,518.640296,322.987926
R2S2_TRAIN_CB9FA4D84CA5,4092.328144,389.571939,370.720586,12510.276625,1194.365876,40.000000,15.557189,46.884695,219.918559,53.602373,105.506065,159.108438,25.978911,144.990150,292.347330,216.401179,32.127375,57.552136,1.657624,518.979318,338.976497
R2S2_TRAIN_F09556702FB6,4116.780177,392.628257,384.828616,12053.439218,1194.165543,38.946907,12.043782,48.143393,215.991931,50.497633,104.758808,155.256441,24.991106,144.748961,289.218742,165.534793,34.294492,57.685881,1.650600,505.106496,321.151720
R2S2_TRAIN_6DBE4D867335,4186.952695,397.804050,388.071219,10429.670941,1188.503643,44.062500,18.734701,48.491518,215.954573,50.064733,120.110607,170.175341,24.910576,145.318514,285.763425,218.066274,33.239650,57.461871,1.654147,506.284637,325.369391
R2S2_TRAIN_CBE8E0660DEB,4219.995218,400.507022,385.231979,12729.064018,1195.917951,46.916117,14.807296,48.775451,219.949252,51.021119,119.745163,170.766282,25.370692,165.057360,290.899682,229.227805,34.238096,57.429807,1.658121,509.343658,329.135466
R2S2_TRAIN_1B58CFB57C68,3953.863386,378.170217,370.079644,8740.100061,1194.338695,37.246980,20.565912,47.488895,214.895593,57.170300,84.136949,141.307249,26.253250,162.110058,285.835060,224.247058,32.347341,57.507503,1.653700,523.109841,338.103865
R2S2_TRAIN_91012976560C,4193.077514,399.909632,388.446024,10012.779626,1199.622871,44.273344,14.428652,49.663380,219.985316,51.994068,114.725112,166.719180,25.786677,173.223840,293.169310,233.569641,34.191851,57.502011,1.658064,496.989002,309.088927
R2S2_TRAIN_B6BDE8EA8FB5,4248.853968,397.894991,386.018046,13131.954449,1186.656054,41.875000,10.127336,47.708088,219.938920,49.701979,116.972962,166.674940,25.731445,143.925787,294.230783,195.639555,34.467061,57.205645,1.668500,515.778169,330.757279
R2S2_TRAIN_8F921CFF8070,4154.469347,392.626645,379.433261,11114.119724,1196.450357,43.500000,23.675569,48.269739,216.018184,48.602318,117.696700,166.299018,25.496854,145.168179,293.003074,161.137997,34.401907,57.556995,1.656883,512.405057,319.294414
R2S2_TRAIN_56F7CF098843,4173.621707,394.147169,382.675460,6549.800496,1200.661097,45.000000,22.043376,49.347261,219.941021,54.645132,107.198666,161.843798,25.703146,151.543902,293.264945,231.722100,34.328380,57.299013,1.661884,495.315403,317.587772
R2S2_TRAIN_65EDCCC166D9,4223.753441,400.167997,386.529197,14145.233757,1178.644355,42.000000,26.432146,48.020007,219.937708,44.948796,122.502936,167.451732,25.465602,183.128242,287.435701,226.124494,33.309031,56.934664,1.662880,511.978737,320.239059
R2S2_TRAIN_312686BD9326,4172.384768,396.591800,382.708424,8776.768086,1188.086800,46.000000,5.677073,49.523903,219.980587,56.745484,106.980267,163.725751,26.382552,139.516953,290.910005,222.284508,32.963890,57.615278,1.658671,490.004020,303.491678
R2S2_TRAIN_E258DCFFE746,4130.147863,391.365890,380.294733,6249.713994,1201.405030,40.875000,22.001444,49.670074,219.962652,56.795019,103.870382,160.665401,25.517506,183.034724,286.060133,244.863340,34.291172,57.597957,1.651500,503.741339,319.565701
R2S2_TRAIN_F15B60BA9136,4120.526471,398.970455,389.147915,12109.611182,1200.575363,41.661243,27.081920,49.422588,219.947180,49.772988,119.360413,169.133401,23.833825,187.503919,278.252226,231.029751,34.915727,57.792782,1.647198,512.826765,330.662096
R2S2_TRAIN_264EE36874AC,4135.049270,396.999824,387.377122,8374.315453,1185.098232,40.937500,11.304518,49.452249,215.991159,45.887284,115.850605,161.737889,25.434764,158.057220,284.955161,188.255974,33.187486,56.321950,1.667487,495.921786,305.917938
R2S2_TRAIN_0D861A18855A,4149.807363,397.660555,384.622621,7341.397829,1186.931565,41.687500,8.257253,49.479252,215.914119,58.477039,106.830719,165.307759,25.430883,129.614220,289.681194,221.132757,33.219120,57.531139,1.663245,492.984851,305.929243
R2S2_TRAIN_7A4840182C39,4274.939627,404.298368,389.713151,13873.619212,1187.310072,43.875000,7.304531,48.012872,220.045663,57.121997,118.300072,175.422068,25.363724,141.465979,289.561217,211.489102,34.526307,57.266071,1.662056,507.486519,321.890832
R2S2_TRAIN_AAC26153B2A7,4306.119989,405.468946,394.035291,13933.965877,1199.643199,44.615095,5.399686,48.855355,220.016580,57.061999,121.065495,178.127495,24.662280,137.913776,293.227055,239.972638,34.539378,57.575625,1.658900,496.329382,306.601930
R2S2_TRAIN_A54BC214F9E5,4077.050149,392.606441,372.469134,8029.286690,1185.785245,39.689919,27.015642,48.611208,219.996276,55.184225,97.197999,152.382223,26.730535,152.482168,286.481032,227.044798,34.464124,57.523366,1.656100,500.814226,319.308534
R2S2_TRAIN_37DC68A1864C,4067.779147,388.973447,378.398323,6453.794743,1180.698237,39.371477,15.586293,48.124605,218.374349,49.094093,112.111390,161.205483,25.390396,171.346531,288.047436,216.365445,31.119642,57.505407,1.655890,513.205643,328.070671
R2S2_TRAIN_84C25D9AFDDB,4189.503722,390.688086,388.687195,11037.354625,1186.726121,40.526489,8.284065,48.779762,218.820859,55.567827,116.040086,171.607912,24.855083,154.098911,292.943174,194.027108,34.440901,57.089112,1.668300,494.684214,307.950272
R2S2_TRAIN_297067359249,4278.575415,394.647812,386.132881,14244.802979,1184.914779,42.750000,10.631658,47.550684,219.984788,52.007889,114.552286,166.560175,25.856203,137.517074,289.295503,161.653278,35.102170,57.779297,1.649601,494.775803,310.722766
R2S2_TRAIN_217F444A1D86,4318.714980,402.111776,392.596034,10049.558188,1189.063189,39.261863,10.043315,49.986100,220.041097,57.102145,116.763572,173.865718,25.006566,146.602727,292.162658,233.392678,34.164109,57.306674,1.660535,491.260730,307.399414
R2S2_TRAIN_607C5029581F,4096.490554,391.434250,372.228670,10368.026985,1174.775046,40.437500,19.560770,48.673355,219.986269,55.414589,103.560477,158.975066,25.867990,151.301167,287.933708,212.304550,32.006099,57.435094,1.658900,512.652304,322.239463
R2S2_TRAIN_F2117D623975,4191.754188,394.575318,380.254775,13013.055768,1180.902284,43.662482,14.872256,49.199580,219.924687,47.734911,108.457471,156.192382,25.829881,149.428048,287.437400,225.320729,34.403529,57.324714,1.666923,500.356497,309.364032
R2S2_TRAIN_BEA5895F3248,4058.794000,391.734712,376.482281,7899.398261,1193.852555,38.125000,12.389995,48.290294,204.130132,55.316693,107.342091,162.658784,24.503181,157.216209,281.359698,224.760984,31.457706,57.363624,1.657111,505.657321,325.932331
R2S2_TRAIN_04F8A24C3EEC,4194.488954,401.895245,388.841641,10775.339763,1184.055927,45.875000,14.815861,48.555056,215.966523,44.564816,123.532586,168.097402,24.869048,145.257539,287.656000,186.185213,34.315231,57.543574,1.654100,508.685718,334.074514
R2S2_TRAIN_D1987E4961B0,4128.725950,394.701447,381.752400,11728.988091,1184.304099,39.625000,25.420508,47.205394,219.964227,48.256128,108.982986,157.239115,25.653705,168.752115,281.310035,180.148838,34.443133,58.035219,1.642410,512.940961,333.055324
R2S2_TRAIN_B85B135A518B,4181.620752,393.296971,381.458383,8261.104072,1200.573315,38.223758,4.581653,48.909519,219.968283,49.329168,109.237802,158.566970,25.305895,158.319300,290.420452,230.943078,34.297494,57.504951,1.669898,502.735756,324.801026
R2S2_TRAIN_471AB88947B3,4065.297359,389.827129,380.115019,9143.597207,1199.998037,41.000000,24.856274,48.688223,217.677828,50.996531,110.405698,161.402229,24.797151,169.119042,277.073917,217.654157,31.213352,57.397687,1.655400,504.441972,314.123161
R2S2_TRAIN_0F5C21D79901,4181.647298,400.229790,387.155644,9122.528022,1188.685785,45.750000,23.901743,48.873770,219.969020,56.630014,113.768506,170.398520,25.178118,160.762336,290.095719,199.601475,34.422910,57.741003,1.648627,502.009483,314.760784
R2S2_TRAIN_DF37D94099E9,4281.221862,404.721622,392.303215,11090.273895,1194.980060,46.425958,3.427579,49.242426,219.985644,52.995451,122.151150,175.146602,24.666453,141.102241,286.590948,220.872023,34.568142,57.662730,1.651100,496.181864,308.790295
R2S2_TRAIN_6AC9791A18EE,4102.462165,397.676042,384.250380,10525.105327,1199.528907,38.618841,5.346533,49.110147,220.028823,58.396154,106.296908,164.693062,25.970594,190.733589,289.447961,222.172654,33.844240,57.531396,1.657763,499.186754,319.900954
R2S2_TRAIN_5FDF2DE83A18,4209.955281,399.029811,381.214207,10346.878102,1200.664778,41.151666,17.694958,48.914344,220.005908,57.813362,109.421507,167.234869,25.840025,140.583824,293.038458,229.796605,34.563313,57.658968,1.649647,509.591108,319.797461
R2S2_TRAIN_0D2BFFC640B1,4165.743495,392.673560,382.704627,14799.658195,1182.823338,44.969173,10.822663,46.565725,219.909114,46.676839,115.483099,162.159938,26.464064,160.966372,285.950883,161.666485,34.406506,57.507639,1.653800,506.395886,324.720872
R2S2_TRAIN_D1B3D9CF979C,4290.754802,401.160836,384.984699,13880.414494,1178.646967,41.312500,11.121626,46.891284,219.906798,50.749842,120.282138,171.031980,25.067530,141.783866,293.927675,145.990404,34.467679,56.400761,1.667028,533.662860,344.225498
R2S2_TRAIN_9CE68847D1D1,4165.916244,394.859263,382.374357,6321.429497,1194.782528,41.452051,7.956565,48.846225,219.943641,49.601935,112.924125,162.526060,25.347454,145.406311,286.454773,169.590473,33.209529,57.567026,1.650600,500.499537,310.538608
R2S2_TRAIN_89CCA741D3D4,4095.016806,384.338979,381.134910,13079.549475,1189.481708,40.608661,20.654381,46.272008,216.913288,46.973226,116.972003,163.945229,25.309345,145.704443,286.827567,216.414208,34.343663,57.509707,1.653127,507.381801,330.721166
R2S2_TRAIN_628BE3EC3EFE,4064.380600,392.700313,384.205643,8514.787598,1188.177286,42.942924,14.457889,48.051412,219.956587,55.152380,110.489827,165.642207,25.168244,178.361810,286.206059,205.502480,32.603079,57.721279,1.649647,506.108344,315.926539
R2S2_TRAIN_85E669A8C89A,4160.147864,394.243779,381.863297,13636.040988,1189.816553,40.370021,10.851006,47.884363,216.928515,51.141801,113.595196,164.736997,25.384385,146.107572,283.391637,221.801998,34.482105,57.495277,1.651652,525.788582,340.491382
R2S2_TRAIN_1C995346D016,4182.522896,390.464002,381.069165,13177.947236,1184.625416,44.375000,11.355147,48.901660,219.983738,53.424794,106.904226,160.329020,26.236632,148.010061,284.130609,201.563368,34.397912,57.686104,1.649791,498.392797,319.601056
R2S2_TRAIN_6DAAB729694B,4300.669066,395.127193,386.055731,14836.816243,1194.179412,44.761652,9.385708,47.258342,215.957869,53.920048,105.775892,159.695940,25.682894,132.277870,298.144697,215.905144,34.884153,57.484704,1.661102,501.453559,312.186544
R2S2_TRAIN_1CF8E4AAB2E4,4192.761162,395.056787,385.641928,11051.195321,1184.590759,42.976313,20.355695,48.008559,219.943717,50.318117,116.771510,167.089627,25.503334,148.515520,288.265220,206.118245,32.023289,56.619078,1.690827,510.047229,334.039373
R2S2_TRAIN_6A49EA5B297D,3989.016016,364.530157,364.745487,12995.542183,1182.464838,40.937500,20.465643,48.430775,204.674123,52.448369,106.345296,158.793665,25.362873,173.063196,283.899384,151.566386,31.533448,57.285366,1.667830,523.693003,333.170847
R2S2_TRAIN_22BA26E16D77,4020.222205,394.791890,388.775201,8126.348154,1188.542504,43.000000,20.265706,49.641103,220.015743,52.287706,114.190661,166.478367,25.107528,168.453468,282.993835,213.330525,34.292553,57.784463,1.650600,498.048067,311.099207
R2S2_TRAIN_9B90D4D031AD,4052.479577,371.981811,371.799335,5232.888968,1199.564938,39.000000,14.837736,48.525808,219.980189,54.276617,102.418151,156.694769,26.656591,138.612715,282.670146,228.088647,32.020867,57.750574,1.646658,496.905831,314.926440
R2S2_TRAIN_8970D63156ED,4133.914500,395.131265,386.068150,9811.853325,1189.502511,41.471651,24.487494,49.543091,219.906541,49.657473,119.528040,169.185513,24.039814,165.046451,282.289092,201.883989,33.353959,57.102702,1.662500,506.921256,322.920714
R2S2_TRAIN_326BE637DCCD,3577.372287,385.886855,370.613484,6830.698441,1171.062725,31.574515,10.464177,48.131893,214.735630,51.988936,115.408139,167.397075,24.445508,202.694989,276.407318,257.375422,31.357055,57.489368,1.655900,506.534903,325.767253
R2S2_TRAIN_E81EA714E4F3,3592.829817,361.028643,341.374606,6305.936546,1184.590882,35.381031,24.091875,48.914548,219.945964,47.624304,114.610336,162.234640,25.742538,194.698969,281.948050,221.409438,31.206926,57.640488,1.653300,506.779045,330.605361
R2S2_TRAIN_B9E9C2B92D50,4202.049434,395.275853,385.236700,10065.107968,1199.708450,45.027024,12.795259,49.980011,219.927903,57.204334,108.432530,165.636864,24.273249,175.203246,288.028581,226.073751,34.372213,57.388047,1.662108,496.770302,320.743779
R2S2_TRAIN_E19230E3B186,4189.106743,396.017803,388.897910,13608.376075,1184.811567,44.875000,15.136349,47.683436,219.990589,48.833075,111.193267,160.026343,25.916305,148.519256,290.790479,210.661998,34.571111,57.647569,1.652400,505.278257,315.645596
R2S2_TRAIN_C22D2FAD8EF4,4097.793524,392.781725,384.257827,12502.130455,1183.191297,42.259737,25.699414,48.014954,184.018330,48.970532,108.014257,156.984789,25.492395,160.354982,290.043624,219.078017,33.125056,57.066731,1.665929,503.485888,323.829650
R2S2_TRAIN_4A170C1D62EE,4225.946211,392.422319,377.834396,13909.801001,1184.882787,43.562500,15.516592,48.826944,220.002760,55.093613,107.932340,163.025953,25.609312,165.267011,294.231112,230.399595,34.282144,57.210922,1.659100,511.428453,321.242065
R2S2_TRAIN_54934F1368F3,4025.267306,384.252143,370.422913,5603.984295,1188.766470,34.971023,14.769952,48.490020,217.064720,54.536162,105.524425,160.060587,25.282725,167.789590,281.489740,231.289927,31.604068,58.052515,1.643412,508.462367,322.937913
R2S2_TRAIN_748BA276B559,4015.507595,392.019385,380.825865,9778.652209,1186.152427,41.875000,10.674748,47.694252,219.969331,50.497163,108.205080,158.702243,25.215211,170.628527,282.300719,193.069026,32.655033,57.338400,1.656603,506.074277,316.125792
R2S2_TRAIN_A61B5C31E877,4205.547120,395.125779,383.149733,12826.414901,1184.285174,41.437500,4.698048,47.974708,219.960258,48.774320,118.370193,167.144513,25.667552,134.487559,293.316690,174.927473,32.678426,57.644650,1.650457,511.785931,325.734305
R2S2_TRAIN_936523A57524,3482.384067,330.582217,358.794235,6275.645432,1186.081230,37.815230,25.120735,48.232075,201.915141,48.019205,109.890870,157.910075,25.262081,216.894541,282.287654,212.111096,31.463789,57.721656,1.648684,511.206208,320.619670
R2S2_TRAIN_FFF8B8FAA6EE,4062.952902,388.109041,343.943211,11256.059278,1186.412335,39.094630,17.851115,46.992389,215.758572,49.784698,106.500892,156.285590,25.784398,171.641500,283.171585,186.499723,34.294288,57.798253,1.653139,515.086223,337.607171
R2S2_TRAIN_73CA4DC3EE0B,4245.039325,401.659973,391.584004,14809.814280,1183.226128,46.812500,6.124894,49.014455,219.960514,56.307928,116.441882,172.749811,25.600074,127.254999,292.964991,151.222099,34.409269,57.289627,1.659404,496.061293,317.252172
R2S2_TRAIN_0154C359B771,4209.400429,402.904010,391.703753,13969.651356,1192.245693,42.937500,25.066421,47.163161,219.985786,48.300945,125.283720,173.584666,24.269191,209.045088,282.470317,214.917952,34.258873,57.186245,1.662500,533.113518,345.270856
R2S2_TRAIN_0DCDF1779BAF,3981.953467,385.089299,351.628898,6332.665738,1187.801628,40.125000,16.117971,48.359705,215.996481,48.471468,105.508170,153.979638,25.488918,160.882703,285.087547,217.201701,32.374438,57.457201,1.658900,505.920833,317.572036
R2S2_TRAIN_BA9CA6C54138,4039.539475,401.347782,384.261794,10977.177459,1187.335920,47.451146,10.350281,48.795107,219.874405,48.995535,117.955884,166.951419,24.708806,151.469403,284.265777,214.266668,33.592187,57.108774,1.664830,509.912352,313.053973
R2S2_TRAIN_6C06FF18D7FA,4035.264035,388.928819,385.299150,8014.908425,1184.037718,40.000000,10.148617,47.832631,219.954606,49.127051,106.532346,155.659397,25.543748,148.544218,284.889266,217.002114,34.292183,57.689491,1.659281,509.177717,331.241287
R2S2_TRAIN_409C563A0C5D,4224.988587,389.559162,380.438911,11598.036739,1187.297982,44.773786,9.523605,48.944144,219.932885,50.558080,115.303414,165.861494,26.325009,150.210737,292.780713,211.923839,33.394983,57.481232,1.659900,500.515986,311.103942
R2S2_TRAIN_04B17674C9AC,4321.769524,405.340241,393.300493,8766.758437,1195.874538,42.062500,12.805497,49.294374,219.987939,48.175273,122.758108,170.933381,24.241986,158.517193,295.831789,213.642076,34.568722,57.378704,1.658198,506.232016,311.337964
R2S2_TRAIN_14093C70798F,4046.193054,399.304409,389.174570,8648.652306,1187.292584,41.062500,23.895614,48.672525,219.947169,50.845937,117.258707,168.104644,24.613561,147.022147,274.345136,232.136931,31.493046,57.665112,1.653600,506.345528,313.173566
R2S2_TRAIN_30959C8C0ED3,4264.293782,402.701280,388.155858,14622.608639,1186.726961,41.816832,15.968890,45.798740,219.954883,47.978295,122.223826,170.202120,24.284111,222.333773,288.081152,210.252412,33.701304,57.161315,1.660900,538.578200,342.146488
R2S2_TRAIN_DD52C72327FD,4277.806340,402.426271,390.215425,12504.888531,1178.145430,40.875000,12.257137,46.480714,219.980670,47.977240,121.289423,169.266663,25.181740,123.903744,293.125114,181.564358,34.214244,56.415392,1.674131,508.112812,316.616276
R2S2_TRAIN_2617328C2C99,4164.513641,390.180019,376.661422,8795.472387,1200.452779,37.344965,24.186920,48.419881,219.906561,53.746728,108.424145,162.170873,26.189455,175.837088,287.622882,224.030639,34.093221,57.569470,1.647403,508.638762,322.118404
R2S2_TRAIN_77846A98A4F7,4153.953618,398.419526,385.147368,9183.572205,1178.540382,42.697660,3.531584,49.177922,220.011528,49.807976,115.333045,165.141021,24.809074,151.627467,287.893333,188.969227,32.453807,57.213268,1.671237,490.108143,305.189056
R2S2_TRAIN_F9971C3391EA,4227.700910,391.800227,382.285081,11476.812259,1192.182194,42.437500,9.952222,46.929166,219.968649,47.787516,112.213018,160.000534,25.437157,155.280459,286.581544,229.406100,34.329693,57.647545,1.652400,536.430499,336.516939
R2S2_TRAIN_FBF07E5BC8B4,4126.252370,389.764154,378.687834,10294.121868,1193.216853,40.050925,12.398647,49.018067,218.625949,57.569417,100.367262,157.936679,25.865725,157.140813,286.447576,218.914886,33.241571,57.816442,1.644992,503.490273,316.632441
R2S2_TRAIN_1B81C18034FB,4223.989431,399.101992,391.240626,13168.196890,1184.708707,43.250000,23.081469,48.858520,219.977978,46.107064,124.149312,170.256376,24.529707,188.031303,284.179777,222.912264,33.751303,56.142835,1.690631,509.256799,322.881375
R2S2_TRAIN_41AAB1683800,4138.826826,390.680414,378.850399,8794.834170,1189.641707,43.002929,17.664128,49.018686,219.935444,51.934249,106.355986,158.290235,25.139759,136.125024,285.186563,183.438939,34.541848,57.427213,1.655600,505.982998,314.595432
R2S2_TRAIN_05C450542ECC,4074.625678,380.434958,376.247203,6148.931368,1199.678828,40.332866,12.334994,49.545610,219.978647,52.926130,96.753847,149.679977,25.596322,153.438783,289.955720,226.865124,32.628936,57.305657,1.661766,504.632236,311.161196
R2S2_TRAIN_96B5BEED865B,4127.186887,387.726285,379.118049,12870.629884,1187.773877,36.964531,24.570804,46.891702,212.604111,45.756446,115.117641,160.874086,25.032266,147.272368,283.951842,228.165965,34.903738,57.535213,1.652473,526.830074,337.546871
R2S2_TRAIN_7B35242429A0,3868.789883,384.586463,373.936999,6196.427722,1187.234055,40.000000,12.791528,48.044380,182.659214,49.151851,104.560477,153.712328,25.769877,150.321290,277.087320,177.943791,33.310239,57.526756,1.653800,508.544038,328.208057
R2S2_TRAIN_49CCC66A9ED6,3481.031461,327.477791,369.890046,5955.987412,1185.151653,40.687500,25.102026,47.240711,216.914854,49.872745,106.235674,156.108420,24.901284,207.504876,276.203198,224.422669,31.122656,57.826676,1.650200,510.006173,332.830066
R2S2_TRAIN_0A620312A351,4215.492845,390.566942,382.931472,11062.347085,1194.014406,39.891552,14.706997,47.943569,220.024921,48.872725,102.282689,151.155414,27.148396,150.977471,295.993561,194.249378,32.242186,57.786385,1.650702,506.791801,327.505983
R2S2_TRAIN_3337F394F4C4,4055.942834,389.555021,382.958338,9537.065615,1185.613152,38.936782,17.892537,47.617752,215.979650,51.163407,108.560627,159.724034,24.831932,215.525943,277.367574,226.600131,31.152984,56.265649,1.695200,525.593177,333.207137
R2S2_TRAIN_F7F4E2C958F9,4170.011242,398.497684,387.246856,12368.768869,1186.676244,38.431178,10.471275,48.765609,215.914671,53.087920,113.225569,166.313489,25.487295,133.953051,291.586110,225.214056,33.980790,57.664364,1.656183,503.253867,317.591713
R2S2_TRAIN_395628C1DA36,4222.596210,391.118699,381.984256,12994.636756,1181.422013,41.000000,13.241194,48.061236,219.927682,50.782462,114.826062,165.608524,25.957365,167.764145,292.089057,214.438327,34.515175,56.521928,1.673824,511.693902,328.854400
R2S2_TRAIN_409B45CA09F4,4230.796598,397.398542,385.792407,12571.412675,1185.639965,41.875000,20.322389,48.249875,219.966669,48.119447,119.280784,167.400231,25.822262,155.069323,290.726905,182.528899,33.185239,57.375928,1.664701,513.268590,329.066484
R2S2_TRAIN_7CBCE06AC960,4149.657968,401.863176,385.242011,10011.764255,1186.182682,44.638602,25.560426,47.379388,208.154868,47.397217,118.700288,166.097505,24.462549,195.815580,285.961284,225.427323,33.095264,57.612470,1.654729,511.715541,338.576113
R2S2_TRAIN_5E56E8A9AC51,4238.811427,396.724795,389.470013,12519.762753,1184.055541,40.375000,10.668984,47.793138,219.957531,47.989581,116.437720,164.427301,25.507528,154.131148,287.034965,216.899311,34.530754,57.323902,1.660357,500.254580,320.290087
R2S2_TRAIN_44F7D3C6D350,4129.735951,394.357270,380.760028,6334.429483,1194.204755,39.036807,10.700207,48.923514,217.954817,55.789519,107.342290,163.131808,25.147685,150.273690,286.700619,198.932668,31.203695,57.553415,1.659300,493.485535,315.241961
R2S2_TRAIN_D1F1106B6DF3,4328.772366,400.550765,387.351454,14915.643221,1185.473610,44.125000,13.045378,47.703388,220.027671,54.828379,119.421364,174.249743,25.422224,155.906049,291.251487,188.733757,34.587714,57.408967,1.656500,506.327547,324.033775
R2S2_TRAIN_AFB88FAC6B94,4152.013606,398.101491,388.987643,13713.766095,1179.453142,43.062500,12.267447,48.146243,215.916057,52.343264,108.199656,160.542920,25.539434,180.032455,287.695573,200.520181,33.130858,56.985972,1.669240,523.290407,342.821517
R2S2_TRAIN_907E8B3C5719,4113.660532,392.430702,377.819177,7114.629423,1200.536544,42.054754,21.014222,49.158491,219.903735,48.860382,109.627502,158.487884,25.420776,149.026809,289.620579,200.296679,34.229360,57.779125,1.647573,503.317298,318.594083
R2S2_TRAIN_DB569A9E6770,4220.211579,397.464245,387.502101,9798.319338,1194.104453,42.148369,5.703441,48.849284,220.004111,53.101532,111.741577,164.843109,26.538907,150.285908,291.626210,197.406755,32.967618,57.335244,1.660900,500.184912,318.679909
R2S2_TRAIN_B9BBBE9915A6,4190.893935,397.311546,383.233665,10199.228055,1199.957681,41.312500,6.513546,48.621872,219.997901,53.474269,109.952064,163.426333,26.402022,146.606850,291.319877,223.433791,34.145832,57.533332,1.651078,498.036430,318.613523
R2S2_TRAIN_9CA34FACBC6A,4139.493094,399.064585,386.095945,7006.974938,1187.074137,42.312500,12.408819,49.533457,219.942725,53.940821,114.919816,168.860637,24.806566,142.588783,288.840027,205.915062,31.394095,57.544453,1.655100,507.760744,312.318267
R2S2_TRAIN_019502265728,4291.058678,403.471053,391.142741,13577.873781,1184.930214,43.247884,6.901220,48.264514,219.972198,49.802995,120.698461,170.501456,25.272905,228.763752,293.887365,228.796516,34.962440,56.302564,1.666208,503.256324,311.559442
R2S2_TRAIN_B76D9C038DC5,4240.748791,400.995328,390.246820,11915.923054,1184.691279,43.562500,26.372698,48.331985,220.052392,53.620856,115.376830,168.997686,25.016902,177.688956,288.541803,222.092027,34.465259,57.333397,1.656262,507.091318,314.495575
R2S2_TRAIN_C6BB7B80A43A,4170.559661,399.412983,385.673067,9222.894495,1184.969097,42.511647,7.867290,48.808671,219.964991,49.614872,117.319819,166.934691,24.538681,165.016077,287.088022,212.087012,33.400790,57.299811,1.661400,506.433851,310.834750
R2S2_TRAIN_E624E43696CB,4002.077641,371.109026,378.732430,6217.839655,1195.094499,41.511727,20.616905,49.798806,215.850573,49.820772,106.212164,156.032936,25.867634,170.080176,282.149800,222.784853,32.684892,58.052515,1.641333,503.019703,314.728335
R2S2_TRAIN_867506E9D962,4088.510854,392.551497,386.064426,9480.700198,1195.221308,41.437500,9.442397,48.874761,219.960182,54.650006,105.654332,160.304338,24.624271,172.834120,282.187517,243.286433,33.020132,57.758598,1.647638,504.133680,323.188744
R2S2_TRAIN_11A322F672D1,4230.464814,403.372269,388.483610,13133.095976,1183.211868,42.250000,3.465843,46.950671,220.042823,48.539575,121.951454,170.491029,24.695810,133.026388,287.705402,153.028140,33.340054,57.158037,1.664700,504.980142,313.534588
R2S2_TRAIN_35F33FE33336,4086.565007,392.998864,382.366842,12283.986555,1181.645260,38.214695,26.082721,47.242683,184.801123,49.374472,111.548772,160.923244,25.066185,198.925718,284.193617,187.933001,31.470882,57.435901,1.654800,530.684689,352.719190
R2S2_TRAIN_AF4D38ABB08D,4122.729413,392.072725,381.783141,10200.118665,1160.576006,40.501560,17.233607,46.011671,215.972756,46.602307,115.356192,161.958499,24.754392,213.308320,283.222429,197.654514,32.682639,57.271549,1.664501,523.500954,332.670317
R2S2_TRAIN_641CDBA4537E,4238.022284,395.409291,386.248393,14628.470378,1187.478475,45.371602,24.445335,47.342588,218.288676,48.428025,117.832799,166.260824,26.352660,142.444503,293.982709,229.810253,32.727371,57.165844,1.667475,512.921653,329.684063
R2S2_TRAIN_A6CCF0801C38,4088.801169,393.276018,377.548369,7168.635973,1197.519920,36.987562,9.392909,48.683276,215.976567,51.584369,112.391756,163.976126,23.844233,167.082032,285.128102,216.695346,31.352216,56.600960,1.666317,503.669762,319.319913
R2S2_TRAIN_CBA2B1684EB7,4231.483459,401.208281,391.117921,10391.429639,1186.380575,43.375000,24.925991,47.941609,219.973448,49.636402,116.706456,166.342858,25.261660,190.243804,290.824075,214.681411,34.428180,57.580017,1.655007,508.817270,313.394205
R2S2_TRAIN_AF9F746B7431,4099.693829,393.821539,383.350724,6871.797714,1182.724130,34.810508,4.826064,48.650900,219.947451,56.988640,106.018733,163.007374,25.051600,155.339842,282.329891,206.748615,33.217170,57.106322,1.691518,509.227339,321.892954
R2S2_TRAIN_274651CAB752,4241.794140,394.029160,384.458290,9108.485629,1183.370710,34.052672,13.324129,48.646521,219.947103,54.002107,110.175528,164.177635,25.553279,171.609406,288.756921,226.831074,31.206602,57.058628,1.689504,507.378036,326.236624
R2S2_TRAIN_06512BD7F86B,4092.131906,394.467338,376.024704,12501.398942,1182.748051,42.025260,23.115292,48.612169,219.925490,47.162178,119.278889,166.441067,24.989584,145.981929,285.793434,155.440640,33.106048,57.761482,1.648905,500.577584,321.220781
R2S2_TRAIN_587DFE79ABEC,4121.204935,395.807627,382.691282,11999.143714,1200.460283,41.125000,15.315135,49.660392,219.981265,56.900591,112.391086,169.291676,25.016294,170.279448,287.138874,223.492955,34.317331,57.719434,1.649855,506.255922,328.254786
R2S2_TRAIN_E1D088279CC6,4093.967026,395.629305,384.460164,10271.901978,1187.409701,42.915387,6.044865,48.511787,219.957073,54.266288,114.678698,168.944986,25.238468,161.773805,284.625754,226.139267,32.654218,57.362087,1.655700,493.583950,310.037204
R2S2_TRAIN_6A570F676614,3704.315673,368.981456,377.293461,6106.816529,1189.006877,35.919839,23.849705,48.149508,219.948685,48.101141,105.236789,153.337930,25.396198,168.065147,282.720657,218.861880,34.144424,58.007470,1.640953,508.263099,324.529937
R2S2_TRAIN_EF7708496670,4248.192987,400.788934,389.200286,10462.624223,1182.540152,42.000000,10.535688,48.378917,219.938260,52.610823,118.886364,171.497187,24.826165,146.393306,287.258863,183.183253,32.594414,56.655400,1.666483,503.419479,321.065885
R2S2_TRAIN_0280BD314BF3,4247.790038,389.666354,382.953482,14653.930767,1185.401733,43.751819,23.971355,46.279687,220.009065,55.575352,106.432661,162.008012,26.763893,140.653556,292.649381,199.944295,34.579666,57.578132,1.660400,522.903993,330.480228
R2S2_TRAIN_479CEFE1EE16,4189.069397,396.990709,379.765004,10350.448628,1186.798930,42.875000,14.054527,47.829974,217.986545,57.502722,107.975399,165.478121,25.507227,151.102794,289.244349,217.061827,31.222106,57.235200,1.661453,509.044295,322.555328
R2S2_TRAIN_01A7B85EA45A,3961.015501,386.608887,371.781095,6311.373830,1199.333822,34.862445,16.557683,48.202884,204.274056,56.397021,91.109927,147.506949,25.655128,179.784954,281.079854,223.117978,33.956807,57.509572,1.651300,508.460475,330.243170
R2S2_TRAIN_78228DF07F27,4066.227908,392.643654,367.966525,13015.754188,1181.363272,41.125000,12.534820,47.174027,215.938275,46.214438,115.922008,162.136446,25.225184,182.378798,282.835864,165.514529,34.264386,57.404115,1.655600,513.335771,335.982326
R2S2_TRAIN_BE1475C538DB,4112.762704,400.837437,386.326208,11202.935039,1186.085051,39.756687,25.585045,48.554026,215.918832,53.814797,115.870583,169.685380,23.518108,163.126099,282.550538,251.599896,34.518772,57.603894,1.651438,522.686971,328.467170
R2S2_TRAIN_86EDEA593103,4053.424758,385.428573,371.443432,10041.519943,1193.181976,41.421240,18.777641,48.428898,219.942836,55.468128,100.094485,155.562614,25.816837,147.245713,287.112030,208.427188,34.248990,57.657631,1.654903,504.975440,326.752062
R2S2_TRAIN_16352A217906,4176.284301,392.321364,375.210592,12679.330249,1168.065384,46.000000,17.222062,48.140308,219.928218,47.194089,115.880422,163.074511,26.070974,137.751847,291.134375,166.192759,34.296836,57.508860,1.651550,513.525339,310.385079
R2S2_TRAIN_D01683A55E8D,4050.441652,383.327173,380.884259,9781.131667,1200.093703,40.250000,14.182555,49.362308,219.957157,55.002510,103.547634,158.550145,25.413588,152.855419,283.413936,220.042748,32.044484,57.465890,1.654900,499.603994,314.179110
R2S2_TRAIN_F86840B5E283,4160.337818,399.572491,388.642025,8258.877214,1199.301552,40.687500,9.571828,48.296961,219.975910,59.382908,112.893571,172.276479,25.429421,132.441920,288.830962,252.786958,32.361697,57.572350,1.655600,496.814017,315.104756
R2S2_TRAIN_B389381E4472,3636.182617,388.528456,378.767684,4145.259095,1195.208452,41.125000,5.764034,49.642674,219.996942,52.684458,107.973522,160.657979,25.945679,222.808120,284.008666,239.712583,31.130876,57.250094,1.665376,497.267495,309.729002
R2S2_TRAIN_2846F9A681F1,4273.486779,400.278027,386.879571,13383.367725,1192.319644,43.250000,16.463153,48.846426,219.983116,57.854389,100.958643,158.813032,25.792078,167.811392,291.876104,228.591586,34.354442,57.687358,1.655008,502.580221,315.150140
R2S2_TRAIN_52CF43B569A9,4189.111758,390.293063,382.996974,12516.774213,1187.461850,43.125000,14.650500,48.201569,219.988185,53.234947,99.315377,152.550324,26.807504,151.402041,292.665606,199.200541,34.870199,57.282316,1.670738,516.602007,330.052515
R2S2_TRAIN_11317DF796E4,4192.828711,394.779028,384.451491,7189.810490,1187.432714,41.275702,24.373941,48.750595,219.930484,54.772647,116.498510,171.271156,24.540401,169.212794,284.830332,162.438532,32.653388,57.495408,1.655944,504.243550,324.791612
R2S2_TRAIN_DBA56146F867,4171.903294,393.845669,386.663781,10553.685826,1199.559295,42.125000,26.309930,48.822146,219.968313,48.023369,117.726090,165.749459,25.486017,182.421224,288.458782,236.938505,31.590452,57.168890,1.689156,528.173496,338.636974
R2S2_TRAIN_5EAC1A2974EA,3750.406099,391.198246,382.067206,6330.681030,1187.321936,43.998584,13.853181,48.366357,219.990398,57.643210,105.738678,163.381888,24.757793,169.912054,273.371977,221.477031,32.536722,57.265633,1.664299,512.397609,317.577265
R2S2_TRAIN_1FCB20822389,4086.733850,391.647752,377.239378,9762.778357,1186.698172,42.251127,24.913983,48.204790,219.950646,48.600189,113.534760,162.134949,24.658672,157.646224,282.177324,214.556559,32.006256,57.422725,1.663721,510.244258,332.657135
R2S2_TRAIN_9AEB42CA4F32,4350.981835,401.829280,391.715343,10426.408965,1200.566811,45.450690,5.553055,48.032259,220.021677,58.932980,104.695453,163.628433,26.679622,142.337680,296.216803,210.210052,34.385325,57.535123,1.657000,493.940131,308.960967
R2S2_TRAIN_D6D5B36F14E2,4276.301576,399.894971,386.034533,14591.485777,1180.866722,43.862373,11.880291,46.446857,219.909913,46.677111,119.996474,166.673585,25.418920,166.800538,294.402419,190.674965,34.254050,57.382951,1.666683,518.010877,346.154241
R2S2_TRAIN_D25BF909BD79,4246.904896,402.414133,387.206952,12693.971852,1200.952038,42.000000,23.247262,48.660785,220.044114,59.382908,108.578063,167.960971,25.543174,153.925166,292.947174,237.590422,34.998850,57.486301,1.653040,511.897448,326.375375
R2S2_TRAIN_4A3E97EE464F,4164.586733,392.758047,383.622544,13819.338227,1187.712772,45.245812,24.568000,47.231491,219.963747,49.799331,112.419640,162.218971,25.490516,164.540173,289.233668,194.885966,34.341956,57.394619,1.656603,516.938719,333.340433
R2S2_TRAIN_A725377E348C,3729.979126,384.148442,375.510223,5358.766521,1183.946819,39.127301,10.883619,48.247934,219.972972,54.536908,101.582816,156.119724,25.729870,224.832278,274.516844,226.575685,31.100821,57.364368,1.654674,498.555238,309.760598
R2S2_TRAIN_8D5D138BF89E,4127.444211,393.579444,386.070138,8214.875206,1191.977636,40.937500,10.885510,48.108119,219.950537,54.996212,107.663299,162.659511,25.466666,164.682022,284.701301,227.051566,31.578931,57.195986,1.662500,507.638434,320.635451
R2S2_TRAIN_7D60938D096F,4156.163189,393.577832,385.795163,9088.594928,1187.312412,40.937500,24.351370,48.626699,219.989742,50.436541,106.519647,156.956189,26.334473,129.543990,285.720362,209.785151,34.247155,57.656491,1.655600,511.463624,322.540094
R2S2_TRAIN_288342619E85,4161.246142,396.178692,382.680519,10893.720979,1184.930256,42.014822,22.973006,48.060371,219.952464,48.118971,115.991313,164.110284,24.926076,226.760968,286.734882,226.145019,32.722912,57.243842,1.677179,515.680286,329.482627
R2S2_TRAIN_EE292C2A56B9,3925.815180,392.932753,380.085371,5112.075378,1146.093978,36.542034,11.267475,48.567057,215.969762,49.471832,114.022021,163.493853,24.389194,203.879337,271.412872,239.129362,31.189303,57.238010,1.662222,503.637937,325.165456
R2S2_TRAIN_6790485DABED,4149.658853,374.526092,376.646577,6347.303578,1200.590168,39.000000,13.141147,48.405963,219.915634,55.498917,99.948132,155.447049,26.732753,140.068871,290.856908,199.287551,31.381864,57.113954,1.659300,494.738013,323.596024
R2S2_TRAIN_4F23F117D895,4205.880615,399.323936,389.403823,11782.711202,1187.037454,43.064291,25.126035,49.205849,219.956100,57.593704,106.961280,164.554984,25.237307,163.689922,289.215277,224.695975,32.415592,57.532822,1.653600,515.946325,323.742074
R2S2_TRAIN_0FE90BBD7E46,4156.884066,395.518606,386.082695,13674.540611,1200.448261,43.084622,22.526162,48.518355,220.012207,56.127880,114.347274,170.475155,25.027062,142.685892,286.699873,208.640076,34.942910,57.315601,1.658331,504.599607,311.054111
R2S2_TRAIN_FB6C7681CA02,4238.355732,392.317874,387.737522,9164.451662,1199.869800,45.486020,14.397551,49.787337,219.976688,56.478226,105.608486,162.086712,25.626944,132.820657,291.700429,192.680801,33.277649,56.388962,1.688420,495.380023,307.877742
R2S2_TRAIN_AC00BF1CB4D1,4160.332008,397.773200,388.477412,10447.859629,1189.267528,44.555654,10.209361,48.603712,219.961578,50.318736,111.692324,162.011059,25.409920,150.246758,291.028503,217.531437,34.896245,57.886081,1.649519,503.733606,316.408710
R2S2_TRAIN_A3E131086E74,4319.688865,400.027962,387.290849,14330.648249,1184.724706,44.230951,12.520205,47.194669,219.966814,47.647691,116.786964,164.434656,25.480528,175.766769,289.232532,160.163246,33.762854,57.336935,1.656893,529.048397,335.963777
R2S2_TRAIN_8790A4ED349C,3895.385785,390.158688,377.625875,10522.381085,1185.468267,42.000000,15.111807,49.273388,219.990304,49.645001,106.998509,156.643510,24.783233,157.499069,274.316515,225.048653,32.814663,58.037167,1.642785,496.392779,306.735278
R2S2_TRAIN_C98A57364A9B,4240.039181,402.598237,393.249427,10527.144256,1200.449829,39.883924,7.698091,48.540249,219.983964,58.026902,119.034235,177.061137,24.690309,163.731938,290.577119,202.453052,33.157178,57.532082,1.654325,493.927086,307.763353
R2S2_TRAIN_942DFFA57933,4191.741300,390.017163,367.309682,8027.659827,1200.118970,41.477467,16.090103,48.059569,219.923073,52.266452,96.937765,149.204216,26.861661,139.623160,295.739493,186.608704,32.022123,57.332378,1.653724,494.734709,311.987761
R2S2_TRAIN_9507E6257F1F,4254.603864,404.451500,392.346121,8295.968229,1184.339219,43.719717,21.232044,48.159845,219.995125,57.467782,119.291981,176.759763,24.867108,194.452011,290.584475,236.062164,34.190947,56.895814,1.689772,508.914829,328.552226
R2S2_TRAIN_07F8BCB283C8,4208.636127,394.373224,377.671961,9380.058746,1199.521123,42.937500,27.253983,48.827880,217.015539,50.410572,100.957093,151.367665,26.436739,133.726106,289.627908,221.389681,34.239305,57.752356,1.651838,531.693258,343.920433
R2S2_TRAIN_754B1FE13B45,4116.361088,389.683534,377.396769,11137.541197,1200.932225,42.437500,14.802671,49.139761,219.975798,57.464464,101.328054,158.792518,25.420761,129.754815,293.017444,228.737495,34.301018,57.897350,1.647842,492.215269,306.788416
R2S2_TRAIN_C408DE6CFDD4,4123.799593,394.025946,376.497889,10004.941542,1178.535639,42.062500,11.695588,47.388747,219.947150,47.921759,115.513387,163.435147,25.540504,126.562773,282.052396,200.349420,31.358295,57.355251,1.658800,509.780494,318.629983
R2S2_TRAIN_77DF459B1D70,4290.020046,403.591612,391.070447,12693.301673,1194.237240,45.284330,3.735272,48.246948,219.975694,55.373023,113.101891,168.474914,24.606866,184.684979,290.884195,180.072741,34.343661,57.142634,1.666663,503.327094,307.800363
R2S2_TRAIN_05980687882B,4225.680560,400.279963,385.857664,11474.189491,1185.568442,42.375000,4.117610,46.849429,216.119628,58.168264,108.009935,166.178199,25.511921,126.213860,290.541469,200.438101,31.351035,57.483324,1.659700,508.029506,328.445837
R2S2_TRAIN_FC343DF43836,4214.612121,402.826936,390.375849,11681.372778,1172.589259,45.875000,26.055054,48.941551,220.004480,46.175995,117.437084,163.613079,24.754905,152.512022,287.537482,171.454878,34.505809,57.268940,1.664287,512.783200,310.468821
R2S2_TRAIN_648C830E8557,4254.072109,399.063592,389.106460,11745.266045,1199.669384,45.770891,6.838571,49.519619,219.988323,56.638023,109.160528,165.798550,25.665469,143.639436,293.962615,238.184188,34.363945,57.387979,1.665171,496.389494,309.021262
R2S2_TRAIN_7CF79F4DADB8,3422.964917,393.354797,373.152867,4097.940475,1200.546586,37.701424,25.517281,49.329702,211.134122,48.316665,103.055910,151.372576,24.948494,197.665644,262.188823,226.259448,31.296043,57.649561,1.658807,496.699884,311.356767
R2S2_TRAIN_49830E03F8F4,4111.747287,397.888027,381.958020,10397.052155,1200.484169,42.812500,24.199584,49.226375,219.947826,57.192521,104.390694,161.583215,25.258967,164.838007,279.133693,214.380936,34.356740,57.296752,1.663378,516.258969,333.814059
R2S2_TRAIN_E988D0078C0B,4213.845197,396.716461,384.362140,9704.006698,1188.741340,45.067908,3.850012,49.782956,219.966009,54.322841,113.210531,167.533372,25.660036,134.041184,288.716966,208.672767,32.602848,57.763802,1.652000,493.047284,305.703514
R2S2_TRAIN_4CE1F0FE0B85,4130.867420,394.060372,385.875230,10036.714006,1183.446925,46.559648,11.113258,48.196126,214.964432,48.999784,117.193282,166.193067,25.098507,168.817999,288.106845,218.792939,34.161247,57.548873,1.656920,494.052261,307.870628
R2S2_TRAIN_C7DCAC5CF9A5,4081.142610,387.692831,376.550577,10118.497821,1190.363919,41.488191,23.851540,48.598772,220.003250,49.224164,110.391468,159.615632,26.158518,184.347351,288.074621,226.781501,34.366384,57.375424,1.657000,502.766503,324.377698
R2S2_TRAIN_7FF43B992F52,4142.645026,391.848667,377.945735,9225.849481,1187.689962,41.478497,5.317659,48.752872,219.973465,54.462248,103.611180,158.073428,26.248966,149.380670,290.818220,225.926293,34.350973,57.782495,1.651900,494.254402,310.379217
R2S2_TRAIN_F91F47E5CC9A,4172.446439,398.440285,392.508083,12131.260655,1183.059590,44.827678,9.495659,48.748681,219.960742,48.855170,122.525054,171.380224,23.941754,155.111435,284.871761,205.266589,32.911307,57.369681,1.669864,496.030215,311.955080
R2S2_TRAIN_C06ACE223527,4137.309566,401.529420,390.772870,12028.792455,1200.703904,43.250000,27.305707,49.121351,219.968090,58.183559,113.947804,172.131363,24.979654,184.854257,285.736834,257.375422,34.559226,57.315442,1.663012,505.199023,329.132361
R2S2_TRAIN_F9DA810026FB,4162.836073,383.940359,378.066645,12630.599194,1185.997763,38.094909,24.282613,46.546669,219.915823,46.381911,115.610246,161.992157,25.726582,169.013151,291.013072,151.205640,32.998230,56.272128,1.695200,543.709708,350.355927
R2S2_TRAIN_C24799936650,4081.931949,402.944573,391.586334,11543.992668,1169.796751,41.937500,18.763462,48.347294,217.946855,52.464109,121.691703,174.155812,23.660216,170.983279,271.212086,212.695055,34.479474,57.717587,1.648600,509.144901,313.230476
R2S2_TRAIN_104D5803B3BC,4139.038387,393.835435,384.234778,6361.083084,1200.436087,41.272756,11.210901,49.484108,219.992524,54.897834,110.731565,165.629399,24.430270,158.582072,286.701591,206.522558,34.424714,57.291267,1.664626,494.876517,312.184117
R2S2_TRAIN_4AD0A48C08CC,4025.055472,378.783874,374.529747,13722.462186,1183.713845,43.039127,25.229087,46.608305,219.794916,51.518729,104.707733,156.226462,26.249131,147.199641,287.961111,211.751595,33.127604,57.572704,1.650022,521.038322,329.564428
R2S2_TRAIN_7804CC998DAD,4161.627587,400.898156,387.009054,12499.146465,1185.383565,46.755688,22.622205,48.377517,219.925141,55.601670,116.649916,172.251586,23.334611,151.161927,285.273084,221.653774,34.227052,57.398815,1.657900,503.645359,310.767641
R2S2_TRAIN_ACAE40CD8998,4126.470382,396.371063,385.967558,9255.530576,1188.386206,43.857520,26.382577,49.742763,219.968540,56.052053,106.955440,163.007493,25.283005,145.329196,283.153952,219.657502,34.539766,57.666269,1.658800,498.314963,328.796453
R2S2_TRAIN_DF8520137A23,4226.694192,399.160113,388.949739,11076.982064,1182.973912,41.437500,11.337012,48.279008,219.942983,54.039720,119.930320,173.970040,23.778881,197.311188,284.084375,251.807582,33.177255,57.362644,1.666212,517.073394,326.240779
R2S2_TRAIN_47878B41B367,3439.200478,378.852258,353.952778,9322.656025,1183.466483,37.618937,25.259894,48.218082,194.114568,56.814141,94.141383,150.955524,25.637129,209.634371,282.043862,224.167858,32.042353,57.468099,1.654400,511.808279,322.482399
R2S2_TRAIN_58F533A89D8C,4171.542872,387.566165,378.982026,8448.032979,1186.145995,32.735189,7.268970,48.342519,217.939702,54.649399,105.460975,160.110373,24.488311,187.990949,285.616229,218.088639,32.957018,57.730030,1.648900,515.467333,334.785588
R2S2_TRAIN_90ED5DB34AEF,4213.688840,399.854084,386.378086,10533.301265,1187.049278,42.500000,13.341178,49.275269,219.972707,50.582346,114.923024,165.505370,25.862710,139.187353,289.429752,213.583271,34.208316,57.600104,1.661400,498.800385,309.251708
R2S2_TRAIN_A7D553CD351A,4278.026786,403.098245,390.485693,11606.679162,1186.288573,47.071222,6.984168,49.018010,219.991619,55.597989,116.439204,172.037194,25.012670,154.869791,290.056579,215.358348,34.354027,57.566979,1.657000,496.011454,307.739893
R2S2_TRAIN_08FF9CCF3FB3,4228.789743,404.084513,390.288168,14378.257516,1199.969771,45.503018,14.859102,49.019772,219.987355,49.173770,119.618626,168.792396,24.420863,139.616166,289.251251,194.586940,34.507779,57.786566,1.644823,509.338624,313.354865
R2S2_TRAIN_1713D9E152B0,4078.404455,391.928172,376.368208,4022.918736,1190.403189,37.441413,24.197214,49.322283,219.276960,52.243377,104.750410,156.993787,26.055810,191.346187,285.756687,245.993218,31.337159,57.498710,1.658323,496.769008,317.451878
R2S2_TRAIN_60557BFEFEDD,4145.872878,386.101863,378.434885,9611.494404,1186.478697,39.336310,13.784098,47.622742,219.948602,55.643813,106.749604,162.393417,25.009047,159.560725,284.929692,207.558623,33.070673,57.558564,1.649091,508.502666,329.445053
R2S2_TRAIN_3EA7E9F7D271,4170.651319,393.620828,380.097736,9257.557274,1192.609093,42.875000,8.093599,48.872520,219.965631,56.010213,110.165593,166.175806,25.385373,139.837373,287.963059,184.459237,32.725648,57.499847,1.651212,496.763558,311.027984
R2S2_TRAIN_993A8470BAB4,4205.413170,392.749095,376.555847,10936.591528,1199.635207,42.750000,6.772086,48.551012,219.955538,58.489054,100.057890,158.546944,26.834333,143.118999,291.943270,214.389309,34.476574,57.567901,1.653832,494.514086,312.461304
R2S2_TRAIN_6D2FAD5AC15C,4238.357729,402.209949,387.803358,11346.251725,1196.022906,45.723266,11.953008,49.528573,219.981947,47.041291,118.198637,165.239928,25.337960,144.949434,291.312742,199.957132,34.385171,57.229049,1.669175,502.756830,321.011567
R2S2_TRAIN_9309309BA6EB,4112.478441,400.044299,387.127175,10299.231042,1184.665901,45.356606,16.534319,49.196773,218.652244,49.640948,113.090145,162.731093,23.945379,158.135241,278.415456,171.940299,31.448570,57.631335,1.656807,503.562456,318.882746
R2S2_TRAIN_F5D3E68FB0D2,4272.019624,397.477388,386.109237,10947.422879,1199.306438,44.000131,27.036136,47.647388,219.991135,56.961475,107.800817,164.762292,25.598312,162.855613,294.392186,218.390236,34.468954,57.494900,1.662000,531.344545,338.870896
R2S2_TRAIN_4C9C87EF1F2B,4228.106871,401.981060,384.504257,8205.080975,1190.736325,41.500000,7.153665,49.399170,219.987452,50.753969,112.785902,163.539871,25.016471,148.410649,286.595183,214.977637,33.093249,57.498559,1.658300,495.165314,310.600548
R2S2_TRAIN_A1BE4168C3AE,4303.964666,397.459867,386.076020,13073.978108,1194.612407,42.344449,6.078619,47.773347,219.975826,50.336972,117.917099,168.254071,25.978169,128.802411,297.007897,177.102920,34.404232,57.031058,1.666400,502.852894,314.969893
R2S2_TRAIN_D07E43D92CFF,4236.139694,393.605543,382.335099,12998.542896,1194.809082,46.139504,27.466857,48.688539,219.960860,52.377041,112.484521,164.861562,25.894654,185.056478,291.397518,226.721202,33.023061,57.754186,1.652420,509.008012,318.361918
R2S2_TRAIN_B92B17360D05,4173.131244,386.515147,367.873671,4094.927085,1200.456605,34.651607,3.367278,49.332780,219.904790,47.604314,104.158238,151.762551,25.793393,137.952751,291.806412,215.793938,31.190475,57.417438,1.657435,493.984804,318.757893
R2S2_TRAIN_3B5ECBFD244B,3373.611126,382.423431,376.143966,7009.520047,1194.539269,40.375000,12.972280,48.599903,215.988377,52.881627,104.379273,157.260900,25.147888,208.007399,275.671357,227.146318,31.082179,57.584926,1.656500,496.919262,308.805304
R2S2_TRAIN_ADA4252388D1,4194.230292,398.468549,390.417304,10573.349841,1199.212460,41.062500,23.604481,47.119349,211.960568,47.939225,122.107500,170.046725,24.427119,178.089495,287.190195,210.111947,32.088479,57.508294,1.657635,531.025782,332.235169
R2S2_TRAIN_89406A060455,3373.611126,387.170124,375.872025,6194.349050,1181.395153,38.563354,14.189977,48.578208,219.154621,50.399429,108.953962,159.353391,24.197929,225.828892,264.394634,239.912864,31.132451,57.053976,1.671520,510.544030,317.817148
R2S2_TRAIN_41C644034554,4040.572109,389.556251,376.081787,8506.166476,1193.069524,40.095494,20.109674,46.964380,215.920078,54.642617,106.524870,161.167487,25.941334,145.869941,284.201455,171.141938,33.024003,57.668066,1.653700,508.492162,331.533473
R2S2_TRAIN_59381A040BE4,4247.132087,394.037690,382.512606,14483.253493,1187.279940,45.000000,22.453981,47.046521,219.938824,47.861310,111.727238,159.588548,26.232901,156.016867,292.030891,195.502065,34.362023,57.165741,1.665515,522.903589,336.080460
R2S2_TRAIN_94924C9406AB,4154.624842,396.583009,382.275918,12543.307676,1130.714451,45.058890,25.943208,47.615170,214.992588,48.607987,117.589308,166.197296,25.218710,145.513527,288.295812,160.778060,34.460990,57.702597,1.649100,499.416675,312.935515
R2S2_TRAIN_A633E97CE6B2,4278.946254,404.038045,392.828604,14533.563347,1185.105047,45.645944,7.067911,46.317886,220.008889,57.913083,113.509652,171.422735,24.911793,151.995272,289.611925,206.407881,34.953956,56.378622,1.692336,515.515980,325.751946
R2S2_TRAIN_32C6B6B4E67E,4201.408367,393.863287,388.459812,6117.529300,1186.753569,42.072852,15.375142,48.942543,219.981733,53.857294,111.049767,164.907061,25.928956,135.866577,288.881399,209.841624,31.054466,57.466616,1.653914,499.922802,313.509377
R2S2_TRAIN_A5E878B3DFEE,4201.014127,403.174035,394.006815,14242.247845,1186.423580,46.957696,21.362254,47.214641,219.939153,49.449047,125.550017,174.999064,24.265628,154.069640,285.035711,218.874305,34.456275,57.063114,1.666954,524.103739,322.655708
R2S2_TRAIN_D8974FD1E7FA,4120.992021,391.732290,383.645098,12153.896628,1185.455573,41.500000,12.315176,48.522258,219.919783,50.011948,109.419620,159.431568,25.013124,147.287039,282.520977,210.627718,32.410655,57.290156,1.656000,517.952329,325.878091
R2S2_TRAIN_143FE679CAB3,4199.878041,398.624634,390.676606,10446.215732,1186.067761,42.793893,6.115407,48.246162,219.996376,49.072504,120.390019,169.462523,24.670540,178.673645,284.944685,239.800437,32.683175,56.581128,1.689801,510.395472,313.555632
R2S2_TRAIN_FF2665C00D1F,4238.720152,396.975600,391.112765,11491.698506,1185.298694,41.062500,20.968279,48.278949,200.659206,49.747533,118.801097,168.548630,24.821283,150.877781,283.559171,211.644337,34.235679,57.530993,1.653285,505.747177,326.608235
R2S2_TRAIN_4E0AC6AC9E2C,4237.146391,398.053050,384.038956,12285.904875,1195.244891,43.404355,20.786154,48.317926,219.978814,55.505268,116.280811,171.786079,24.911762,144.272238,289.074276,208.547977,35.021497,57.449464,1.654000,506.252004,320.306374
R2S2_TRAIN_75EEAA182886,3373.611126,378.466570,370.503094,3976.467527,1200.379079,38.942809,11.519177,49.982310,220.006925,52.854659,91.926895,144.781553,25.803158,160.950906,275.036651,252.683810,33.273130,58.052515,1.640953,495.111227,309.377615
R2S2_TRAIN_278338E40AE9,4166.267964,397.573264,389.269560,8722.187248,1199.579528,42.830338,14.849700,47.856685,219.967246,53.766899,119.451169,173.218068,24.642835,185.155314,286.125274,234.088225,33.306711,57.774288,1.651900,504.524904,316.184126
R2S2_TRAIN_7423BE9AAAE6,4234.812704,390.723073,372.350762,12418.089703,1195.078617,38.162102,17.740264,46.997315,219.954742,52.216027,100.950302,153.166329,26.505671,153.087209,292.822478,198.487070,33.176158,57.156000,1.670683,506.261399,318.856576
R2S2_TRAIN_48D068FA6392,4155.045234,394.744643,389.873883,10357.298741,1192.806502,41.750000,25.148726,48.864924,220.001528,50.288044,113.029775,163.317820,24.870562,142.910345,282.575705,205.036282,34.503773,57.485789,1.652247,509.760959,325.776038
R2S2_TRAIN_84C4D668ED74,3815.928523,365.486576,358.438086,5933.760570,1200.684428,38.909535,24.587651,49.440291,211.957871,58.561891,89.672321,148.234211,25.541272,141.416013,285.195240,234.658548,32.487181,57.610242,1.661054,505.098356,312.964709
R2S2_TRAIN_0C3912E15045,4170.111192,384.610940,385.789909,10780.230761,1187.967571,41.375000,23.308686,49.140911,219.936223,50.385926,109.124244,159.510170,25.860624,151.786381,287.871043,224.914875,31.337919,57.079643,1.663530,505.201886,323.491219
R2S2_TRAIN_2D4CAD6688FA,4160.151727,389.917834,377.725939,7083.983618,1185.722331,43.062500,12.281714,48.292157,219.922583,49.585993,110.516254,160.102247,25.365796,187.542683,289.318215,229.409791,31.204729,57.291872,1.668024,507.623230,317.994317
R2S2_TRAIN_449422E364A4,4278.702838,402.474735,390.100759,13653.982448,1185.932107,45.417439,23.529243,47.292788,219.936100,50.740782,125.550017,176.290799,24.356520,187.576823,291.167111,206.775565,34.374286,57.436243,1.659623,523.441298,333.195921
R2S2_TRAIN_FB3EF63D0F95,4223.504522,395.458062,387.043710,14052.178622,1184.283058,46.762269,15.162107,48.041579,219.945901,49.815825,115.890503,165.706328,25.300015,155.255907,286.940171,215.310184,34.418520,57.293707,1.661500,513.629205,322.839943
R2S2_TRAIN_5867D67863BF,4151.367493,402.594413,390.529765,12871.590727,1181.583896,42.229553,9.034344,48.539986,219.968585,46.693925,122.096208,168.790134,24.654480,182.532008,278.465128,203.370573,34.208020,57.560829,1.657300,515.545359,326.017718
R2S2_TRAIN_D1147417DA05,4149.667888,392.386709,382.718130,8696.726327,1199.680368,39.701272,11.017490,48.660267,219.918750,53.449971,106.956058,160.406028,26.201253,143.631026,287.954729,216.911704,34.987521,57.133485,1.661500,514.959307,331.640520
R2S2_TRAIN_D0A7C9B0A9EC,4219.578769,402.628448,388.133148,12820.079022,1178.708607,42.202108,10.357969,47.600621,219.948667,51.760130,112.684610,164.444740,24.863757,151.519946,292.089374,213.829135,34.449450,56.825423,1.670539,506.139616,322.780948
R2S2_TRAIN_84FAC9C478FF,4176.558867,396.402657,385.071535,9623.249626,1186.463580,42.875000,24.704830,48.850162,219.957683,52.477715,118.077559,170.555274,25.665426,142.649475,286.402545,229.848365,34.146222,57.366654,1.654476,498.299168,321.927047
R2S2_TRAIN_800DBC091104,3982.390072,394.905062,385.673702,11372.151458,1194.685353,42.981359,9.976701,48.610720,219.960421,52.396010,117.504401,169.900411,24.872994,160.198366,283.895587,220.008969,33.758787,57.112842,1.664400,504.795148,319.801851
R2S2_TRAIN_7393E9E3316F,4046.291677,391.930742,382.722649,6337.445506,1183.278808,38.509093,25.688587,48.459685,207.527785,47.324422,113.737618,161.062040,25.128875,169.895571,274.609444,230.946706,32.460429,57.577721,1.651300,505.299946,312.790452
R2S2_TRAIN_69FF7C8DB211,4044.331905,384.370283,380.273204,9106.543940,1184.272755,42.317463,15.610714,47.998528,215.983518,50.548136,115.380960,165.929097,25.430535,166.985150,288.578108,227.775219,31.228977,57.628933,1.658944,503.368008,308.143156
R2S2_TRAIN_49B18C801F38,4149.791476,390.136795,381.803805,12901.275474,1196.926120,45.838232,25.006107,47.776344,213.982473,55.970068,100.790499,156.760567,26.097143,152.942838,292.599208,220.808709,34.048268,57.415685,1.653588,508.273341,326.395803
R2S2_TRAIN_392BC3DCA2E2,4113.536126,390.578322,377.996891,8525.426677,1185.792536,39.691735,15.394738,47.929708,202.826111,46.669215,107.585437,154.254652,25.218285,209.971662,286.330891,205.517156,33.645688,57.497274,1.653900,511.400762,320.718327
R2S2_TRAIN_52D9C837A75F,4229.857494,390.826056,377.020022,12172.665621,1192.893666,45.875000,11.595523,48.686687,219.960456,53.440905,108.259462,161.700367,26.797660,128.549569,296.881122,163.521667,34.299154,57.352053,1.664700,495.957936,305.656593
R2S2_TRAIN_455B2F5E5F6E,4020.038301,398.604123,384.434425,12583.204511,1184.512165,42.375000,26.254015,47.941307,219.939438,42.849423,123.140112,165.989535,24.605536,205.053107,278.204230,221.230949,33.305463,57.891892,1.648800,521.893885,326.697354
R2S2_TRAIN_2B0221BAF246,3831.036325,394.920491,381.923045,9134.981561,1200.257574,38.428990,27.319520,47.874410,219.959910,54.201952,110.429824,164.631776,24.584476,179.213670,279.611525,228.142598,32.835436,57.705564,1.650579,524.992660,331.397871
R2S2_TRAIN_C2805105BAEB,4204.108318,385.048277,376.511827,9936.562731,1185.353592,38.838447,10.332203,48.216932,219.943366,55.244551,106.710102,161.954653,26.112523,165.366010,288.901388,224.151522,31.328470,56.890269,1.672367,519.808359,341.066871
R2S2_TRAIN_A2B066FAE7AA,4131.955421,393.156793,383.619533,8965.225999,1184.717056,40.437500,9.536719,49.095188,219.971385,55.688406,107.804306,163.492712,25.024271,145.530636,287.574776,244.434564,34.319835,57.455593,1.656800,502.507203,311.205808
R2S2_TRAIN_DD3DC3B8B924,3373.611126,383.479606,375.150937,9445.925250,1168.517362,40.437500,19.925611,47.818399,219.938932,48.880475,114.155172,163.035647,25.243560,205.194826,265.076043,195.661482,31.459770,57.243454,1.658007,511.719657,329.429180
R2S2_TRAIN_00B1472C9BF5,4085.308425,389.297751,378.487289,8310.533978,1185.835512,41.937500,17.922000,48.235466,215.132054,55.529187,113.327260,168.856447,25.276015,175.854660,288.537342,229.689899,31.287935,57.569740,1.658400,502.247073,323.877995
R2S2_TRAIN_EB8F4EEFADDC,4026.584022,392.919362,386.002565,4298.879326,1187.426188,41.062500,10.948470,49.418528,219.982317,52.422928,112.853188,165.276115,24.701853,144.922594,286.872057,173.819320,30.703743,57.189963,1.665600,493.975102,309.739889
R2S2_TRAIN_A89BA48B5F2F,3689.580329,380.976254,354.306298,6342.223401,1201.405030,28.967188,12.713987,49.362739,214.944002,49.412228,105.665163,155.077391,25.247218,218.704801,281.754597,248.859811,33.012261,57.566218,1.652000,513.185059,324.186593
R2S2_TRAIN_855E327D13BC,4137.977791,395.122470,381.592141,11231.025247,1187.578130,44.580176,5.167776,48.854663,220.013536,47.467904,113.136955,160.604859,24.836026,151.676897,283.621445,192.300087,34.457196,57.186211,1.658900,499.016124,311.504939
R2S2_TRAIN_99B105A64175,4187.910407,395.678545,376.476754,6348.395075,1199.347395,42.187500,13.191049,49.137029,220.010277,52.378586,104.779905,157.158491,26.414693,186.626364,297.437679,230.906549,34.319788,57.376866,1.653537,503.109892,310.544358
R2S2_TRAIN_086F9A7C7626,4112.466098,393.120129,378.693081,8321.031257,1191.982933,38.437500,25.155610,48.244431,219.994205,53.161526,106.024090,159.185617,25.348820,178.981493,286.704186,221.457870,33.091315,57.784163,1.646213,515.314369,321.693181
R2S2_TRAIN_F15720F1D9E1,4169.007773,383.805760,379.012646,10320.628318,1185.830810,43.750000,11.458488,48.558058,219.991873,49.902489,109.367287,159.269777,25.484893,150.415978,287.665332,218.355464,33.074802,57.699917,1.652045,499.717921,309.044086
R2S2_TRAIN_5E8BB3E67D7E,4133.612467,389.869409,381.537489,10188.848598,1185.428788,37.877337,10.791573,48.280510,219.910012,54.708847,107.355169,162.064016,25.715139,169.592594,288.491178,231.037985,32.105167,57.505414,1.661718,497.777073,318.993801
R2S2_TRAIN_8533BCD6A817,3887.046475,381.101542,360.938079,6325.368726,1185.580592,35.906326,20.026790,48.769627,219.930477,55.367118,106.834121,162.201240,25.576871,187.197536,279.890023,232.488620,32.915903,57.154146,1.667708,523.703269,343.897237
R2S2_TRAIN_24B01C084805,4261.620783,394.390161,385.165409,12700.954183,1200.513465,40.875000,24.587555,47.460788,219.954071,52.936957,110.520943,163.457901,25.885192,179.100180,293.668635,238.309663,34.573165,57.366585,1.669955,518.878236,333.368428
R2S2_TRAIN_55AE14463B11,4165.006706,399.196423,387.256769,6308.660639,1188.106491,40.125000,26.764673,49.797846,219.957220,56.124545,116.320250,172.444794,24.322870,184.340524,284.585772,235.831777,34.018152,57.721991,1.652759,504.812131,311.468539
R2S2_TRAIN_A57FB4228885,4136.656681,393.619228,382.453160,6126.054386,1200.944292,40.687500,19.954861,49.463389,220.004586,56.078499,107.641102,163.719601,26.099751,138.972982,289.603132,228.519797,34.284234,57.721333,1.650000,498.540512,315.542719
R2S2_TRAIN_41C0A27309F1,4195.588156,397.949740,386.174269,9915.468849,1185.323319,44.000000,15.447225,49.185649,219.980943,54.106529,109.256359,163.362888,25.645030,141.170206,292.642606,198.552932,34.302834,57.669335,1.651900,500.256811,309.693153
R2S2_TRAIN_68FDDF560AC8,4105.727519,395.164027,377.646763,7167.363129,1184.417779,36.439226,15.123354,47.434219,219.978183,49.441196,117.602840,167.044036,25.106950,198.620268,288.265959,218.000278,31.958798,57.642887,1.654222,512.931524,328.061031
R2S2_TRAIN_872DD3540BAC,4009.546141,383.306719,382.676892,6972.213270,1186.376163,39.061199,11.098938,47.696585,215.955474,48.178185,116.399563,164.577748,25.540399,164.966144,282.318877,182.801347,32.363708,57.184746,1.656200,517.350462,326.664287
R2S2_TRAIN_B803245583EB,4143.510471,390.248913,378.349823,12649.281732,1184.271654,42.271310,25.180484,47.873076,217.985695,47.594869,118.517995,166.112864,26.096428,165.440468,288.660215,162.770838,32.008954,57.372103,1.662100,524.413204,331.725983
R2S2_TRAIN_75383DBF3918,4122.663567,399.415433,385.984840,7850.328246,1191.530743,42.312500,12.482851,49.404512,219.947134,52.719243,116.640926,169.360170,24.735565,155.455088,281.323765,239.199495,32.618648,57.487589,1.657483,494.176492,307.700559
R2S2_TRAIN_CF5E23A34FED,4062.723431,393.341405,378.828479,8279.194734,1194.011702,42.118923,23.489565,49.070656,219.994861,54.691333,109.573016,164.264349,25.311218,145.478955,285.712225,201.925682,33.300006,57.596184,1.648900,502.433093,319.590554
R2S2_TRAIN_5062844910FE,4124.885385,390.628289,383.519132,10098.738916,1198.474741,40.500000,13.942117,47.456314,219.953049,54.782159,109.320106,164.102265,25.797975,146.532867,284.524299,221.106162,33.262501,57.475438,1.658000,504.830884,321.152676
R2S2_TRAIN_AAF41FD23997,4097.937193,394.640885,387.036596,11606.146438,1154.311351,42.750000,11.656930,47.952339,219.962689,48.210852,115.877463,164.088316,25.475786,185.274093,290.420709,195.733341,32.518027,57.353978,1.663337,524.307064,321.712021
R2S2_TRAIN_CB599D619B97,4291.938775,393.139500,384.104198,8318.180183,1199.884205,41.875000,15.510377,47.952201,219.994466,55.276375,97.870214,153.146589,27.187911,141.255467,296.542635,212.687307,32.968697,57.692208,1.656800,512.970602,321.088774
R2S2_TRAIN_27E069E14D4A,4085.435820,387.796792,378.785089,11285.441768,1185.586873,36.740555,26.256537,48.299034,213.751953,47.065609,109.785834,156.851443,25.086727,168.915344,285.899656,221.581396,33.127696,57.164039,1.665961,513.534688,333.415949
R2S2_TRAIN_28E2FF31F2B1,4278.489038,397.336569,379.798145,10640.828052,1200.677596,41.281300,7.152037,49.161146,219.986335,55.706955,106.051696,161.758651,25.888706,143.155825,294.111798,248.910775,34.438727,57.689170,1.648871,491.093908,308.056649
R2S2_TRAIN_3F7F9E6671F5,4250.695678,397.311113,381.734904,8634.450816,1200.465535,41.750000,5.902909,48.577245,219.969037,57.866390,107.368648,165.235038,25.728719,138.418531,289.241858,231.415634,34.278922,57.490247,1.655619,500.248158,316.600710
R2S2_TRAIN_AD9E768A5B95,4043.493163,384.575946,379.634879,5263.443178,1187.079556,34.954470,19.159628,47.631301,210.751408,49.843122,111.494014,161.337137,25.721603,157.250927,286.336596,180.462273,31.178507,57.263128,1.673822,510.318462,335.192386
R2S2_TRAIN_D33214F9B8CC,4085.255305,340.060945,370.905220,8215.559278,1194.290475,38.785166,15.777422,48.082533,219.929849,54.904671,89.929270,144.833941,26.843686,134.622497,287.559166,239.697195,32.061626,57.957471,1.642409,495.282482,312.701334
R2S2_TRAIN_99D9DF41AA23,4111.602777,393.156985,385.665447,10271.107306,1186.975444,40.462728,3.453137,48.523992,219.940992,55.508058,109.220545,164.728603,25.389272,168.508593,283.209342,175.054570,32.007489,57.273236,1.661400,499.002706,312.898190
R2S2_TRAIN_3600AD1C0FC0,4066.591796,394.272640,383.527932,14100.394008,1200.257843,41.521833,26.032357,48.552813,219.989998,48.790834,115.852668,164.643502,24.316419,218.418559,284.411370,242.233059,34.046215,57.066890,1.660374,526.931528,336.238169
R2S2_TRAIN_A3BABDEF33C6,4206.627874,401.708494,388.037975,9299.459394,1185.006917,41.500000,23.618652,48.417398,219.995677,55.295200,119.091370,174.386570,24.821375,190.993347,285.184988,206.316620,34.452547,57.950549,1.654100,508.528811,322.992073
R2S2_TRAIN_61039EB1EEB1,4191.749518,396.553470,384.103063,10359.276820,1187.430327,42.635615,9.607305,48.496191,220.017052,47.989074,118.124391,166.113466,24.830508,129.314676,285.061768,182.229063,34.197023,57.687168,1.650266,495.472949,308.868855
R2S2_TRAIN_A0C0229C1436,4207.758864,389.794993,379.716066,11354.755438,1185.782617,38.125000,21.030141,47.301472,219.908546,51.351385,105.190706,156.542091,26.424846,161.149990,293.718126,215.093421,34.371389,57.372795,1.660605,519.831240,342.699788
R2S2_TRAIN_E8E895962B09,4133.080503,401.846353,391.618464,11474.002579,1183.220684,42.875000,24.936230,48.165818,219.908141,48.292094,118.443223,166.735318,24.157872,143.403013,279.569550,181.284170,34.219748,57.742336,1.650073,515.636324,317.861119
R2S2_TRAIN_42E9CD8DB6A4,3980.149058,373.141325,373.360589,6944.907209,1193.657022,40.375000,24.567819,47.259414,215.988703,55.883540,106.460657,162.344198,25.510381,148.592119,283.828626,217.195801,31.994388,57.621761,1.654200,518.986003,338.670186
R2S2_TRAIN_ACA3A0209D96,4270.571047,399.032540,388.206956,12204.375397,1189.423676,42.656203,10.588472,48.919840,219.965977,55.172644,117.536710,172.709354,24.811986,150.519621,293.335215,196.822202,31.256194,57.360272,1.662000,496.681393,309.846834
R2S2_TRAIN_1E61DB30BA9A,4191.088751,397.323960,384.636858,13807.265674,1185.310577,42.937500,24.363460,47.336543,219.971430,56.327351,100.238757,156.566108,25.953085,142.570169,290.034226,217.448328,34.441707,57.530801,1.656294,536.148672,334.219124
R2S2_TRAIN_9343F09EA749,4241.761296,400.012961,390.504216,11075.606733,1182.456193,40.125000,10.746565,47.099621,219.969899,51.094886,118.501694,169.596580,25.748688,137.032023,288.670567,169.280036,34.258675,57.284166,1.661800,510.458246,329.593813
R2S2_TRAIN_6809878E1EF6,4325.527197,400.505305,389.925079,11718.107387,1184.433412,42.421468,15.191609,48.989337,219.953529,52.490205,114.277903,166.768108,25.683453,146.131007,294.092662,242.143568,33.319386,56.878657,1.670665,508.731457,321.819286
R2S2_TRAIN_5736F99B1BF0,4281.460360,403.438683,385.172572,11122.086391,1186.242263,47.164816,10.987008,48.687836,220.007649,55.489459,116.144997,171.634456,25.749538,122.456519,296.029754,161.361775,34.283266,57.814540,1.651943,493.509967,307.377380
R2S2_TRAIN_0C52B1DCE2BF,4180.005617,393.677191,383.223121,11341.753399,1185.541001,42.303657,11.473404,47.953384,219.928008,53.881429,118.076731,171.958160,25.981357,156.024074,290.613373,227.504606,34.980628,57.431388,1.662031,505.900773,327.456306
R2S2_TRAIN_DBA226BAEBE8,4035.245322,394.022362,381.634157,13184.003239,1182.760518,41.511543,8.060999,48.248045,217.997122,47.353591,112.283552,159.637143,25.496917,146.173997,288.975586,155.112615,34.347357,57.435516,1.660352,505.595436,319.585670
R2S2_TRAIN_37214B136D6A,4173.523185,401.450827,387.465381,12489.819210,1178.883056,42.375000,12.054594,48.760055,220.033776,49.837448,115.777680,165.615128,24.737247,153.962466,284.440167,192.877294,34.409544,57.306316,1.657212,505.589889,313.596586
R2S2_TRAIN_A315E2CC283D,4144.860838,392.363937,382.555872,9246.862530,1187.156912,42.437500,13.044499,49.076504,219.959746,47.076872,116.950818,164.027690,24.787549,164.023292,278.249867,208.418691,32.586638,57.490224,1.656797,510.925786,331.882737
R2S2_TRAIN_71D5DEC46A55,4254.480712,400.357175,387.596982,11507.210051,1199.182529,39.312500,6.973342,48.266313,219.986257,54.307635,113.377200,167.684834,25.444889,132.564642,293.711287,209.362140,31.615560,57.178884,1.669677,499.010109,315.452481
R2S2_TRAIN_FCA9B42C4C06,4218.874955,386.307251,384.022017,10457.858650,1186.922554,42.764249,13.680753,48.183371,219.958686,54.108695,108.542889,162.651584,25.694538,142.864337,290.670607,194.248918,32.647284,57.397912,1.663357,502.302363,314.366474
R2S2_TRAIN_ECC60B956C80,4089.950418,398.701990,381.286674,12299.284209,1186.022340,40.747250,14.172317,49.291441,219.931691,54.593226,112.518404,167.111630,25.432792,157.340826,287.673895,180.568094,34.268318,57.778754,1.644690,513.525771,309.205291
R2S2_TRAIN_97019A70756E,4183.556173,395.977023,384.797540,10186.010877,1193.676486,41.625000,9.992451,47.530846,219.944853,48.361339,117.585717,165.947056,24.856363,151.787280,288.904144,166.500667,33.022211,57.114519,1.667540,516.197893,336.698778
R2S2_TRAIN_26F1B9BD5685,4170.826790,393.698081,382.578844,11034.740181,1186.503851,38.566752,12.284156,47.888600,219.980627,50.787172,105.403362,156.190533,25.767235,154.315271,289.262312,224.345666,32.757298,57.364794,1.664661,502.548458,321.680662
R2S2_TRAIN_AC3BBFDEBB34,4242.153118,401.025255,388.518776,13886.493069,1200.258835,42.050555,14.432358,48.254856,219.965930,53.288122,118.908415,172.196537,24.862869,151.669890,291.200719,215.971543,34.291926,57.643267,1.658900,500.550840,323.425601
R2S2_TRAIN_5E8AE26AFFC6,4198.424932,393.139304,376.651734,13484.884020,1130.714451,41.187500,13.912794,47.244655,215.761631,42.849423,115.962998,158.812421,25.492734,146.242311,288.098683,194.417284,32.875948,57.098935,1.663201,502.824631,328.966064
R2S2_TRAIN_13ADADEFB33F,3727.819447,365.329630,349.967663,6161.033519,1200.795612,40.500000,15.271322,49.986100,219.917244,56.748133,81.771246,138.519379,26.529212,145.876410,284.305224,231.202427,31.237319,57.652078,1.655128,490.077280,303.535035
R2S2_TRAIN_239E9D0218FA,4116.206344,384.670868,373.496244,10446.883024,1182.724223,42.062500,16.041456,48.216429,206.524758,52.058690,97.888972,149.947663,26.731547,133.380895,285.896067,151.222257,34.296700,57.583231,1.659300,504.266125,319.504097
R2S2_TRAIN_0F920B0BE8BC,4215.431053,398.652576,391.340480,12171.192340,1185.842310,42.875000,24.474357,49.128489,220.024891,51.449829,120.305421,171.755249,24.657277,156.610708,286.138357,215.904324,34.395941,57.320202,1.656279,497.523838,309.938183
R2S2_TRAIN_7BCFE73ADC0D,4158.638951,396.151961,383.585551,10295.926870,1187.302393,42.000303,6.687906,48.608320,215.980699,56.070910,111.700747,167.771657,25.364619,124.233540,290.919304,183.267433,34.449956,57.566352,1.651958,507.590172,320.629600
R2S2_TRAIN_8E4C330608CA,4067.849571,388.804130,375.869274,6149.658568,1199.702106,41.187500,14.035510,48.751315,217.948989,50.542389,107.763798,158.306187,26.052294,136.133558,286.217160,198.440313,33.257872,57.748962,1.647740,503.046117,317.155033
R2S2_TRAIN_6524D16EA8DB,4117.614981,388.986030,367.767690,5100.603836,1199.682689,42.375000,13.183929,49.646950,219.923497,55.745012,99.519829,155.264841,25.655136,186.713366,287.068020,227.600279,32.496018,57.277425,1.656603,497.569772,317.523984
R2S2_TRAIN_810F22181C84,4001.938330,388.053586,376.118634,5248.804862,1199.981577,36.981788,11.173113,49.268177,219.910308,53.264805,103.871227,157.136032,25.206893,139.474419,285.223706,226.613216,34.459471,57.580607,1.649714,503.661856,321.694681
R2S2_TRAIN_6DBC472C309D,4211.041276,396.270470,378.321843,13599.089921,1184.224188,41.375000,11.904810,48.157486,219.947096,49.351648,116.306948,165.658597,25.476861,132.709140,292.522258,211.762228,33.120572,56.414479,1.665243,496.977440,318.010766
R2S2_TRAIN_350BB27CEE0F,4117.390045,394.010897,383.175555,9662.317339,1199.013668,40.931862,24.561448,47.720419,217.985599,56.712904,110.031381,166.744286,25.073841,172.267336,285.228763,224.445552,32.091910,57.155503,1.665112,518.918399,338.684186
R2S2_TRAIN_3ABCECE0C933,3810.128816,348.177395,329.523173,7982.630105,1182.974408,31.048032,24.624744,47.373371,182.659214,48.287270,102.039953,150.327223,25.477567,167.996634,287.044531,219.370924,31.277282,57.274915,1.666400,527.285087,337.345550
R2S2_TRAIN_5B27C65DF921,4192.809424,395.705281,378.633347,12246.455183,1184.144751,40.562500,4.405644,47.001422,219.922515,54.238542,114.612654,168.851196,25.606251,147.679275,288.306294,171.918884,33.136325,57.621475,1.653800,496.668257,323.680380
R2S2_TRAIN_D564F8C722F6,4206.768573,399.345915,390.160545,12909.847378,1183.327277,41.312500,12.542176,48.874662,217.958530,53.139510,114.949478,168.088988,24.395752,153.887701,290.965311,216.012889,34.559969,57.464632,1.660816,496.386015,315.159072
R2S2_TRAIN_CB14D46E3B75,4201.177770,394.742985,384.434626,8742.547559,1200.802838,43.125000,14.872267,48.968998,219.987676,53.568153,113.231114,166.799267,25.345118,123.561210,286.001832,224.546505,34.387704,57.512653,1.656432,509.281863,324.145864
R2S2_TRAIN_34320F9EB2DA,4128.446749,393.262729,379.393466,12067.351608,1200.819608,44.878150,14.350409,48.019888,218.007924,47.970683,117.440213,165.410896,24.915728,142.222707,288.785434,193.634732,33.019712,57.371104,1.660759,511.949846,317.472386
R2S2_TRAIN_D35876F77655,4075.483104,393.209932,380.826281,10742.443606,1183.413797,40.875000,24.400609,48.439093,219.905981,47.439260,114.858112,162.297372,25.781311,143.633210,287.326118,168.067929,33.281411,57.510865,1.658479,506.345229,319.907552
R2S2_TRAIN_428449C9D0B1,4188.371254,395.461855,386.723953,13104.725718,1185.798163,42.375000,17.900767,48.391777,215.860822,51.298321,115.607856,166.906177,25.216925,175.932297,287.851466,226.576090,33.283900,57.679037,1.653563,528.352549,330.460387
R2S2_TRAIN_1A7EFF1EFD20,4217.727617,393.847853,378.565733,11321.900063,1199.254613,41.889162,20.259157,48.040717,219.946929,53.611383,111.826982,165.438365,25.485446,151.340724,291.315097,183.325054,34.476784,57.750457,1.648599,508.803367,322.602311
R2S2_TRAIN_E261AF0135E3,4074.001508,392.993698,377.352739,12241.964665,1185.999703,39.937500,25.616313,47.195877,215.076458,52.869995,106.303895,159.173889,24.927883,181.768876,284.443395,229.969249,34.148103,57.642317,1.650979,525.600454,343.995859
R2S2_TRAIN_DF91C4D4BB6C,4292.365230,396.587135,387.550890,13754.273986,1199.291034,42.923855,20.594329,47.673934,219.937672,51.676274,112.854717,164.530991,25.730846,137.893772,296.738536,191.189440,34.341317,57.429211,1.656100,504.694784,318.032093
R2S2_TRAIN_6D218BD1538B,4123.408390,400.588868,391.797894,10425.703909,1155.686244,42.000000,11.717332,47.747073,220.003043,45.349905,123.967937,169.317842,24.285016,134.443261,282.780337,215.625167,33.124562,57.314533,1.663076,517.409474,329.707903
R2S2_TRAIN_8EAB5658246F,4193.649604,392.247650,381.746108,12536.136365,1184.289233,42.659787,12.018400,47.174023,219.957772,56.526399,105.201411,161.727810,25.885298,136.999560,292.543157,208.459704,34.162419,57.126166,1.658500,507.512317,327.069063
R2S2_TRAIN_A203AA1F7960,4051.354973,395.329113,384.023338,5252.992058,1200.549464,38.584641,10.477891,48.669386,219.922188,53.777090,101.629079,155.406168,24.348502,156.094111,281.534778,218.840127,31.961134,57.694506,1.651216,508.846498,319.127149
R2S2_TRAIN_1489E53FA956,4104.087589,389.485396,377.307245,10196.262915,1186.944302,41.437500,21.252605,48.695211,219.939417,50.441295,105.189732,155.631027,25.004199,167.075938,284.608571,248.658359,33.010420,56.981059,1.668447,502.663095,318.257972
R2S2_TRAIN_BDFE967CD66C,4121.215724,392.067104,378.994822,9677.550023,1200.437313,40.052631,19.676668,48.474840,219.956309,52.850525,104.355361,157.205886,25.401380,197.974689,280.296234,233.683699,34.478126,57.395054,1.667268,516.319112,325.573780
R2S2_TRAIN_BEF9FFBA7009,4278.312432,400.276341,390.527936,13075.503468,1187.775016,45.236639,22.237022,48.201062,219.961053,52.066200,122.435323,174.501524,24.782312,156.913385,285.937321,188.524422,34.469651,57.509127,1.657000,507.570336,319.907803
R2S2_TRAIN_D2A3DF883D14,4227.560199,393.834148,386.050938,14543.748113,1199.358132,44.102753,26.152367,48.358852,219.978028,54.714720,116.655258,171.369978,25.360065,135.784550,293.722301,206.200146,34.851406,57.576043,1.653148,515.886657,328.233464
R2S2_TRAIN_350BA69B600A,4301.474109,398.999215,387.309203,13896.502344,1199.883390,47.444460,25.524891,48.999593,220.014872,52.120674,118.275694,170.396368,26.257590,140.016694,298.144697,166.589577,34.897269,57.879499,1.647929,508.410777,317.544797
R2S2_TRAIN_EFE68761A44D,4131.503133,394.261418,382.346730,12274.810606,1188.354591,38.284884,24.573347,48.871035,215.940985,54.992843,114.004828,168.997670,24.625345,198.861769,282.914027,236.890594,34.269586,57.390153,1.663657,510.954608,321.935444
R2S2_TRAIN_7DCA5A28AC1D,4070.894659,397.405970,387.093223,8784.865520,1183.031216,42.062500,10.006129,48.207457,208.591391,47.842094,121.716083,169.558178,23.459836,219.142917,269.390428,213.493182,31.392349,57.276062,1.663598,533.470939,321.725284
R2S2_TRAIN_7917C9421E0F,4121.224279,395.920299,384.940318,14372.927269,1189.067523,42.687500,26.347003,46.997613,219.930495,51.768723,117.651145,169.419868,24.661281,159.361295,285.505718,219.096948,35.102170,57.835530,1.646625,530.722099,357.070028
R2S2_TRAIN_A334AA13C252,4036.152592,388.313772,374.227760,6361.159755,1186.754408,36.581225,8.073029,48.668319,216.968920,53.143392,109.504137,162.647529,25.666214,160.242482,281.676337,208.866787,32.129246,57.289713,1.662100,501.189612,312.769382
R2S2_TRAIN_B7EDE466E489,4277.187109,403.344945,391.434950,13145.491373,1185.098992,47.639688,9.123446,48.847571,219.998408,55.652417,116.437129,172.089545,25.090927,130.222878,292.779803,197.283517,32.595188,57.450814,1.650926,502.694126,306.549224
R2S2_TRAIN_C2BEAA7C8504,4193.875913,392.719948,380.167288,9796.533498,1182.855988,43.000000,6.206267,47.912944,219.988993,48.720076,107.155508,155.875584,26.185128,121.999459,290.891001,155.140364,31.620706,57.334457,1.660512,496.817658,311.102941
R2S2_TRAIN_561D88FD1A86,4210.968337,398.601346,381.324724,13911.227468,1186.954377,43.802402,12.334687,46.880352,219.984773,47.188310,122.505711,169.694021,25.039821,195.940024,291.201517,172.980615,32.939942,57.579357,1.654135,499.610301,315.605486
R2S2_TRAIN_750EF1F40519,4205.660982,391.092225,380.818830,14366.543708,1183.425076,41.687500,15.328272,46.000932,219.896217,54.272466,111.165441,165.437906,25.615190,134.678474,290.897049,172.008345,34.508935,56.869736,1.686657,521.401063,331.622135
R2S2_TRAIN_10DCD98AF03A,4182.207248,397.510267,385.609631,11232.363773,1185.981882,40.984828,25.315607,46.672432,219.938954,45.276389,113.592760,158.869149,25.407317,168.289628,284.333924,173.684358,34.788815,57.211140,1.670187,507.263276,326.388604
R2S2_TRAIN_15E382480BFD,4202.400025,399.820485,386.440882,14227.672949,1185.676729,39.934212,16.318471,46.649305,219.989139,49.149890,112.510223,161.660113,25.369019,169.579141,286.012632,189.217160,31.430513,57.231790,1.665588,518.306320,328.077968
R2S2_TRAIN_CC21EBB27F50,4315.430358,399.634557,386.280875,14540.116593,1155.167690,45.875000,21.070910,47.023332,219.972975,49.406757,117.320904,166.727661,25.764468,129.286422,293.512555,167.066471,34.263558,57.169838,1.661719,516.304153,331.386856
R2S2_TRAIN_CF59565471E2,4234.901727,394.306790,384.346215,10197.369512,1187.104314,41.381018,12.815670,47.330486,219.992983,59.382908,106.219042,165.601950,25.854136,136.153724,289.335939,156.910904,32.471760,57.430573,1.661728,493.688231,308.850787
R2S2_TRAIN_37CDF675B869,4353.142988,405.355910,392.874802,14401.609947,1196.817303,46.968522,5.112508,49.165257,219.962354,53.168503,121.220969,174.389472,25.824219,130.305297,297.358320,158.603558,35.043755,56.409226,1.667139,490.898893,306.017396
R2S2_TRAIN_83D833E7FDA0,4204.824193,392.734512,382.538099,10839.136954,1186.716374,42.437500,20.589246,48.557056,219.982953,54.446243,110.040179,164.486422,26.054093,147.596910,287.687205,214.139779,32.681888,57.389757,1.655800,507.540209,325.738884
R2S2_TRAIN_73BCED710E8E,4129.801052,393.893085,381.639758,10108.770534,1178.031189,44.511291,11.622060,48.254950,219.905290,53.995051,117.803587,171.798638,24.668455,142.794386,287.367821,216.696539,33.077793,57.937028,1.648431,506.401639,318.796718
R2S2_TRAIN_733C5629FCB2,4168.858141,401.917738,390.417552,13035.278500,1200.456988,43.000000,23.934628,48.718673,220.012942,57.899695,115.763899,173.663594,24.092483,141.024426,285.450653,250.385398,32.654563,57.601491,1.659900,502.258034,310.076164
R2S2_TRAIN_96F1B8F972EF,4199.492356,400.789451,387.885089,9652.215070,1200.002426,41.937500,8.797985,48.970651,219.946218,54.482916,119.808962,174.291878,24.706883,158.974091,287.728711,229.415454,34.397923,57.518949,1.659208,492.260619,311.145191
R2S2_TRAIN_64543C00D325,4019.514354,349.013043,370.070160,6087.494528,1187.303927,37.642619,4.374467,48.838332,215.970148,54.603659,106.570957,161.174616,25.771537,151.535867,282.238373,219.406123,31.345149,57.410788,1.656579,492.665149,307.158504
R2S2_TRAIN_C1E0F4B97299,4175.457305,392.349820,380.987143,8925.353503,1185.394556,40.750000,14.220158,48.438572,208.897627,46.358828,108.625668,154.984496,26.017100,153.953388,289.261157,214.007299,34.429812,57.572862,1.660305,511.702413,331.800422
R2S2_TRAIN_A4D0B3EEAC92,4329.318553,405.371210,393.227996,13844.756792,1199.807428,46.890914,4.732531,48.695411,219.913288,52.350569,123.214155,175.564724,25.570248,126.668393,296.285848,148.181719,34.551514,57.559910,1.657769,499.203551,309.004153
R2S2_TRAIN_3E3F2D9DDDF8,3557.009016,327.477791,318.890332,4047.672164,1195.159367,38.246551,23.499153,48.890638,215.965432,47.581786,104.305463,151.887249,26.374246,153.873619,282.236505,226.704913,31.965238,57.897088,1.645785,495.682484,316.151585
R2S2_TRAIN_9C86EC3C4F7A,4170.584540,389.935472,381.084480,10306.063444,1199.630222,40.801529,12.210115,48.774948,219.978053,57.428581,107.569852,164.998433,25.770290,187.894782,286.849375,254.260822,31.917164,57.417307,1.666610,502.020296,315.497922
R2S2_TRAIN_96CCB74FF25B,4190.873070,400.822379,386.782279,13918.809935,1185.080333,47.294824,10.672036,49.541028,219.972115,56.125608,114.112228,170.237836,25.393635,146.630087,285.932833,204.938671,34.906073,57.299653,1.661800,496.017396,306.050087
R2S2_TRAIN_0AA3ED39AA50,4078.641441,382.355355,367.883176,6267.235856,1185.936565,41.500000,7.749305,48.764341,220.030011,51.459126,104.252599,155.711726,26.286896,162.418124,287.021398,205.365164,32.656142,57.460902,1.658500,505.400040,318.918225
R2S2_TRAIN_E791DE0430EF,4007.999110,386.412456,375.650206,10010.431463,1187.301528,37.897974,26.622377,48.365920,212.162663,47.905204,111.914682,159.819886,25.514047,195.424275,285.665811,211.730683,33.025899,57.579473,1.656790,523.650220,337.874470
R2S2_TRAIN_A6385AFB0349,4253.843930,400.668234,386.756776,11403.555605,1189.044869,42.632693,18.767677,47.502491,218.884763,50.213664,111.250749,161.464413,25.215281,217.622653,293.155157,210.505676,34.321628,57.214265,1.689395,528.943640,341.327771
R2S2_TRAIN_9CD33F8A58B1,4143.089552,397.682926,385.437411,11081.986322,1190.443493,41.500000,8.087126,48.337179,219.942879,56.306469,106.594858,162.901327,24.188245,128.549720,286.707520,192.551287,34.571382,57.603691,1.652100,510.074852,319.069461
R2S2_TRAIN_A3862D2F2908,4069.464369,387.844760,378.838997,8159.041273,1199.334382,41.000000,25.956319,48.076588,215.998133,51.519556,105.802908,157.322464,25.175582,209.634606,287.340299,228.654547,33.097464,57.529258,1.655844,519.084249,326.308388
R2S2_TRAIN_E2230D920254,4258.276777,393.286893,389.750942,12517.470199,1186.592286,46.579755,7.189989,45.913259,220.010543,48.523007,110.340546,158.863553,26.586249,133.917479,292.107602,154.218169,34.375248,57.261463,1.664912,510.951181,326.647177
R2S2_TRAIN_D70A93A8C153,4147.512059,399.258178,389.483362,12331.802700,1182.634425,40.191204,22.518348,48.449304,220.014988,48.160129,122.738388,170.898516,24.206334,168.725499,279.588496,228.513207,31.338523,57.185340,1.663497,502.842358,321.388069
R2S2_TRAIN_F07D18C06915,4331.605225,402.352516,392.518968,12730.469770,1187.369754,44.000000,26.003335,47.780187,219.964637,52.723197,120.550147,173.273344,25.331406,145.324785,289.820007,185.252943,34.137470,57.537793,1.652046,515.226041,329.645204
R2S2_TRAIN_DE11952084CB,4205.124833,392.236327,382.632752,11680.548176,1181.493292,42.750000,16.234074,47.944721,219.940985,47.013505,112.159082,159.172587,25.110786,194.906258,284.992558,198.329512,34.239588,57.098520,1.665764,511.572823,319.311119
R2S2_TRAIN_EA675A24E57B,4126.736390,400.919037,386.726289,8133.872753,1189.677968,42.947915,3.659516,49.390817,219.980613,54.179807,110.041906,164.221713,24.923548,134.597231,285.288137,196.298419,32.761915,57.164524,1.662900,492.740954,312.185310
R2S2_TRAIN_6744B22D0A91,4214.212299,402.341594,390.675501,12820.779978,1186.568143,42.375000,10.050665,48.775950,220.021658,53.172509,121.280557,174.453065,24.359219,184.217919,284.300727,206.270248,32.049244,57.501027,1.655200,510.225395,317.492186
R2S2_TRAIN_30A80B877269,4201.959811,388.078744,375.723714,11751.245411,1200.469526,44.068365,24.877132,47.771217,219.964416,47.294926,106.436855,153.731781,27.032487,134.118628,294.943864,177.751158,31.985902,57.726387,1.647620,499.402368,314.299257
R2S2_TRAIN_9AD41414543B,4169.557606,397.904612,388.800446,13474.026655,1186.217663,46.267616,26.669364,48.962557,219.973365,55.630239,107.999843,163.630083,24.656757,174.996492,281.844363,250.267053,34.425417,57.019246,1.665600,519.190626,327.125201
R2S2_TRAIN_2550AAAA0D69,3944.293075,394.379135,384.927145,5233.443914,1186.889982,42.125000,26.953723,48.835206,219.877657,47.730047,114.690596,162.420642,24.183615,193.401776,264.221630,228.152356,31.230058,57.558857,1.656398,505.755370,311.917525
R2S2_TRAIN_E2784DCC251F,4108.510387,402.258702,391.392753,10301.170223,1187.177929,43.561229,5.912452,48.915321,205.619782,52.975728,117.563687,170.539415,23.899323,159.754842,272.974909,205.056125,34.250217,57.601245,1.661085,501.435449,311.114728
R2S2_TRAIN_42A94F194949,4315.958969,400.974411,386.995110,13582.217347,1199.689032,44.000000,8.109511,47.747028,220.015158,56.815088,116.824186,173.639274,25.740106,129.394039,296.984247,159.571457,34.299366,57.626678,1.651833,491.431206,307.469562
R2S2_TRAIN_89B88E7EB157,4193.399618,397.320357,385.621037,11553.228057,1185.168724,39.000000,14.194600,48.515243,219.999452,54.002038,106.680057,160.682096,25.935917,134.953147,288.195922,222.899563,34.459384,57.777680,1.651098,495.232960,314.880576
R2S2_TRAIN_3BCD7D829D31,4017.875588,390.637865,379.480947,12822.802353,1135.996229,40.585744,9.851051,48.248637,219.935757,51.639276,112.604900,164.244176,24.453756,145.104098,271.771399,179.659210,32.043561,57.664269,1.655536,506.039574,316.426284
R2S2_TRAIN_230DA9C10BD1,4047.405699,388.977715,379.478120,7335.470412,1187.636647,42.875000,7.858166,49.274231,219.966615,52.985754,105.574645,158.560399,25.517867,162.983957,287.937079,222.644384,34.304193,57.571597,1.656200,493.622626,309.013171
R2S2_TRAIN_3D1D338A60C2,4214.559335,401.946250,385.318688,11658.889999,1184.298654,41.937500,24.459574,49.290962,217.933394,50.504644,117.829760,168.334404,24.276864,176.790634,286.372850,224.437179,31.985574,57.321598,1.659735,504.379986,321.506055
R2S2_TRAIN_9E331375FDDC,4164.823236,397.763293,375.061277,9295.037330,1199.417001,42.062500,9.119733,48.512789,216.060340,54.120834,109.032076,163.152911,25.477532,199.960753,289.746462,217.897394,34.274325,57.628784,1.652973,502.601144,310.268544
R2S2_TRAIN_5F379F23D425,4264.730924,401.746356,390.690537,13718.880742,1200.447496,46.328556,10.813332,49.267206,220.029911,54.080446,115.998227,170.078673,25.194665,133.702336,293.231671,185.037721,34.469978,57.667720,1.652100,497.493656,307.738251
R2S2_TRAIN_555761FC9066,3787.758180,327.477791,367.660433,9049.941613,1199.501554,36.084382,16.574536,48.430308,216.031501,50.378537,100.318844,150.697381,25.602044,156.702812,283.837447,176.657152,34.275153,57.502843,1.655947,511.489115,336.079483
R2S2_TRAIN_636FACC75FAF,3864.781442,364.653668,371.113928,6094.548985,1199.366549,35.993387,24.118377,48.610078,216.013111,53.711467,100.503118,154.214585,25.981201,170.858131,285.153135,217.796841,31.502393,57.568301,1.653700,505.838766,314.008334
R2S2_TRAIN_5ABE6B87D1C6,4131.449842,396.499842,382.313995,10397.687698,1192.614030,41.562500,9.554924,48.503472,219.947072,54.509650,113.673434,168.183083,25.397913,148.484194,285.094945,201.905973,32.286332,57.277685,1.659408,497.214651,307.134159
R2S2_TRAIN_0FC3FF447CAD,4226.486963,401.167277,388.338945,13450.215587,1184.908440,47.494615,10.632561,47.957636,219.974071,48.492224,120.798522,169.290745,25.287504,128.120121,289.177204,202.165223,34.378744,56.696772,1.665600,506.227086,331.702331
R2S2_TRAIN_97EADE283D05,4251.474587,403.349887,389.374486,13646.189085,1186.319428,47.639688,24.690867,48.642024,219.976716,49.541098,119.863326,169.404424,24.663421,140.491838,291.694186,204.055721,33.203912,57.499331,1.653926,502.417767,315.107106
R2S2_TRAIN_D14CBCE7101A,4183.873715,400.107868,382.858056,10328.478289,1200.549403,42.625135,8.332832,49.070007,220.017585,54.863612,110.194882,165.058494,25.597015,156.572676,289.222523,229.167235,34.060460,57.327926,1.657055,492.379887,303.491678
R2S2_TRAIN_42E5541B46E1,4036.130057,377.376727,375.538306,3976.467527,1200.797983,41.859361,25.065539,49.890060,219.994351,49.078734,104.754610,153.833344,25.877134,142.127000,286.268979,221.585770,33.312336,57.798555,1.644345,493.839076,305.919156
R2S2_TRAIN_14C82DD7009E,4102.682862,393.217450,375.245605,8122.475760,1184.881107,40.687500,20.989697,48.405399,219.910167,49.595124,109.554517,159.149641,25.503955,205.789089,285.756887,225.365943,32.113897,57.352679,1.666455,500.509553,329.744770
R2S2_TRAIN_848494E0D011,3891.398029,372.986250,370.915167,6127.259140,1184.152644,34.982741,25.256048,48.235734,214.987419,50.215288,99.881823,150.097111,25.465859,163.959542,281.723544,218.244357,32.540991,57.241304,1.661746,510.334025,337.443010
R2S2_TRAIN_91A49D2DB037,4240.833143,397.106117,385.258854,11584.479492,1186.154734,44.062500,3.367278,47.310473,219.957801,48.240962,118.054211,166.295173,25.767856,143.701317,289.529905,149.804059,33.074359,56.410529,1.669879,509.596470,322.835093
R2S2_TRAIN_10A4E90BDABE,4023.124886,391.660054,375.437027,11289.425803,1199.721225,44.294960,18.708044,49.022964,219.945358,49.080320,115.649333,164.729653,25.931389,185.671178,288.558999,227.649733,32.612969,57.511038,1.655800,508.625566,312.624344
R2S2_TRAIN_525AD2D7A8C9,4244.616536,393.140198,380.903610,13065.608361,1199.728687,47.154818,7.034927,48.672196,219.957484,55.771484,104.126591,159.898075,25.807329,127.041652,297.623911,199.443037,34.460267,57.621057,1.651000,501.144952,310.221069
R2S2_TRAIN_83129AAC3A90,4155.978471,400.949456,387.596904,8021.152347,1200.858361,45.419417,24.551704,49.362072,219.984785,57.092485,108.547906,165.640391,25.319449,132.549531,285.175543,226.080071,34.231598,57.927679,1.641954,497.996619,315.500584
R2S2_TRAIN_6979DC96DD27,4166.861584,340.401668,372.135461,7916.372854,1191.472755,40.875000,25.149164,48.677112,219.932698,54.482880,106.661552,161.144432,26.509639,171.009136,289.130138,226.269777,31.335283,57.220708,1.686644,505.423811,325.332643
R2S2_TRAIN_1765F2851FB8,4192.744501,401.596138,385.700966,12838.982545,1180.067891,42.045171,3.430904,47.165329,219.899928,52.582926,114.564306,167.147232,24.875816,142.782484,286.725836,168.614960,31.500040,57.506655,1.655348,501.453027,317.239386
R2S2_TRAIN_91AD70303689,4293.583148,400.960105,392.702159,13830.986707,1184.335392,46.431655,11.768461,48.470746,219.971645,52.378717,113.551766,165.930482,25.134293,158.907871,291.008455,197.003750,34.472803,57.662918,1.649109,510.702021,318.467177
R2S2_TRAIN_20D3838082DE,4212.929829,395.401029,385.755512,12033.900330,1199.933996,39.875000,7.309503,47.093998,217.896635,53.291329,115.810438,169.101766,25.353747,142.827235,289.897900,186.135436,34.078484,57.326628,1.669852,512.702898,335.780701
R2S2_TRAIN_BAE0B7ED058D,4143.789370,397.407834,390.319744,12032.462031,1195.133197,43.000000,10.791677,48.043189,219.950716,56.662980,107.849166,164.512146,25.159866,142.883516,284.823818,194.256100,34.999449,57.677869,1.650600,498.821267,315.791166
R2S2_TRAIN_6264F7DDBFDF,4248.626333,392.926349,377.730021,7786.455646,1200.759912,42.250000,10.166198,48.714601,219.995411,59.382908,91.201508,150.584416,26.816425,147.204070,295.676734,227.648153,34.362075,57.484023,1.655100,507.753939,317.946446
R2S2_TRAIN_D784AA311148,4245.995279,397.101948,390.464504,13375.938954,1182.074728,46.246591,4.363618,47.365426,220.035094,49.901518,116.919002,166.820520,24.908883,142.855059,286.342247,165.304731,34.493463,57.475607,1.658363,510.483571,317.647653
R2S2_TRAIN_DDDE5FE5A680,4231.965137,395.973038,384.321849,12861.112531,1192.613705,46.000000,14.118388,48.545372,215.915075,57.429757,109.006006,166.435763,25.919131,177.308522,293.686730,220.219341,34.516039,57.378877,1.656223,505.417375,309.306764
R2S2_TRAIN_4A0818604242,4088.536314,397.611041,387.193515,10420.859110,1186.155746,41.405987,24.569797,49.297443,219.919324,55.381746,113.321151,168.702897,24.158118,160.972141,281.550887,224.353612,34.504842,57.403090,1.660522,504.488132,321.151544
R2S2_TRAIN_BD9DE78BF169,4245.028251,370.900671,365.987023,9597.645737,1186.662955,42.875000,6.264397,48.150110,220.006482,51.917907,101.984803,153.902710,26.800945,159.381928,296.063213,221.821986,31.460859,57.568528,1.657943,496.722220,311.335090
R2S2_TRAIN_780EFA9DEA7C,4208.275954,394.966342,387.111236,12921.056003,1187.707970,41.500000,11.315483,47.215598,219.978654,50.566177,113.098578,163.664755,25.888527,135.980454,292.967677,199.239583,33.231855,57.408932,1.665291,503.699133,330.273390
R2S2_TRAIN_7F7A3EB7A27F,3990.566339,339.164568,332.061262,8299.938466,1200.098421,32.330021,25.033404,47.661896,194.484890,48.816906,104.623876,153.440781,25.715287,208.924817,279.969329,241.891063,34.405903,57.712872,1.646084,531.158658,333.861191
R2S2_TRAIN_36367E4956D1,4195.047839,389.138096,378.586065,13385.152188,1200.577161,41.230308,13.185068,47.941339,217.968518,53.091490,106.460175,159.551665,26.461255,120.283385,295.045880,201.249139,33.169989,57.332536,1.663647,503.652389,317.403106
R2S2_TRAIN_28A533F20E24,4148.612960,401.629896,393.318536,11520.336869,1200.577867,45.040025,25.250080,48.714287,220.017335,48.540222,119.879889,168.420112,24.811108,144.295720,286.295419,226.932755,34.931502,57.715393,1.650367,496.485707,315.671174
R2S2_TRAIN_2A4253B503AE,4150.982218,395.314476,379.253677,11344.595458,1183.292303,41.586071,25.605874,49.281695,219.903323,50.376883,109.156227,159.533110,25.132589,157.876883,284.482384,229.828300,33.182324,57.266612,1.663429,505.155391,321.604571
R2S2_TRAIN_243FEAD61348,4075.633315,385.435305,376.044114,11226.639781,1186.255259,38.222157,19.585235,48.467530,217.004963,46.256088,112.512614,158.768702,26.005598,157.386757,287.990070,236.756907,31.370026,56.681648,1.692169,505.042706,321.748471
R2S2_TRAIN_2B1B005B8AC9,4194.016805,395.953401,383.263942,9300.559404,1188.382726,41.425141,24.481402,47.688203,219.941198,48.768727,108.183162,156.951889,25.434321,141.471366,292.084164,191.037603,31.955544,57.483798,1.669857,526.633820,336.234497
R2S2_TRAIN_D8620C73CD61,4161.664221,394.784882,381.980406,10118.016199,1200.250704,40.541416,25.238191,49.960235,217.005409,49.614147,110.372187,159.986334,24.433412,218.947353,286.743033,233.211049,34.216052,57.532274,1.651000,505.085303,311.872760
R2S2_TRAIN_70C074A9F56B,4091.982326,397.664302,386.182329,11892.373742,1184.283744,40.562500,24.667888,46.923269,188.698074,47.597000,121.784540,169.381540,24.606268,177.848014,285.652429,161.013668,34.455759,57.550859,1.656400,510.371510,320.734665
R2S2_TRAIN_B2FD494F3FAC,4323.359537,404.033390,392.573056,14960.192379,1180.982172,46.125000,3.620532,46.795505,220.027469,51.833691,116.213367,168.047058,26.012052,158.717448,296.462081,169.922947,34.523440,56.994094,1.665600,528.870261,319.590504
R2S2_TRAIN_6F94F82BDBEB,4274.425610,402.214069,391.609761,8405.810232,1186.936467,44.281511,19.420717,48.341501,219.957569,58.286103,107.935407,166.221510,25.094219,186.107919,288.110319,246.268752,34.522224,57.478869,1.654100,502.461000,307.685700
R2S2_TRAIN_E16F753BD422,4182.331828,403.172113,385.794994,10416.879607,1199.823939,42.195176,14.253923,48.873346,219.989502,54.650914,117.062142,171.713055,25.378608,151.563632,288.703834,229.408140,33.264766,57.166285,1.663104,495.861433,316.172466
R2S2_TRAIN_B4758FA88B2C,4301.242889,396.309212,387.666169,14960.192379,1185.946553,45.206138,25.784811,47.052030,219.935216,49.604459,111.362912,160.967370,25.653534,149.207592,293.285936,157.492657,34.983063,57.384038,1.655887,515.063284,324.036392
R2S2_TRAIN_81E3E790F19B,4214.488720,401.749562,388.905171,13892.867616,1188.144937,42.687500,10.681971,48.130711,219.987569,55.719346,120.278392,175.997738,24.141149,151.770863,292.531028,173.843932,34.476594,57.134140,1.662298,502.473433,324.612432
R2S2_TRAIN_6F661411F365,4106.372285,387.409765,375.966541,10296.902369,1179.684484,40.375000,12.813875,47.136543,219.928230,50.013212,105.606518,155.619731,26.466842,156.639898,286.508429,181.339559,31.963764,56.599201,1.670193,514.067708,325.050254
R2S2_TRAIN_7EF6E9D5278C,4142.744257,391.665503,377.722771,10301.972373,1185.990212,41.119819,19.694198,47.529429,219.952621,52.758782,109.928456,162.687239,25.825190,147.883866,289.289576,168.614734,33.226777,57.578807,1.657000,508.155643,323.256322
R2S2_TRAIN_39B9663955CC,4194.047781,398.419511,385.174954,6219.933551,1200.777415,40.611815,16.173679,49.986100,219.993366,53.935031,115.204039,169.139070,25.221207,181.197128,285.577951,248.707641,32.083980,57.483730,1.658917,494.851554,311.211500
R2S2_TRAIN_76DCB84448CA,4038.968680,389.589223,384.520792,8406.322388,1200.841601,39.375000,4.590885,48.714192,219.975374,59.382908,102.062664,161.445572,25.260887,156.928894,284.041403,242.820172,34.295410,57.753531,1.642146,495.125151,321.545841
R2S2_TRAIN_88D61F0A2B93,4150.305951,390.649569,386.606638,11587.273134,1185.706057,40.875000,4.890845,48.140849,219.939490,48.354213,111.694343,160.048556,25.988004,158.566487,289.654737,214.043412,34.048361,57.490185,1.649100,509.959708,318.364531
R2S2_TRAIN_C1A39146140B,4137.728251,389.556653,367.881055,11634.839601,1187.164833,46.938002,24.162149,48.631212,220.014344,51.709751,102.544304,154.254055,26.661163,131.318050,293.264191,192.245827,34.339419,57.361542,1.657600,494.157593,308.894066
R2S2_TRAIN_2BFD09DB0703,4192.436854,395.111587,380.536464,10296.174327,1201.258099,43.375000,23.891479,48.922300,219.985543,56.798956,109.951088,166.750044,25.699558,155.757410,290.908490,242.249924,32.782164,57.805979,1.644610,510.195270,327.055030
R2S2_TRAIN_3F2BF8568F5A,4092.347764,388.561169,382.108430,5234.983977,1200.659122,43.750000,14.208913,49.879090,215.945446,58.073740,103.669802,161.743541,25.169778,135.373121,287.540853,257.375422,33.233635,57.670319,1.661737,490.396999,307.852049
R2S2_TRAIN_C46EE7AE6701,4101.217009,390.279373,383.764388,6250.013780,1185.440466,37.259568,15.751319,48.728262,216.925229,47.182779,107.630916,154.813695,24.964592,143.743875,286.810490,225.056279,31.200012,57.539605,1.659300,496.019969,308.999150
R2S2_TRAIN_F3DBCA4678CA,4157.164660,395.632136,381.464442,6956.684914,1199.185917,37.430438,20.511694,48.017470,220.031362,50.426231,108.852837,159.279068,25.815395,175.005663,288.110975,225.682891,31.317319,56.360877,1.677893,508.158371,321.018729
R2S2_TRAIN_3B5E571F53B3,4199.875659,402.464142,390.206893,10291.166964,1199.529349,44.875000,14.094987,48.491958,219.963973,50.490523,120.864146,171.354669,24.814955,158.887983,286.511134,222.396100,33.807236,56.677031,1.689165,496.736722,306.956693
R2S2_TRAIN_D2A25154C811,4060.090727,399.365706,382.355970,13743.009508,1184.594900,40.437500,14.049731,48.315667,219.981294,54.353605,110.812317,165.165922,24.918669,154.721576,280.575633,225.842104,34.293214,57.541608,1.650600,505.279698,315.598707
R2S2_TRAIN_E40D479FAAB0,4092.195477,392.189200,384.579745,9216.796238,1186.193876,40.562500,24.890863,48.520343,219.955060,53.565991,107.508134,161.074125,25.498083,181.825204,281.740379,233.981162,32.983181,56.249170,1.690742,511.716200,335.279903
R2S2_TRAIN_15BD59E0BDDB,4266.224327,396.201882,387.329094,10126.314410,1186.357763,40.825855,24.263636,46.845809,219.938111,52.495237,107.896609,160.391846,25.734482,142.712525,293.847431,194.861953,31.230498,57.244957,1.652974,507.492225,326.501935
R2S2_TRAIN_98F269C8F04F,4214.547221,397.011506,390.631410,13550.999980,1183.828679,45.843792,11.080259,47.824686,217.954018,45.601915,119.927126,165.529042,25.302772,161.002980,285.892081,171.310067,32.127165,57.333161,1.659500,517.425855,329.133657
R2S2_TRAIN_3814FA4AF825,4089.750431,388.811867,382.649888,9166.026943,1195.864870,40.875000,26.328882,48.526778,216.037262,52.210923,113.000976,165.211899,24.997560,151.003410,285.532407,211.800434,32.589439,57.643011,1.657900,505.583304,320.705733
R2S2_TRAIN_4D2C51EFAA4C,3878.496326,379.409826,380.632106,6128.306341,1194.102741,40.812500,26.335553,49.263552,215.008589,51.726831,100.521863,152.248694,25.636242,232.412363,282.124702,218.260535,31.106263,57.496053,1.657230,512.666560,333.645304
R2S2_TRAIN_525133C10C15,4193.195190,399.465823,382.830057,10228.571739,1185.426544,45.998551,13.046020,48.663964,219.967320,54.279578,113.934772,168.214350,26.093513,160.517169,292.549683,225.670191,34.493091,57.429994,1.658567,501.259604,316.129450
R2S2_TRAIN_AA2BC36EC8F8,4249.378443,397.063011,389.833806,13131.597130,1187.817972,47.639688,13.474937,49.570228,219.979235,54.216584,118.176926,172.393510,25.450031,124.998647,293.206918,221.203320,34.828155,57.299955,1.668040,495.311906,307.999952
R2S2_TRAIN_5CBEDEE50E9E,4087.014239,397.547710,386.406960,10605.598481,1199.260292,41.375000,13.636186,49.201866,219.922941,55.245370,113.426421,168.671791,24.510589,149.225577,277.664341,221.215901,32.027640,57.570690,1.653359,499.755921,312.965394
R2S2_TRAIN_4739534658FF,4084.781828,349.265166,372.957078,6152.152064,1193.824722,40.125000,24.550158,48.868539,219.232813,56.203857,90.168828,146.372685,25.999703,168.525015,284.594710,219.229622,31.957049,57.619917,1.651500,512.762848,337.619427
R2S2_TRAIN_DE7078F62486,4101.431257,388.313033,384.547264,9267.229833,1194.268246,41.437500,24.229039,48.736436,213.457426,52.787119,106.410471,159.197590,25.349321,178.505033,287.895992,209.997242,31.954644,57.597612,1.652099,502.607067,315.288578
R2S2_TRAIN_0D6CEE7C9667,4249.588151,396.518390,388.078669,12360.026564,1182.718428,47.123835,25.160755,47.823762,219.944788,48.031831,111.421340,159.453171,25.538725,156.437107,290.498149,221.286939,34.902639,57.130432,1.656500,515.661775,320.445069
R2S2_TRAIN_8C279729D170,4077.839237,390.662439,381.273020,8367.647938,1184.895241,43.703890,12.189221,49.144362,219.946538,52.417736,106.768074,159.185810,25.261556,150.102164,282.278434,210.782699,32.612185,57.410211,1.659800,499.032577,309.933020
R2S2_TRAIN_FBF96D9C7472,4161.406633,402.637779,387.049877,13112.688647,1185.312290,40.375000,7.897833,48.227329,219.981783,52.463966,120.612210,173.076176,24.206293,150.863543,280.079313,214.269892,34.309993,56.419272,1.671315,506.394032,324.730268
R2S2_TRAIN_937BA7524B26,4105.706938,383.660758,373.319853,10030.030898,1187.831873,41.437500,23.616404,48.706351,219.983905,54.732913,106.016367,160.749280,25.474662,178.047890,285.014402,227.436481,32.009190,57.802447,1.644889,506.996005,321.876530
R2S2_TRAIN_AF8A35310CA4,4235.518148,398.927741,381.377950,13647.702846,1187.202607,41.187500,19.579997,46.699681,217.953634,48.707388,117.962727,166.670116,25.270624,143.312662,292.321456,194.947210,34.557965,57.050041,1.662800,522.876367,332.843096
R2S2_TRAIN_81CBBAC4826F,4215.989892,398.661416,383.606997,13709.656945,1186.074135,42.437500,13.505665,47.216891,219.968470,52.039358,116.063585,168.102943,25.855202,157.449410,293.895016,181.228493,32.792526,57.475876,1.656200,526.645569,335.547943
R2S2_TRAIN_CF49F45EC250,4237.929061,404.373244,388.589624,12516.261052,1186.336467,42.375000,11.964261,46.227459,219.952393,55.256579,122.908212,178.164790,24.534637,134.646843,291.791032,150.660786,34.440974,57.747895,1.654104,509.535967,327.817253
R2S2_TRAIN_2BAFDEE2CD8B,4025.044533,378.927772,371.875013,8407.784514,1183.583944,40.875000,6.528065,48.762758,205.602693,53.838128,100.191432,154.029560,26.101644,189.528767,285.147481,218.835858,32.766826,57.294303,1.667603,497.091968,321.271826
R2S2_TRAIN_2AFE7508DBB7,4202.196262,397.171170,381.519997,8532.484442,1183.977175,40.812500,4.394199,48.407353,219.978143,53.966344,109.260408,163.226752,25.933058,159.112027,289.747855,208.598434,32.101395,57.360599,1.661721,510.047460,321.140563
R2S2_TRAIN_158A4004220E,4134.140987,390.579293,378.807593,8594.020763,1200.402434,39.061462,10.462376,49.143650,219.933981,49.166457,108.636949,157.803406,25.257991,142.099190,284.134494,209.538330,32.995354,57.760824,1.650000,525.511575,337.116825
R2S2_TRAIN_37D271C4F48F,4228.438239,395.687374,382.260928,10201.499524,1186.454592,40.437500,21.462948,46.986127,219.956513,48.290027,108.077043,156.367070,25.810797,161.668363,289.933215,204.217793,34.297177,57.241629,1.662547,513.499434,322.548049
R2S2_TRAIN_684297919E8C,4249.207943,404.529034,390.785242,10369.337782,1199.037176,42.437500,23.214854,47.561412,219.965303,52.480729,119.435356,171.916085,25.854815,146.996748,289.563647,223.449074,32.653784,57.531386,1.655842,504.650500,310.823184
R2S2_TRAIN_727C34D01DE5,4237.482382,398.225860,383.308411,10402.683735,1193.338949,42.062500,25.178666,48.130848,219.945109,55.064319,115.578961,170.643280,25.962664,173.312681,291.013195,218.889009,32.760651,57.556048,1.655200,521.748024,341.029745
R2S2_TRAIN_9E739F435EC2,4328.375504,400.013028,385.815537,12819.753872,1194.388832,40.437500,4.436317,46.669193,220.038758,54.985489,111.146108,166.131598,25.426371,151.087786,292.053072,184.691846,34.480379,57.209315,1.662700,514.382610,325.935882
R2S2_TRAIN_B8DB20110630,4086.294889,400.959781,385.468765,12307.892909,1199.846567,41.562500,26.382839,48.580933,219.952215,57.133288,115.261175,172.394463,24.363514,168.884052,280.451139,242.537112,34.445144,57.662380,1.651414,509.157487,318.628687
R2S2_TRAIN_39089C9A2017,4119.857947,397.022638,379.712548,9134.361571,1200.072391,39.551520,26.556882,47.315878,219.932779,47.323341,119.932809,167.256150,25.155971,232.412363,280.795406,200.068122,34.306251,57.688656,1.653594,529.275070,330.340392
R2S2_TRAIN_0DABA9E91E3D,4149.810739,400.575930,388.193431,11443.575762,1194.909071,46.576672,23.525504,49.883477,216.002142,55.042542,114.345795,169.388337,25.086449,162.415776,285.144873,229.788301,34.225690,57.600761,1.652172,507.305510,307.286727
R2S2_TRAIN_0DEDEA1D8C89,4060.979866,391.235718,385.380214,9277.208621,1200.465528,42.500000,11.899444,47.319318,215.973785,50.802856,118.706202,169.509058,25.507021,147.231870,287.645595,174.155302,34.278616,57.354281,1.659371,505.055115,325.854271
R2S2_TRAIN_CFFEEE7918C8,4197.242044,395.971929,381.611152,10391.007918,1185.730714,38.659181,17.637962,47.778909,216.385732,57.882422,105.770219,163.652641,25.935963,165.868899,291.310228,208.905666,34.419288,57.397842,1.661400,509.531712,330.420071
R2S2_TRAIN_D5B846E52CF3,4195.194102,395.296726,386.314687,7904.910152,1199.687343,39.737699,26.252776,48.634149,220.006316,57.440405,107.160849,164.601254,25.764503,173.515653,288.414635,238.219496,34.408242,57.684307,1.650704,504.865564,322.568508
R2S2_TRAIN_11277BE044C4,4201.166840,393.101050,380.162924,8997.070418,1186.235235,39.937500,9.277217,48.377319,219.975663,49.299010,104.629378,153.928388,25.794139,168.921119,286.360893,171.972331,32.473173,56.763564,1.685945,504.870445,324.269725
R2S2_TRAIN_C6E3DED2C590,4137.222806,397.995035,384.978217,12754.666240,1182.219853,45.000000,7.939003,48.881047,219.935138,51.812554,118.732767,170.545320,24.676777,138.882508,286.066133,186.345279,31.991411,57.244538,1.661945,499.520637,306.563096
R2S2_TRAIN_D6B7AB9B67A6,4084.961815,390.471502,377.922867,4188.985975,1185.668868,42.375000,12.266134,49.828336,220.004776,53.395994,109.916502,163.312495,25.920643,178.144477,286.608279,224.847067,31.142579,57.489777,1.651500,493.302134,306.881612
R2S2_TRAIN_AD50AD88C1B8,4224.126159,401.680698,391.682952,9459.984618,1186.720988,40.902325,11.012061,48.730012,220.004739,50.819968,119.471494,170.291461,23.831864,187.578185,283.104780,229.832644,31.362665,57.030754,1.666569,497.544153,315.535529
R2S2_TRAIN_134C99D21E6C,4100.793685,360.653994,367.705551,6090.776207,1186.389080,39.112594,6.935756,48.194935,219.979323,48.364585,104.698607,153.063191,26.687518,146.122189,290.905649,187.373363,31.393967,57.490441,1.657123,497.403032,319.584795
R2S2_TRAIN_085C683DFA1B,4211.061444,391.520065,381.803580,12058.924589,1182.938672,41.626039,8.521144,48.232425,219.968586,48.664192,109.941399,158.605590,26.585007,157.933119,293.391733,209.957255,34.223353,56.229548,1.687846,513.175728,319.080542
R2S2_TRAIN_D31580F2EF22,4095.508198,390.595410,380.411449,12591.844288,1179.433588,42.375000,14.828693,48.574095,218.013408,46.943420,118.535500,165.478920,24.891685,147.183603,285.179802,169.605597,34.212726,57.752924,1.644683,511.061411,309.695340
R2S2_TRAIN_19701A802E77,4137.697626,390.503025,379.591679,10031.512052,1185.219665,37.717114,16.906584,48.929378,217.131577,50.409094,110.760208,161.169302,25.946995,169.933875,288.264800,219.237365,32.610481,57.488241,1.658599,512.381753,322.809706
R2S2_TRAIN_AE12B41AF788,4190.132598,392.869164,376.974914,12872.408136,1186.011911,42.062500,9.413184,48.757477,216.901405,48.208752,108.990012,157.198763,26.322605,132.890719,290.357283,166.925309,34.419458,57.070839,1.663009,498.052783,311.320157
R2S2_TRAIN_EB23ECFF6622,4020.110788,385.121398,373.270315,4151.757845,1200.945964,38.125000,8.717914,49.986100,219.961312,53.974625,104.181150,158.155775,25.667195,153.830722,285.091364,236.785130,30.867887,57.859374,1.653600,500.401608,314.886369
R2S2_TRAIN_A1EC899789AE,4141.284162,393.502212,382.569499,12734.938048,1186.903914,38.962307,21.146584,47.307428,219.922255,48.393679,118.861959,167.255638,25.012940,154.812123,285.971997,161.541979,33.094194,57.705457,1.644819,505.204645,324.582086
R2S2_TRAIN_9560333F4274,4177.511626,397.516990,383.086621,10248.385399,1184.814889,40.000000,24.974589,48.285855,219.982319,50.979546,112.196591,163.176137,25.451428,173.464994,285.752016,224.729012,34.321894,57.492528,1.654105,502.611107,314.684092
R2S2_TRAIN_08C03958CA7E,4142.667518,399.024133,386.797920,13488.957247,1177.623089,39.707284,15.181921,45.798740,219.938801,47.413443,117.801773,165.215217,24.914505,170.739207,286.366017,165.958400,33.236528,57.337446,1.655600,532.753826,332.516914
R2S2_TRAIN_55AB6BDD7F27,4122.240304,396.808606,379.750396,10523.123341,1186.786760,45.406202,11.990788,48.136488,218.031461,57.404039,104.054290,161.458329,25.643332,144.710163,288.786141,167.899062,35.053961,57.465287,1.651802,514.827505,329.056064
R2S2_TRAIN_11C00E7F7479,3844.256395,370.694267,346.587998,6084.140965,1189.493290,40.062500,9.038490,48.973172,219.970850,50.041814,99.990503,150.032317,25.853532,148.604120,279.362322,167.552774,32.550524,57.500230,1.655505,495.787883,310.796271
R2S2_TRAIN_1A8FE2D7F3DF,4107.536303,393.203606,382.492760,9060.738749,1200.895264,41.437500,23.878411,48.036025,219.980033,57.070387,92.641686,149.712073,25.761191,161.359663,287.541268,236.921094,34.476612,57.431212,1.657730,508.182171,327.070748
R2S2_TRAIN_36EFEDCA43F9,4269.803484,403.384561,389.285071,14960.192379,1182.875121,43.625000,19.695059,46.764152,219.986503,52.730569,119.191452,171.922022,25.550012,136.501630,289.571930,166.347672,35.048896,56.925668,1.665722,510.324144,327.980578
R2S2_TRAIN_39653C663636,4323.995915,400.063189,390.233706,14104.614881,1187.358765,42.562500,15.107841,47.365329,219.986427,52.140630,122.697452,174.838082,25.479592,120.283385,296.449096,169.644684,34.103008,57.478005,1.657000,506.564168,317.579321
R2S2_TRAIN_3F3C79133382,3373.611126,383.710568,368.841774,4143.490614,1194.091243,28.967188,8.766307,49.282858,220.022936,50.654531,100.689346,151.343877,25.304706,187.240888,275.943286,224.950095,30.667914,57.241875,1.661553,498.626005,319.838361
R2S2_TRAIN_3FC2B7812EFF,4086.098967,381.116925,380.500161,10316.378745,1188.798464,39.091953,12.940980,48.461289,219.957890,55.492864,104.505529,159.998393,25.848421,205.806358,288.665178,223.466339,31.537561,56.929164,1.656100,508.441228,321.703651
R2S2_TRAIN_45D82DAE085B,4301.056598,400.140794,383.599951,14409.800730,1184.940845,46.110748,9.847945,47.995901,220.011311,48.502575,118.139923,166.642497,25.310596,156.259003,294.660896,223.100722,33.120190,57.295569,1.659403,506.261030,314.167155
R2S2_TRAIN_A7BD2D6C5574,4166.867538,380.126040,366.769483,10486.590386,1182.825514,39.651586,8.491094,47.445065,219.928577,45.774121,109.976927,155.751047,26.164002,163.460324,290.906941,153.282390,32.568159,57.530489,1.660739,508.049834,325.133297
R2S2_TRAIN_831A1B687967,4160.305910,392.256956,383.350325,10154.942601,1199.249071,39.137759,20.394592,49.129665,219.943133,49.713258,117.138873,166.852131,25.159769,160.149111,290.782026,230.275412,33.811543,57.262759,1.662652,496.745389,315.265854
R2S2_TRAIN_806626444313,4317.109129,400.747252,388.932370,14960.192379,1184.706802,47.372953,25.409338,46.338840,219.980696,49.002345,125.550017,174.552362,24.645459,154.027165,290.757581,168.101394,34.531759,57.511847,1.651644,536.817236,336.468687
R2S2_TRAIN_374DE3E71A1E,3734.448712,380.113511,339.286815,4211.529736,1186.580190,34.964660,13.498618,48.806357,219.932384,49.690553,81.771246,131.461799,26.534154,177.282413,283.989180,226.682077,31.507816,57.662972,1.654817,494.751983,310.910142
R2S2_TRAIN_3F2276B11390,4133.732350,393.159305,381.845547,11378.770941,1199.555028,38.814205,23.277878,47.099600,219.991471,50.163028,109.106936,159.269964,25.710956,159.312632,288.240629,219.972530,32.714700,57.467607,1.654400,513.108490,328.589978
R2S2_TRAIN_656D40A6E838,4353.142988,401.596849,384.352799,13664.121994,1200.593599,43.937500,13.355298,48.992984,220.039588,58.359290,109.301692,167.660982,26.115502,122.502987,293.498107,214.480992,34.488313,57.702956,1.649700,497.320701,310.921576
R2S2_TRAIN_02A8FE916429,4150.438535,398.958613,388.068949,10500.114175,1182.497115,42.937500,20.237859,46.284815,215.968327,45.727690,119.730764,165.458455,24.732906,150.996806,285.611049,194.942702,32.808980,57.204917,1.662100,534.418567,336.037438
R2S2_TRAIN_8AB0D5C6B6B7,4293.178773,400.171188,392.577641,11551.619462,1201.405030,46.130850,13.508762,49.143844,220.058365,58.631844,104.676108,163.307952,26.085556,149.802663,296.563407,235.947601,34.546030,57.268571,1.659500,500.495462,311.284196
R2S2_TRAIN_D6E84BA5070A,4268.036472,399.455004,385.868526,10396.301392,1199.202660,46.105957,8.394402,48.637221,220.024166,58.034997,110.918180,168.953177,25.666263,178.473406,292.602495,221.215094,34.440435,57.579395,1.657600,502.625330,314.474964
R2S2_TRAIN_F6E908253404,4187.537383,395.905513,385.591907,12058.281687,1184.484441,43.250000,7.682153,48.767793,219.965342,56.037872,100.976665,157.014537,24.658226,125.985791,284.971841,140.293036,34.451057,57.505132,1.650000,507.136359,319.904781
R2S2_TRAIN_CF6B82DF5437,4244.265652,397.536814,391.964246,13833.069022,1183.099918,45.875000,19.660320,47.038068,214.923703,53.981933,118.358786,172.340719,25.797934,170.997842,289.815368,200.174774,32.005935,57.491441,1.656542,515.698964,321.014585
R2S2_TRAIN_61E36E87BD84,4207.127126,398.233666,386.898589,14471.650790,1185.864965,41.937500,23.025610,46.907829,219.992788,49.141189,109.133840,158.275029,26.025531,192.498644,288.459438,220.554852,32.633246,57.145353,1.664805,517.316670,336.698972
R2S2_TRAIN_5122780191EB,4287.927242,398.709113,388.221071,12794.326737,1192.544726,43.120934,13.231965,47.863817,217.950563,55.513684,111.202927,166.716610,25.238764,132.873411,289.255680,169.911291,34.535009,57.360978,1.662859,528.395061,337.437112
R2S2_TRAIN_C4439DDF1C75,4115.727606,394.400424,385.818557,13443.057244,1186.962709,45.376327,9.791698,48.822337,219.987523,54.471784,110.183653,164.655437,25.768893,141.763563,286.319628,162.734231,35.007965,57.925361,1.642702,502.628499,320.041906
R2S2_TRAIN_0A5B001DCEE8,4203.531118,399.078508,387.549056,10377.945973,1196.099892,42.875000,24.068270,48.949084,219.991053,54.898336,116.499339,171.397675,24.748357,177.899306,285.596543,220.748376,34.501881,57.348478,1.656302,511.469781,331.559692
R2S2_TRAIN_9AA2F58470C3,4097.926498,386.914554,381.220974,11053.447005,1199.950779,39.625000,16.448550,49.173635,219.899945,48.974505,106.610503,155.585009,26.412598,159.042694,290.508748,218.684736,31.207114,57.600140,1.653755,498.974445,316.986935
R2S2_TRAIN_88375D90A5C0,4197.135217,398.214059,382.897735,11381.258213,1189.567725,45.120395,12.620026,47.992114,215.956669,49.318309,116.091768,165.410077,25.182932,143.490083,288.973099,161.283100,32.025011,57.332675,1.659349,503.331228,321.004182
R2S2_TRAIN_F68DC5CFB67B,4096.096247,365.036109,373.139445,4021.376851,1200.812233,41.500000,11.152572,49.640321,219.952088,55.205849,100.613698,155.819547,26.319493,169.825833,290.330624,227.658933,31.504493,57.307814,1.662365,502.766232,312.192164
R2S2_TRAIN_2253DF797A48,4193.740650,396.878719,384.715162,11628.696876,1186.876794,41.437500,24.505313,48.029266,219.923252,48.698380,113.853185,162.551565,25.485772,170.086716,291.936827,219.665285,32.772424,57.599972,1.647658,502.197846,319.559446
R2S2_TRAIN_8206969400AA,4222.604724,401.284524,388.452165,10946.500883,1185.670068,42.625000,20.066154,48.063545,219.952164,48.219188,118.363646,166.582834,24.677031,170.211651,287.967495,205.776676,31.989019,57.137397,1.672546,523.254885,337.871134
R2S2_TRAIN_024259B857C4,4067.416939,390.859759,383.144614,8170.169639,1190.251794,42.375000,26.487830,48.739267,219.921832,55.214117,105.764862,160.978979,25.534405,186.405828,289.237899,219.104351,34.523915,57.582006,1.652300,502.598158,315.218751
R2S2_TRAIN_4B4919661016,4266.495008,404.322316,391.924792,14006.734764,1199.617296,42.562500,10.611238,47.263285,220.014171,49.243461,122.462777,171.706239,24.793632,146.429354,292.409182,179.831186,34.901582,57.749743,1.649700,501.453358,317.361725
R2S2_TRAIN_DDD751E78367,4086.041211,393.340162,378.968287,11510.893486,1179.203901,36.625000,11.230468,46.419011,217.947258,47.926175,107.494103,155.420278,25.810329,167.934052,289.505077,208.639104,34.186932,57.092176,1.665107,522.332734,339.158299
R2S2_TRAIN_C2C93B89405F,4160.938361,396.128436,385.976637,9892.486049,1185.565130,37.778720,11.143982,47.577400,219.960137,53.809898,106.543308,160.353206,25.122294,145.688439,285.143696,183.665525,32.110658,57.663778,1.650000,505.104447,317.814846
R2S2_TRAIN_5A281279173D,4077.728165,402.601207,389.395453,12524.627364,1178.479045,46.821404,26.473262,48.139376,219.967857,48.485539,119.079290,167.564829,24.202709,166.722601,284.527115,172.059177,32.730139,57.070068,1.662000,513.518539,318.263755
R2S2_TRAIN_057ADCCCBB78,4147.114265,392.751681,380.600608,10378.577030,1177.814270,38.046062,17.826883,47.617638,219.966419,49.218414,106.506268,155.724682,25.486183,151.668468,286.141297,221.663617,31.377296,57.246357,1.658961,523.569840,331.326165
R2S2_TRAIN_1DD528DED2E3,4209.160225,389.923126,379.940525,9250.039382,1200.873057,41.037260,12.345901,48.944358,219.930236,48.019117,105.513994,153.533111,25.498584,141.559600,289.784046,211.548646,34.340560,57.554659,1.655800,514.815185,331.615223
R2S2_TRAIN_85411BD2DAA7,4183.965489,401.096484,389.519013,9128.840061,1186.465967,42.022765,15.946221,47.908262,219.994263,51.063417,119.197820,170.261237,25.254917,163.139740,288.577321,214.739183,34.479426,56.935876,1.667918,522.145172,318.135053
R2S2_TRAIN_CE1477512915,4157.340777,393.201285,381.427833,9361.043322,1199.315100,43.856854,11.211198,48.404292,220.005158,54.928501,108.068610,162.997111,25.408861,167.019967,286.384424,224.128197,33.285778,57.987268,1.645106,503.044460,316.974786
R2S2_TRAIN_A427BB6E4AE1,4092.991352,394.575963,370.180092,9161.220751,1193.715477,39.431374,19.208608,48.534711,216.985058,53.287941,103.113716,156.401656,25.944803,176.586345,288.723210,239.113682,34.540332,57.888545,1.647148,505.321680,326.997493
R2S2_TRAIN_7BE6AA144642,4226.075793,393.185551,372.543940,6246.975778,1200.935571,37.369866,13.170940,48.754993,219.922922,52.542209,98.576522,151.118731,26.215592,134.521420,295.130251,174.130848,32.603586,57.777659,1.646634,504.106015,325.465774
R2S2_TRAIN_2AA94B616496,4193.977900,394.448449,385.250251,11547.739760,1184.141630,45.936447,23.933852,48.246237,219.993503,53.247035,116.141108,169.388143,25.350982,142.680723,285.631100,204.609063,34.917263,57.500543,1.651053,506.343012,309.751149
R2S2_TRAIN_22079BCCB081,4226.515748,388.711322,377.209255,12240.095638,1199.596002,41.937500,3.367278,47.578231,220.027709,54.233477,99.682048,153.915525,26.510129,146.183460,293.732735,220.115463,32.650949,57.209678,1.683076,497.948701,310.476739
R2S2_TRAIN_45A68849BEA5,4210.571889,393.294832,385.438676,5273.512148,1200.611879,39.312500,13.680258,48.836594,219.891083,52.664326,109.444342,162.108669,25.768111,167.958693,291.988988,211.485812,34.273466,57.656118,1.655100,497.591361,311.552540
R2S2_TRAIN_D2F1B0C47186,4046.333417,390.768264,383.102517,11326.630194,1184.513732,38.985972,12.427595,48.825810,219.997216,52.352353,109.045366,161.397719,24.738594,154.509166,285.859549,191.799542,34.475953,57.326103,1.665110,497.962308,304.033161
R2S2_TRAIN_A16FB5F2D3A9,4231.829546,394.164141,385.399941,12836.731206,1183.700776,43.125000,24.329752,46.308965,219.963158,48.206625,122.177267,170.383891,25.054488,146.043854,293.175324,187.661670,33.091198,57.245321,1.660731,525.228661,339.980967
R2S2_TRAIN_B2528549414A,4129.405841,395.927734,381.991387,6132.531706,1200.055285,40.616014,4.353964,49.304663,219.991061,57.507455,104.949541,162.456996,24.948455,146.041533,284.917567,257.375422,33.023679,57.960188,1.643479,493.626353,310.542984
R2S2_TRAIN_0C4D41323726,4147.200569,392.383726,386.952451,11196.513877,1186.250345,42.000000,15.426847,48.163901,219.959631,48.021105,109.624117,157.645222,25.167328,156.063933,284.375127,157.899956,34.097022,57.690483,1.646528,504.684590,315.495262
R2S2_TRAIN_F23D1C379CC6,4228.383642,399.806660,386.995914,12299.341246,1185.841858,41.500000,5.929510,46.876796,220.023619,54.199092,119.612274,173.811366,25.326710,183.788019,291.198574,222.876606,32.898312,57.190345,1.668032,500.512464,312.183176
R2S2_TRAIN_AA08FABDCE90,4098.167965,383.563295,376.029193,7078.403209,1187.990684,38.369162,26.382946,48.315907,219.964659,48.199590,106.007988,154.207578,26.231958,185.222200,288.890958,235.917392,31.536904,57.490379,1.659100,515.255985,324.262772
R2S2_TRAIN_4B13AF04AF83,4184.778452,396.354872,385.147237,10944.283763,1199.425404,42.187500,12.172944,48.826969,219.986495,55.460004,110.490500,165.950504,25.625011,144.091037,293.575844,230.888610,31.239125,56.263570,1.690661,501.592764,315.143475
R2S2_TRAIN_567BB8647BAF,3377.869942,379.080703,365.012351,8670.976558,1184.243423,39.976395,25.933727,48.498142,195.965329,48.529856,107.197090,155.726946,25.507561,172.596186,280.528123,195.759867,32.497394,57.811346,1.653893,511.700375,324.598967
R2S2_TRAIN_AA7F285BE926,4202.128649,395.282436,382.142191,10915.767532,1190.568978,46.290020,12.242539,48.277682,219.978289,56.353021,106.311176,162.664197,26.086200,150.639322,290.938917,227.062572,34.525913,57.889769,1.642334,506.612342,312.556215
R2S2_TRAIN_DB3B89A68765,3841.590992,381.413379,350.915914,7996.867437,1199.471104,40.694657,16.540707,48.209208,219.940783,52.755001,107.000229,159.755230,25.455185,153.676997,277.979774,208.320555,32.125410,57.776576,1.649774,509.383981,326.314434
R2S2_TRAIN_A8E3AB8A9B48,4231.102920,402.260651,390.877717,10453.100708,1193.729526,44.676339,3.373576,49.207197,220.032400,51.501586,107.947479,159.449065,25.654928,129.876964,288.628830,165.618137,34.240700,57.262292,1.662231,490.411125,303.491678
R2S2_TRAIN_EE176E349770,4174.353351,395.097766,387.184019,10248.376397,1193.146258,43.125000,15.213237,47.677955,219.985705,57.563018,108.318605,165.881622,26.152684,167.142568,288.219769,234.283005,33.291061,57.285173,1.666684,509.820541,329.198488
R2S2_TRAIN_C97CF966D9F5,4048.071420,388.688418,380.925212,9247.895902,1188.249873,39.201447,27.807505,48.336125,219.954506,46.720303,110.364256,157.084559,25.329465,200.233618,279.554394,236.602543,34.361043,57.662750,1.650483,529.456744,348.250868
R2S2_TRAIN_F7654352708B,4216.227577,393.805801,388.155581,13463.315060,1183.297367,44.526252,26.432088,48.350530,219.966949,47.777265,119.616317,167.393582,25.767681,158.226593,290.178478,225.183586,33.001442,57.541331,1.656400,513.063407,327.909809
R2S2_TRAIN_04C89807170F,4186.841746,397.309885,386.605965,13910.797197,1191.003033,43.717688,18.477647,48.378784,219.919498,54.721360,104.554444,159.275804,24.780005,136.654057,287.452592,200.899478,34.438599,57.633700,1.658123,508.015244,326.406944
R2S2_TRAIN_0E81517DC2B3,3951.054917,380.986181,366.272463,7843.655362,1199.515322,41.742749,27.835962,48.426736,219.919269,47.991537,105.069578,153.061115,25.737278,153.651317,285.973301,206.726725,31.236541,57.300255,1.658844,507.323194,327.722803
R2S2_TRAIN_A6B28E94E47B,4115.477353,388.402123,363.720852,8822.373682,1199.466058,36.614376,25.085970,48.290939,219.921845,53.585312,96.388475,149.973786,26.412518,137.081943,285.227601,182.541212,33.327288,57.360674,1.657853,505.794017,340.400388
R2S2_TRAIN_096FE70C2EB0,3952.617521,395.951666,388.783558,10083.479927,1200.832841,41.000000,18.926053,49.285367,219.962318,57.989414,108.332860,166.322274,24.757780,167.779928,282.657249,241.203724,34.264548,57.445719,1.648914,506.522774,319.169475
R2S2_TRAIN_DD0B7A0175E8,3865.505381,387.783083,370.901769,9694.320229,1184.595459,39.927073,24.103837,47.125544,211.012716,55.175549,100.828167,156.003716,25.262207,162.277518,279.678500,187.411985,31.546130,57.500845,1.655600,516.529899,314.584067
R2S2_TRAIN_84EC2C02F373,4128.844474,397.888011,383.753400,8021.383931,1172.364147,41.000000,15.483898,48.276620,219.939439,46.431139,113.511337,159.942476,25.475872,182.276220,288.107007,180.191545,34.381416,57.480107,1.653600,502.043441,320.699469
R2S2_TRAIN_45B1CED4E7CE,4261.072387,400.628031,387.684736,10448.406377,1184.936352,42.937500,9.196866,47.443648,220.042967,45.639942,124.195520,169.835462,25.302659,163.057581,290.538680,163.378048,32.882751,57.265371,1.660227,517.286786,314.507581
R2S2_TRAIN_89B93AFC717A,4165.786301,388.838911,385.499024,10457.307646,1184.794857,41.500000,6.300463,47.671453,219.947023,49.133116,110.813631,159.946747,25.690197,133.997941,292.519362,163.488056,31.629068,57.511453,1.656100,502.432505,330.920446
R2S2_TRAIN_8A3A11FBFA1C,4162.500708,394.544848,387.048088,11440.649054,1185.168700,41.875000,8.018564,47.606084,219.968516,50.474745,119.404346,169.879091,25.379560,142.991167,289.068507,184.872029,34.455714,57.756735,1.645923,512.646658,321.227130
R2S2_TRAIN_68556013D338,4099.380594,395.652911,381.503345,12787.850538,1183.250321,40.137117,14.899512,48.195398,216.895447,46.627160,121.369738,167.996898,24.913126,156.695136,286.285661,152.452374,32.613356,57.381672,1.654400,519.126024,321.381752
R2S2_TRAIN_1F3FA4582C8E,4188.541965,393.581696,384.499813,10499.578383,1185.400986,41.875000,11.600048,48.802670,219.976154,48.704771,118.313805,167.018577,25.139290,154.176815,281.859468,205.579354,31.413041,57.147591,1.667185,511.384354,313.433164
R2S2_TRAIN_D3F70CA7BC2E,3972.970805,391.155997,375.612790,4021.617522,1190.622048,32.741772,24.632569,48.740516,215.975073,48.427109,112.871608,161.298717,25.304213,185.301994,271.918009,218.706186,31.979198,57.513656,1.653304,510.947503,348.359135
R2S2_TRAIN_E55F53F04EB7,4115.328381,394.165999,380.823914,9242.274553,1194.179321,44.372478,10.944432,48.700246,219.962396,57.425955,104.580746,162.006701,26.254096,122.132648,289.376405,187.888541,34.341067,57.663298,1.644611,496.675057,308.860077
R2S2_TRAIN_2756FB37BCCA,4157.889229,384.847447,376.791728,10352.058653,1171.353478,38.173099,27.835962,46.859881,219.980706,47.085750,107.291918,154.377668,26.458411,179.396110,286.053810,225.440797,32.794269,57.441206,1.656500,531.699450,358.650144
R2S2_TRAIN_ECEDA23DD9E5,3373.611126,327.477791,318.890332,7900.503528,1184.177980,36.625000,24.712522,47.644977,214.011719,50.969963,106.609473,157.579436,25.362239,159.386248,277.708344,169.001616,32.130010,57.648417,1.650145,520.469802,343.361966
R2S2_TRAIN_E85C399E6A80,4004.654308,397.412941,386.161555,9841.758148,1183.189329,42.187500,26.024683,47.620575,219.968123,54.946820,109.618720,164.565540,24.223120,169.593295,277.680280,229.911796,34.461685,57.647377,1.648800,514.412565,328.419600
R2S2_TRAIN_AAD490F984D3,4184.276116,394.669032,384.423707,11989.124358,1183.885171,43.135148,18.739865,48.967264,219.968476,49.274514,106.411334,155.685848,25.432966,127.686122,294.409797,168.598499,31.505417,57.261621,1.662000,509.343891,315.021859
R2S2_TRAIN_1A05E68EEF36,4168.760271,392.612941,376.095466,12514.473591,1181.956448,42.875000,14.424097,47.481930,217.967950,46.605345,109.701807,156.307152,26.286290,158.225550,289.805723,150.030219,33.012353,57.049318,1.658195,506.719264,322.168288
R2S2_TRAIN_4EB0AEDB85F6,4086.704825,384.388391,376.771130,6982.012156,1184.707596,41.500000,25.909714,49.128821,219.910165,48.640689,105.936886,154.577574,25.769916,145.993149,282.152347,157.321128,31.178597,57.633359,1.649700,511.649236,314.774130
R2S2_TRAIN_62EF051F8BCE,4069.412824,391.730613,384.976174,9791.441884,1200.194532,42.253547,24.816316,48.413162,219.934692,51.876099,113.913415,165.789514,25.259346,202.013259,286.946940,219.469346,32.373428,57.510231,1.655509,514.896479,331.545340
R2S2_TRAIN_4607907C3F4D,4024.991462,378.476817,367.915933,7869.882542,1194.774685,41.000000,13.960316,48.575381,219.943847,57.261513,89.660951,146.922464,25.598069,121.830210,279.853554,201.884108,35.055680,58.052515,1.640953,504.337155,317.433802
R2S2_TRAIN_D9515B0F4724,4208.478516,400.982140,387.061407,10291.189913,1185.696301,41.062500,9.974383,47.827917,219.987492,56.940322,113.182534,170.122856,24.367148,169.241961,288.121145,226.322787,32.000399,57.051086,1.669874,505.654942,319.064449
R2S2_TRAIN_28BF442F7CFD,4203.701329,393.333116,380.298762,13845.961153,1155.910513,44.674057,12.952075,47.478777,215.995212,45.651716,118.909093,164.560809,25.358064,149.641794,288.845067,140.293036,33.128804,57.569389,1.659300,504.786518,311.035041
R2S2_TRAIN_0E6B00C49F46,4321.709553,397.932294,389.018591,13194.751099,1199.919610,46.453745,25.148731,48.121077,219.980106,58.816764,116.993141,175.809905,26.206182,134.612087,297.245454,231.471030,34.414573,57.105119,1.665724,508.824172,311.591870
R2S2_TRAIN_CFE675B12AA0,4235.691850,400.918643,391.097062,14669.073167,1194.888962,45.583555,4.108756,48.500479,220.020193,57.594322,107.013145,164.607467,24.967010,122.800985,289.279455,215.358114,34.444260,57.752403,1.652100,505.406369,311.470857
R2S2_TRAIN_4CCB054EAB13,4201.486868,395.468954,381.632622,10899.232516,1200.816915,44.375000,24.044585,49.013869,219.982670,57.010413,110.351960,167.362373,26.232440,155.017720,297.465317,246.911804,34.441912,57.496155,1.655900,494.405554,309.086116
R2S2_TRAIN_4A53EF5077BA,4052.716757,400.064880,386.447490,6300.944191,1200.586203,40.875000,16.943803,49.958898,220.001789,57.990288,106.867015,164.857303,24.819896,168.987723,279.409212,251.333739,32.969448,57.772251,1.649736,499.340144,325.367931
R2S2_TRAIN_DA5644F396DC,3970.670631,393.944905,383.065790,6214.563518,1199.501954,41.125000,22.914611,49.645632,219.980054,58.832023,108.631482,167.463505,23.875125,174.032061,284.808081,237.471404,31.270414,57.370312,1.658557,494.526040,307.108554
R2S2_TRAIN_D5398298695D,4206.723764,397.811162,377.524943,10929.664141,1184.952005,42.125000,5.461413,48.567107,219.938832,54.664316,111.185512,165.849827,26.045950,162.065615,291.120956,165.958509,32.358731,57.489869,1.654115,503.350837,311.229113
R2S2_TRAIN_8F464DF484C7,4093.946050,396.415879,386.377562,11655.421930,1186.515248,42.913996,24.862440,48.227127,219.957203,53.110022,120.545856,173.655877,24.025562,182.658328,286.070970,220.940567,34.437909,57.347965,1.657585,518.619486,315.652392
R2S2_TRAIN_107A3D9C4FB9,4205.281502,402.713123,388.264514,14174.059625,1185.840571,43.875000,23.239579,48.107820,219.981536,48.940094,121.780708,170.720802,24.197459,146.285590,289.528679,194.365733,34.452111,57.478644,1.661826,522.672970,324.206308
R2S2_TRAIN_025F35233510,3895.114799,384.845851,354.467231,5942.339311,1186.347741,37.985451,12.322756,49.270116,219.924514,57.677480,85.030529,142.708009,25.612465,171.273518,286.069510,227.925581,32.019010,57.300011,1.665860,491.921918,311.671974
R2S2_TRAIN_6BAD97454C15,4187.441522,404.427170,390.354661,11589.007837,1186.958691,43.695582,8.131295,49.255152,220.000065,59.382908,118.515288,177.898196,24.235534,210.083624,288.803463,235.882161,33.283361,57.189598,1.664179,496.319982,308.305774
R2S2_TRAIN_B15047DBDC33,4299.933415,404.309795,391.918193,13387.047205,1191.512488,45.072397,11.730688,47.936027,220.003049,54.297603,120.460447,174.758051,25.167962,170.526752,291.886560,172.684457,34.304376,57.759848,1.650694,511.748739,317.595276
R2S2_TRAIN_1B35910AE372,4115.523866,398.720372,381.807268,12866.629398,1186.039769,44.937500,23.932548,48.214435,219.929296,50.260334,118.744016,169.004350,25.069133,163.122009,289.072768,209.165764,34.418772,57.410034,1.661501,505.798832,310.331205
R2S2_TRAIN_0F38F50CDAD8,4259.509975,398.642078,388.082114,9867.986474,1194.814863,44.216176,7.027668,49.273737,220.024057,54.496728,114.737553,169.234281,25.215836,178.394047,288.262976,222.509748,32.994039,57.638858,1.650927,505.802158,306.127445
R2S2_TRAIN_2B9EB1F64AA0,4268.165248,403.016185,390.118359,13873.520788,1196.825258,38.947899,20.753467,46.692666,219.966264,52.502808,114.593472,167.096280,25.439673,164.798745,295.090193,222.647670,34.792287,57.367854,1.656588,515.124487,330.704318
R2S2_TRAIN_D17CD9A9565F,4128.206467,392.218379,382.747809,8240.649490,1199.930718,40.437500,14.759015,48.679534,219.976304,54.444817,106.018024,160.462842,26.582805,164.632591,291.082527,188.628831,33.386991,57.467837,1.658185,495.017008,314.459491
R2S2_TRAIN_5765BCB166D7,4048.258567,393.627656,382.452540,8624.935995,1186.979469,39.625000,11.032510,49.453471,219.927659,50.052964,105.813352,155.866316,24.904200,172.884803,275.889881,233.721440,32.793355,57.580464,1.661500,502.567721,311.059035
R2S2_TRAIN_866908F7A528,4191.542421,399.837027,389.109807,12391.087606,1188.202563,41.750000,13.965497,47.984293,219.957866,48.264146,116.149684,164.413830,25.055605,154.911120,286.409406,222.869061,33.080814,56.738825,1.673203,514.198195,328.770153
R2S2_TRAIN_77CFC3A22E5B,4145.017143,392.706995,381.597146,10372.280898,1186.156908,40.437500,23.949238,47.630185,215.957243,49.556404,116.967613,166.524017,24.869267,192.190866,287.510775,219.845242,33.383240,57.687771,1.647976,520.655697,333.702635
R2S2_TRAIN_51EC95565F8E,4144.078292,383.421383,372.658817,6294.678188,1185.848264,41.455260,14.347384,47.683676,207.122098,54.177521,106.613276,160.790797,25.658902,157.008665,285.351341,218.979590,32.117818,57.543806,1.653800,510.112554,319.251719
R2S2_TRAIN_F7D5A2FB67F1,4240.930345,392.238731,383.096807,13720.578451,1186.653538,41.852122,20.683192,46.842317,215.979833,53.559957,118.060768,171.620725,26.368850,192.346688,289.366479,171.320248,34.049032,57.185194,1.662422,500.504973,308.181416
R2S2_TRAIN_237F846E2658,4253.417834,398.022829,387.272872,12554.961862,1186.894015,41.703810,8.602795,48.441728,220.032910,54.087455,115.609969,169.697424,25.010285,145.546158,290.931954,204.708220,35.056302,58.052515,1.642575,495.234739,308.112658
R2S2_TRAIN_A6DDF69563D1,3512.573179,396.301460,377.342782,6323.798729,1188.968799,39.432461,23.764569,48.759147,215.951020,51.848022,118.077012,169.925034,24.148279,210.165705,262.188823,217.786174,31.443234,57.092388,1.663107,516.514388,330.491631
R2S2_TRAIN_647907AEF7C5,4182.730037,393.116029,384.021103,14643.005087,1183.549018,45.500000,24.787976,48.000291,215.979076,48.896321,116.246109,165.142430,24.710470,154.070503,286.561994,159.378149,32.366369,57.317429,1.661474,515.731587,322.563896
R2S2_TRAIN_A3D4CDC15C41,3744.886227,386.668842,380.650728,8624.142009,1185.371889,38.507587,24.198482,48.581540,219.966958,50.769265,108.225560,158.994826,24.480251,163.855087,278.413173,231.656276,34.356377,57.692519,1.650200,509.480678,315.867420
R2S2_TRAIN_97383B6CBF6B,4088.426520,387.929744,384.382496,12323.399871,1184.516169,40.000689,7.718506,48.076167,195.650089,50.548688,108.468412,159.017100,25.212626,159.216595,287.600938,227.754202,32.006054,57.560656,1.651012,503.384254,326.976230
R2S2_TRAIN_8A0B6FA03B7B,4254.354573,393.001705,384.146846,13076.131433,1188.166971,41.937500,8.550156,46.871245,219.953605,52.243562,111.066164,163.309725,25.258241,149.923352,290.433558,187.879769,34.367929,57.323731,1.665780,506.213631,317.106055
R2S2_TRAIN_F1876E5838AA,4166.450107,394.628440,388.380345,13368.403284,1185.682199,42.937500,9.630361,47.394307,219.978433,48.940478,117.904165,166.844643,24.538982,180.468034,289.829683,198.578919,32.961666,56.972215,1.668188,499.245528,309.985890
R2S2_TRAIN_1066F84B681C,4092.564146,390.208784,376.129500,6164.808897,1201.206327,38.224778,24.854632,49.986100,219.996311,57.515315,98.960597,156.475913,26.003380,148.921390,286.779751,237.753660,34.014290,57.212395,1.662158,502.088831,317.432779
R2S2_TRAIN_298E67AA54FF,4148.725818,397.306259,388.433247,12655.660552,1187.323892,44.515222,22.964813,47.928969,219.308079,53.320665,118.459522,171.780187,24.682186,151.876380,286.681814,198.678718,34.429252,57.698050,1.651900,511.389359,319.154275
R2S2_TRAIN_0AE07ACEECFC,4112.556711,396.556905,388.473434,13629.211990,1187.326145,42.875000,24.529267,48.269498,214.647482,49.771182,115.978296,165.749477,24.960467,173.126320,280.832635,185.538297,34.575716,57.515352,1.655847,513.126945,317.970712
R2S2_TRAIN_0F75BCEA8519,4151.975973,394.230674,379.365840,13607.837944,1194.175175,42.625000,13.865212,48.452885,217.985005,51.071810,106.867435,157.939244,25.793855,144.121870,288.077549,216.904360,33.319145,57.169292,1.658120,516.641832,331.897710
R2S2_TRAIN_AE30E9D8778B,4165.904524,400.098622,387.648894,12676.534775,1184.618577,45.246302,25.110941,48.320183,220.019796,56.499670,106.018577,162.518246,25.484926,190.153979,285.976132,220.765461,34.391941,57.279205,1.659500,501.711553,317.213496
R2S2_TRAIN_5DAA41D4E6F6,4111.276840,389.822329,376.679639,12308.729462,1184.489173,43.934020,25.040564,47.653964,219.923948,54.218326,103.085310,157.303636,26.137209,152.121459,285.829718,169.506060,33.961654,57.767614,1.657500,504.184823,312.294116
R2S2_TRAIN_18ECE342258A,3874.203315,388.309537,378.765527,8545.293045,1199.217996,39.500000,15.438774,48.522998,219.984455,48.111106,106.408394,154.519499,25.727419,160.702054,282.090421,215.585531,32.385789,57.600363,1.655900,512.281549,333.934422
R2S2_TRAIN_C372F6B6D2A5,4011.088980,395.393406,387.552048,9066.349214,1199.853184,40.375000,5.206148,49.370368,220.004704,58.385935,106.993815,165.379750,24.895560,160.519103,282.229379,204.192984,31.283986,57.849430,1.640953,492.592662,307.027871
R2S2_TRAIN_21AEBFA61EDF,4239.972402,398.318334,384.841440,13657.367961,1187.079897,45.372136,9.936408,48.044030,219.941749,49.777414,118.875228,168.652642,25.113267,151.208531,287.469074,206.872484,34.870014,57.382157,1.658218,519.416261,331.680294
R2S2_TRAIN_51CE34D10B81,4139.844807,394.295856,376.527602,8034.585683,1187.379449,41.983367,25.875046,47.032024,219.943976,46.971464,103.272123,150.243586,26.419012,151.267116,292.824610,184.764542,32.573597,57.173480,1.658752,509.836397,333.930702
R2S2_TRAIN_B7F7E327EB8C,4092.769831,383.160044,371.139646,5265.092790,1193.651317,38.470909,11.692144,48.468487,219.951098,49.275573,108.176686,157.452259,25.780264,155.111101,288.465132,177.017800,31.998524,57.566728,1.658202,503.555893,319.139928
R2S2_TRAIN_327A15A59EB3,4257.826014,399.948923,388.181213,11138.625466,1181.583147,42.375000,10.230443,48.137873,216.827905,46.380979,117.828728,164.209707,25.422067,190.781605,291.336940,187.451842,34.468473,56.889254,1.692710,496.773203,314.737307
R2S2_TRAIN_D9F4856807B3,4100.386658,379.871821,374.985690,8875.764415,1194.295239,36.625000,19.281232,48.394370,215.011651,51.708017,100.098221,151.806237,26.066399,184.855147,286.772463,221.118031,31.540722,57.248747,1.661438,517.816112,337.442426
R2S2_TRAIN_456840B22F11,4104.754266,381.193472,378.267189,4122.381024,1200.867670,41.125000,26.272177,49.687432,219.954911,54.923158,107.470899,162.394057,25.121367,177.010216,287.208149,227.806812,31.190318,57.738459,1.644602,502.645076,317.952786
R2S2_TRAIN_C13621891B1F,4128.638896,386.841336,381.139232,10218.532334,1184.793990,42.500000,10.042693,48.970636,217.903626,49.484660,107.787201,157.271861,25.635764,199.307051,287.936023,229.174002,31.461735,57.037847,1.678263,506.149382,313.762721
R2S2_TRAIN_D635FF204C28,4227.879566,398.332718,387.235069,10399.454207,1185.592134,42.000000,25.318016,47.332456,218.329081,46.858782,119.575280,166.434061,25.649591,158.958990,293.832388,174.022286,33.767127,57.380144,1.658800,505.777635,318.129148
R2S2_TRAIN_13CEADAA9130,4148.483277,392.274732,384.348691,9621.738453,1196.230743,40.375000,9.563086,47.992681,219.935737,51.776742,110.349416,162.126158,25.274973,136.482288,286.340343,215.407736,30.771099,57.632353,1.651900,495.281496,317.044019
R2S2_TRAIN_93C31C341FB2,4125.228630,389.054775,381.215551,9757.507477,1192.282002,42.437500,24.023779,47.935618,219.993943,49.579565,112.517945,162.097510,25.258241,156.572375,287.114759,169.453986,31.339223,57.687424,1.648056,510.850893,327.307010
R2S2_TRAIN_854ACA20DD68,4293.089910,402.203734,390.809040,13544.600395,1187.837351,42.000000,24.755627,47.725147,219.986967,48.876087,119.637230,168.513317,25.447614,195.575193,293.259484,216.057014,33.234431,57.385074,1.664066,513.139463,332.178918
R2S2_TRAIN_27CE7229AC73,4080.172752,397.498353,389.993660,10513.069491,1184.701456,42.437500,24.151443,48.101826,220.022676,55.517125,108.841378,164.358503,24.587224,193.396208,284.898369,234.575385,32.756446,57.177535,1.667198,519.063843,320.275896
R2S2_TRAIN_9862474D2641,4184.696815,390.637510,387.672368,13438.843892,1199.338459,41.750000,25.405855,47.942210,194.265116,49.535223,118.314812,167.850035,25.343088,175.963210,285.239288,213.378675,34.347095,57.133172,1.687114,523.313531,335.943556
R2S2_TRAIN_2154F0D2769E,4167.222197,388.253864,378.402465,10449.033465,1193.082030,39.894878,26.419432,48.090753,208.717656,53.819478,109.131109,162.950587,25.221890,207.937955,285.298687,235.973762,34.230600,57.289925,1.652546,512.888282,330.467389
R2S2_TRAIN_F753DAB97538,4122.947935,395.124032,386.968164,13367.436490,1187.067943,42.000000,25.654802,48.632886,217.952692,50.586308,117.235375,167.821683,25.473765,138.637639,288.543188,200.675253,34.503804,57.467453,1.660700,517.814670,327.712398
R2S2_TRAIN_D0A6CD99B387,4060.371447,393.860211,382.826735,12065.673967,1199.368514,41.625604,25.149347,48.231083,212.296878,44.767648,117.719900,162.487548,25.340984,199.335220,289.088427,226.075300,34.248261,56.251189,1.667197,511.184464,321.841248
R2S2_TRAIN_4586F0B88BB6,4104.991300,402.971434,392.301898,6520.650493,1186.898769,40.375000,9.836926,48.855906,219.996251,55.760756,122.566532,178.327288,23.789539,166.269206,277.196999,224.595097,33.523593,57.709127,1.650084,498.876420,325.150456
R2S2_TRAIN_29D6806BA03B,4184.059713,393.084087,383.006214,13737.090342,1186.768300,41.451407,24.368014,46.616089,219.834243,48.753023,108.204024,156.957047,25.645058,145.209994,289.155870,211.380102,34.149370,57.365399,1.662000,522.392733,349.493663
R2S2_TRAIN_549879234744,3995.569471,391.112783,379.823175,10325.250121,1181.347523,32.279524,25.225790,48.246285,216.007926,51.875087,106.022835,157.897922,25.037880,216.374635,274.558828,231.055877,32.634075,57.082409,1.685942,506.095368,339.198514
R2S2_TRAIN_6246A7819B63,4132.653276,394.727501,386.692638,3976.467527,1200.535693,39.445765,8.500315,49.404362,219.952957,57.390105,106.485010,163.875116,25.362573,163.870883,286.717085,231.265082,31.214162,57.701921,1.648600,495.718835,309.297224
R2S2_TRAIN_9230FE5E1F5B,4171.094864,399.512888,388.267250,8641.826507,1199.495439,42.008203,21.239226,49.111051,219.990048,49.149611,113.608896,162.758507,25.386762,153.953650,285.787914,218.988874,34.204442,57.299705,1.657857,503.042719,311.649602
R2S2_TRAIN_4C7ECB4D0671,4086.949443,392.276880,387.013957,7061.266040,1184.480876,44.392861,13.193087,47.765372,219.935049,52.890100,117.693611,170.583710,24.700396,150.222751,281.881697,173.881078,31.163519,57.443588,1.655200,518.286052,331.762320
R2S2_TRAIN_E806F3FCF4C4,4148.082232,386.076465,379.315365,6099.127935,1200.413715,42.114667,4.524908,49.197218,219.960077,56.224491,108.141679,164.366170,25.481981,120.283385,290.021569,205.974638,34.246229,57.497688,1.659500,502.857106,316.252304
R2S2_TRAIN_1034A474DD30,3884.365360,378.522200,370.627685,4238.491829,1186.500676,37.742846,13.869631,47.692850,215.961720,48.207004,99.877983,148.084987,26.197018,198.735228,287.547013,185.604037,31.103294,57.574069,1.657000,516.205488,320.372448
R2S2_TRAIN_78AD36072AD8,4138.963452,388.942207,378.778435,12066.356874,1184.309652,41.437500,13.986219,48.329918,219.949004,49.082537,109.746480,158.829018,25.280879,123.064223,286.713549,208.633655,32.584867,57.378228,1.659777,509.206354,321.215940
R2S2_TRAIN_2923B3EAE9F0,4334.455538,402.945854,391.978985,14176.322647,1186.302822,47.639688,8.938096,46.216563,219.913169,53.794586,120.414264,174.208850,25.001155,135.136084,288.439480,140.293036,34.400961,56.377591,1.691109,532.361167,331.587517
R2S2_TRAIN_043E0BD86F37,4218.374750,395.108591,380.463868,11479.161061,1184.779467,39.547176,25.493061,47.504085,215.923984,51.788805,112.887824,164.676629,24.738877,183.753438,284.395719,212.316691,34.222368,57.533989,1.655431,503.056904,316.093777
R2S2_TRAIN_D5F6E06BD218,4299.865413,401.326116,389.523100,14951.677058,1156.051839,43.636628,14.932848,45.928523,219.977399,46.211781,120.353705,166.565486,24.861977,155.457702,293.272644,146.723428,34.469979,57.135372,1.676353,522.166743,329.588683
R2S2_TRAIN_E422472AA21D,4224.760093,398.422014,388.476380,13497.089490,1184.017735,45.812675,23.408576,47.316976,219.981712,47.120333,123.104211,170.224545,25.304981,155.497424,286.828649,203.945768,34.340291,57.271102,1.659100,508.040284,327.099377
R2S2_TRAIN_0B1D572D1B91,4092.920248,391.116508,379.593893,8015.868950,1200.463147,47.639688,25.276092,49.620295,219.972107,58.495204,105.672675,164.167880,25.389632,154.460118,290.099662,235.592892,34.208631,57.735616,1.644208,503.230765,317.326809
R2S2_TRAIN_A1870079F5F7,4231.923662,401.270389,391.000768,13429.378202,1187.054465,44.875000,11.622743,48.353846,220.021649,54.474077,120.207403,174.681481,25.627476,169.335758,291.682450,222.697857,35.102170,57.396747,1.664739,504.337455,314.415890
R2S2_TRAIN_01F1B5D60AE4,4069.061960,395.091709,385.257734,8286.357340,1185.450856,41.810572,10.553493,49.271850,220.023203,46.813764,118.907386,165.721149,24.978672,171.628586,288.177769,180.301200,31.289162,57.290526,1.663215,503.644807,309.309885
R2S2_TRAIN_CFFA009997F5,4168.064720,397.437844,389.397261,9201.966910,1186.536247,38.041472,25.286737,47.468705,219.971546,46.341082,120.417956,166.759038,24.774850,160.530137,288.219870,169.788847,33.090061,57.453918,1.657300,522.358038,332.397644
R2S2_TRAIN_AA25021EAF35,4287.902685,395.471293,381.067835,13136.118800,1185.692483,43.625000,13.887041,47.760391,220.009357,48.958375,113.539018,162.497392,25.800400,149.211304,293.263067,180.191107,35.055786,56.810490,1.668864,512.604806,320.382080
R2S2_TRAIN_1EF6A946AB90,4151.788743,391.953450,375.641188,11563.123768,1186.327554,40.562500,20.127594,47.101144,219.909207,52.756324,105.405861,158.162185,26.116796,175.970426,286.553287,221.557123,34.264731,57.326473,1.659300,520.637291,349.642225
R2S2_TRAIN_5F884D32AD49,4239.213987,399.487023,386.804976,13281.938292,1186.113589,42.560862,6.543342,47.294881,219.932585,53.196976,106.411490,159.608466,25.218792,152.473899,290.187484,202.086269,34.367734,57.107084,1.666112,511.782163,326.183794
R2S2_TRAIN_153995C9E8E1,3967.122435,386.540462,369.972066,11962.241280,1184.899107,37.993023,20.270105,46.341179,217.937234,50.537050,105.228888,155.765938,25.145617,178.703086,287.736263,209.147394,34.233838,57.361745,1.660755,526.308762,331.578673
R2S2_TRAIN_88506F6E0DF1,4209.043319,388.510021,378.673310,10022.238074,1200.641608,42.437500,12.985072,48.879132,219.891501,55.259500,105.958975,161.218475,25.652585,145.590586,293.523915,234.612292,34.503355,57.615713,1.652948,510.920477,327.718005
R2S2_TRAIN_2E12EED60118,4331.293311,396.760343,383.993158,13399.478786,1200.037888,39.625000,14.916786,48.623237,219.941806,53.163406,110.941321,164.104727,25.751099,176.114279,290.579582,216.377617,34.187999,57.197613,1.664808,513.132782,325.478215
R2S2_TRAIN_7F7C17EDEDE1,4153.910548,398.389163,386.538093,11647.282306,1199.969933,42.850504,7.108955,49.100047,219.980942,57.594734,107.052949,164.647683,24.391263,149.774829,283.678747,211.548097,32.793144,57.442201,1.662300,496.390540,307.423301
R2S2_TRAIN_6CA4B68E1583,4091.185000,389.183244,377.425434,10793.743293,1192.107333,41.562500,21.206296,47.784071,219.962265,55.574670,103.792555,159.367225,25.577537,150.281238,285.785638,213.773925,34.354801,57.362507,1.658331,508.363339,331.902609
R2S2_TRAIN_9E4C39420404,4190.942350,398.040242,387.134419,10689.277124,1154.194231,41.828740,9.020553,47.278338,219.917420,50.748511,118.876869,169.625380,25.124914,136.768258,290.651302,170.850811,32.019259,57.523648,1.656496,503.407680,323.559440
R2S2_TRAIN_F4FEA1EF3F3C,3938.140727,393.350269,381.057655,6149.198727,1185.815234,40.537665,11.505637,48.443763,219.941490,47.976885,114.151592,162.128477,24.776651,195.075035,265.742822,228.112124,32.971854,57.819449,1.652207,492.814455,308.780980
R2S2_TRAIN_08A2045ADFCE,4090.916762,393.208735,370.404408,10537.644337,1192.562727,41.743293,25.523809,48.203215,219.932351,48.901451,117.335696,166.237147,26.366591,200.586987,290.051014,211.225525,32.976845,57.306261,1.664397,509.739069,334.295325
R2S2_TRAIN_65F212D67BDD,4193.873016,392.197020,382.276194,13112.040760,1186.979872,40.375000,19.594590,45.798740,219.915642,46.950130,118.883476,165.833606,24.905803,180.762265,283.065961,204.044754,34.293575,57.456410,1.658800,512.659282,334.453364
R2S2_TRAIN_A83E89C63924,4078.374331,395.473853,385.752724,9568.979966,1187.240185,41.875000,23.693640,48.806562,215.938862,53.356444,112.942777,166.299221,24.182222,193.157791,279.917806,244.569586,32.900591,57.741879,1.648754,504.903049,323.854981
R2S2_TRAIN_D468D181FF59,3925.375254,374.552625,354.276725,7930.904565,1199.923770,39.613090,11.667595,48.936929,204.871302,56.048635,87.774681,143.823316,25.933230,147.698936,285.571316,236.509244,30.876917,57.813608,1.647282,500.970419,318.540628
R2S2_TRAIN_15C09CC30302,4239.233094,399.860412,384.550274,10429.794063,1200.186878,42.185806,26.662018,48.593281,220.012900,50.226057,111.118409,161.344467,25.025250,150.243641,288.056568,214.187500,34.543349,57.877760,1.652300,522.068466,322.916460
R2S2_TRAIN_0D8101F066C9,4179.879029,401.669644,389.049785,13605.249547,1182.838596,45.000000,13.506526,48.358091,219.982969,54.029695,108.567849,162.597544,25.371628,160.978417,288.300064,209.924908,34.136812,56.340730,1.683572,496.175533,303.491678
R2S2_TRAIN_FC47EF3D5285,4213.646497,402.409541,389.550925,10292.718785,1184.353601,41.500000,9.479392,48.879353,219.988275,48.999629,116.476512,165.476141,25.670173,160.767658,288.412618,204.407784,31.957356,57.046396,1.687750,503.562565,311.057519
R2S2_TRAIN_DE2C78AC5EE8,4181.736052,394.562708,382.725574,10122.126074,1184.418063,36.061449,8.734399,47.222176,219.968193,54.367528,110.605657,164.973185,25.528462,149.409075,288.108255,214.504046,33.812066,57.318900,1.658018,520.658943,339.553016
R2S2_TRAIN_4A0B1102D495,4104.127861,381.035571,377.755208,6172.882950,1182.715482,42.500000,19.244598,48.512305,217.758638,47.323867,102.839854,150.163721,26.063154,168.233298,288.106365,206.474224,30.646452,57.163776,1.677077,509.713671,323.767314
R2S2_TRAIN_1A2595D492C0,4101.626230,395.425328,380.071152,11098.954226,1185.129739,40.562500,12.241915,48.938092,219.948435,58.788369,107.570190,166.358559,25.485265,158.126198,284.654684,237.077863,33.596914,57.689726,1.643776,494.791947,306.153357
R2S2_TRAIN_7F76A9EE7B55,4158.123474,399.808028,390.296773,4128.039106,1200.112321,41.937500,13.767372,48.466680,219.981757,55.149854,119.745722,174.895576,24.191719,150.010310,284.839814,221.143183,34.250487,57.792120,1.653700,504.750658,320.833125
R2S2_TRAIN_3B96D3934369,4256.122152,400.062130,387.678431,14946.554806,1185.795159,41.875000,20.437201,46.377411,217.955440,55.775590,115.460030,171.235620,25.112257,139.122959,289.652109,154.957608,35.008848,57.743492,1.646922,530.820779,339.780427
R2S2_TRAIN_69CCA8296869,4051.788822,392.311374,382.676998,11368.606278,1187.399969,40.875000,14.313161,48.489640,219.935396,55.224131,111.936637,167.160768,24.672067,147.967971,281.054555,230.313487,32.578572,57.270888,1.657491,500.290130,313.254146
R2S2_TRAIN_5C3250F0DB33,4209.250763,396.959383,381.283924,11137.478745,1186.373878,41.668057,12.938171,48.282378,217.965437,52.050979,108.971617,161.022596,25.218632,142.269421,292.978696,213.648659,34.083037,57.466535,1.662337,508.226890,319.355696
R2S2_TRAIN_AB76A16CA6E8,4228.607509,391.235841,380.818486,9083.946986,1187.299803,41.187500,13.276652,46.677282,219.919283,51.861309,106.425986,158.287294,26.391102,126.455547,293.582675,199.168393,32.544352,57.762700,1.644701,496.024637,324.142419
R2S2_TRAIN_46D07D401844,4234.667010,392.259914,382.843814,10302.758001,1196.120659,45.659247,20.090298,49.244105,219.963667,56.256249,103.646640,159.902889,26.059676,132.114639,291.043024,229.266471,34.497085,57.542927,1.652400,506.325224,319.421464
R2S2_TRAIN_E04544597D56,4103.341280,388.185337,381.375406,12555.027783,1186.973514,44.875000,12.503995,49.357640,217.969525,56.935011,106.425307,163.360318,25.577793,138.319884,288.693145,211.233521,34.272642,57.267621,1.661623,505.182882,315.200738
R2S2_TRAIN_8CBD2DAB65A7,4217.095365,387.796599,376.145519,13646.909589,1185.907173,41.500000,11.565434,47.314868,219.963498,53.660479,108.014494,161.674973,26.105005,184.953688,288.016427,218.957272,32.001410,56.661691,1.691353,528.674389,330.536320
R2S2_TRAIN_2473F0DF630D,4125.938837,388.128035,377.599004,12159.911726,1186.616374,40.421922,25.270472,47.718178,216.846081,57.363489,105.251241,162.614729,25.755209,178.751473,287.427269,217.386494,32.121368,57.055423,1.668021,512.965801,323.460557
R2S2_TRAIN_604C05B74D21,4063.219619,392.911832,387.315614,7887.690402,1199.196404,35.724460,4.626664,49.244346,219.936707,52.094790,105.456152,157.550942,24.407805,156.748019,281.778999,217.692677,32.595912,56.943835,1.658938,512.187509,326.359810
R2S2_TRAIN_772BAF94918A,4126.263168,394.676137,391.401195,4265.823696,1199.585473,41.375000,24.481631,49.087757,219.973533,57.734960,112.076578,169.811538,24.749394,184.972506,283.437913,225.150576,32.693753,57.385000,1.659410,500.517964,311.987663
R2S2_TRAIN_4C29193E531E,4235.068895,400.830428,391.745136,9192.889772,1187.178958,38.652346,11.378939,49.962230,219.972052,55.365003,119.271311,174.636313,25.059133,156.721755,289.141298,189.667455,34.266225,57.493789,1.660736,492.250086,304.539864
R2S2_TRAIN_1C0E0752F1BD,4193.840012,405.510873,391.104321,10294.506734,1177.955275,44.441363,11.220788,48.951731,219.963572,55.033166,119.446575,174.479742,24.422719,129.721407,285.404272,206.464944,33.601933,57.349563,1.662899,494.902998,309.992032
R2S2_TRAIN_9AFAB2C241EB,4151.297331,365.093058,378.502931,10227.443172,1188.037861,35.134141,16.998685,46.569366,219.984738,50.253502,107.947797,158.201299,26.373806,161.909288,289.541759,207.623837,32.061133,57.582373,1.657643,525.900021,337.863256
R2S2_TRAIN_F8D62E44F8E5,4145.364818,404.502855,391.506146,14677.850213,1183.126067,46.201819,24.713288,47.776961,219.946219,55.371855,123.756558,179.128413,24.131639,148.217488,277.468999,198.413113,35.102170,57.500485,1.657600,506.627388,317.310601
R2S2_TRAIN_060C18DC3F58,4235.261304,402.579417,388.807384,13418.630160,1187.607274,46.571409,8.157071,48.751797,219.952621,53.070642,117.847324,170.917966,24.801890,134.399047,289.208466,234.909940,33.249962,57.388985,1.657595,499.108424,309.734788
R2S2_TRAIN_DEF136010756,4117.903583,395.746175,383.430282,10574.456184,1184.259367,45.944822,23.821229,48.685939,219.940966,47.801164,112.285161,160.086326,25.418627,144.220924,282.709340,218.373491,34.378257,57.523543,1.659652,509.168931,310.334801
R2S2_TRAIN_5DADAEBA01D6,4059.486421,386.722097,373.648069,8522.071684,1183.364450,42.875000,13.846401,49.208863,219.946065,47.059834,106.474828,153.534662,25.578127,143.845641,283.552574,217.687692,32.662229,57.429834,1.665492,497.084606,318.387352
R2S2_TRAIN_56FAA1E78D3B,4161.605291,403.081835,393.521511,8692.632087,1178.696253,41.375000,12.693065,48.688670,219.983072,44.732136,122.710703,167.442839,25.210784,142.917821,284.509156,192.923839,32.191633,56.142835,1.695200,503.230692,315.013994
R2S2_TRAIN_D723DC127CF4,3373.611126,327.477791,353.339872,8128.713586,1192.609123,37.437500,14.190697,48.882200,217.944488,57.648814,81.771246,139.420060,25.322316,201.554792,272.425353,243.366351,31.540681,57.271859,1.660608,516.642277,331.410656
R2S2_TRAIN_27E25FF883EA,4022.262717,394.794553,382.465835,5183.810609,1188.277910,37.225532,11.368414,48.555035,219.969106,57.513429,106.668141,164.181570,25.171122,185.585608,279.675964,250.092845,32.491548,57.424714,1.656000,503.162688,329.065156
R2S2_TRAIN_FF32507FBBF4,4096.458426,389.694586,381.859337,13708.488415,1151.466489,37.886362,11.681513,47.600219,215.126312,43.243996,119.724201,162.968197,24.733915,232.412363,279.454393,158.085397,31.449888,56.268589,1.674162,531.843800,349.631200
R2S2_TRAIN_5EA6D744DB4F,4214.405849,398.065787,382.844773,13161.504206,1193.098998,40.000000,24.200368,47.561058,215.991842,47.124790,122.527305,169.652095,25.651581,154.262760,289.104622,208.012013,34.369048,57.482041,1.662027,511.978331,343.558734
R2S2_TRAIN_59054ECE76FB,4237.052104,401.721909,388.451042,13875.158549,1183.992993,46.122631,25.307997,47.685493,219.932172,55.927476,116.952329,172.879806,24.680572,194.349502,285.762157,225.567915,32.487878,56.302397,1.680746,505.953533,316.626509
R2S2_TRAIN_DD8505F1FD8D,4042.271175,393.812329,377.209574,11340.821048,1183.581402,40.062500,6.912227,47.827486,219.942945,50.177190,105.235071,155.412262,26.085727,196.073860,284.867413,189.189191,32.635078,57.269690,1.662100,514.117839,320.822093
R2S2_TRAIN_F0603EF98211,4218.813268,398.747339,388.177927,13285.198013,1200.199130,47.639688,27.218653,48.749325,216.964706,53.484371,115.399459,168.883831,24.833935,162.291168,291.493550,221.876998,34.996929,57.733868,1.651778,509.917396,318.011328
R2S2_TRAIN_C4FAB221DA36,4087.483342,392.116695,385.312866,13622.969787,1183.746190,40.480402,18.728761,48.335940,213.993180,46.375990,117.668748,164.044737,24.781006,196.122107,285.919922,214.937843,32.528651,56.174928,1.689083,521.778732,328.709592
R2S2_TRAIN_FC2BBB31A227,4167.664043,385.343175,380.853687,11743.866050,1199.234365,42.063627,6.932588,49.296607,220.021715,53.418785,106.293942,159.712728,26.055059,147.915240,293.247635,225.506857,34.358821,57.646979,1.651900,500.086237,318.971703
R2S2_TRAIN_68295AEF7BAA,4081.718281,388.681087,381.458167,11497.929859,1181.631349,40.937500,24.850625,48.020743,214.973871,45.722059,117.386523,163.108582,25.223597,147.207209,271.867747,171.249246,34.387670,57.498706,1.664400,510.876773,327.067471
R2S2_TRAIN_49658CEEBD9B,4185.687828,400.436410,381.889997,13933.241478,1183.238592,45.374845,25.421754,47.882422,219.962903,50.378358,117.354540,167.732898,25.320646,153.015216,290.446429,149.341058,33.113864,56.334458,1.688224,517.249722,328.991223
R2S2_TRAIN_5118048A88B7,4173.381910,398.378656,384.009167,13197.992564,1186.540032,42.025875,26.323361,48.105282,219.965867,50.551598,119.397179,169.948777,24.542060,181.528126,283.900170,229.088276,34.249923,57.542758,1.653900,534.562269,327.909090
R2S2_TRAIN_8FF887103C65,3373.611126,371.794731,371.096170,3976.467527,1189.558610,40.375000,13.014321,49.133069,219.991390,52.198322,103.644121,155.842444,24.905071,204.859996,262.188823,242.730505,31.343819,57.676648,1.655231,498.408249,309.424876
R2S2_TRAIN_8EA52C797ADD,4083.884660,390.911746,379.674348,9837.499737,1186.680823,36.284040,7.206647,48.984583,196.167591,49.772842,110.330394,160.103237,24.866966,159.747063,280.707762,245.776078,32.681465,57.533591,1.648600,511.485843,320.891571
R2S2_TRAIN_1D7D05A09783,3709.834082,382.635636,372.530230,6205.763071,1186.507098,40.375000,24.207945,48.596248,198.910379,49.376052,106.911969,156.288021,25.169987,218.541211,281.535437,229.280325,30.646452,57.516964,1.656400,505.828258,320.174855
R2S2_TRAIN_7CDC3FC59E2F,4272.152080,399.396078,389.276602,11737.612722,1200.639587,45.875000,10.570545,48.276215,219.952645,54.441079,113.652853,168.093932,25.799558,154.947953,292.733495,195.302687,32.618355,57.785854,1.644806,493.530817,306.732336
R2S2_TRAIN_5BD5670633D5,3373.611126,386.446744,372.808830,4120.400210,1194.406501,36.391669,23.997860,49.276361,211.963013,49.147740,106.303353,155.451093,24.751764,148.588990,271.966005,150.996595,31.936815,57.723236,1.650194,513.009971,333.617938
R2S2_TRAIN_C4231246D200,4154.623834,396.307070,390.165284,14806.852134,1186.443855,43.125000,24.899826,47.104238,219.975014,51.804176,113.762612,165.566788,24.400147,174.230886,284.807067,166.115546,34.458328,57.272389,1.656200,531.106913,341.655923
R2S2_TRAIN_1EAFB09D7DAF,4222.655616,404.625774,390.610329,13739.598905,1180.951424,44.073350,13.880000,49.049996,219.928563,45.091444,123.490788,168.582232,24.384195,184.944534,288.278053,223.233483,32.936990,57.128496,1.665429,515.209756,320.529254
R2S2_TRAIN_585659F2BD71,4217.475369,388.068666,378.633903,10199.691770,1186.090995,41.818643,21.589238,48.039158,219.920778,42.849423,119.461045,162.310468,26.533824,157.584322,289.197556,218.106575,32.612995,57.277159,1.653800,506.379326,322.441038
R2S2_TRAIN_A2AC40F02552,4093.060008,385.346566,374.528130,6358.036158,1185.690532,35.608261,23.296115,48.362796,219.953310,56.220675,92.483462,148.704137,26.669430,164.178362,288.598304,218.745884,32.611110,57.441135,1.660698,510.844814,323.973690
R2S2_TRAIN_7CEC0DAFA8E6,4136.852884,390.706767,373.954217,13220.949041,1186.977384,42.000000,26.503853,48.413784,219.951370,48.751249,108.168121,156.919370,25.626263,145.171357,292.972246,217.967202,33.993075,57.244386,1.656019,513.784527,321.607722
R2S2_TRAIN_6F711794047F,4197.302577,397.558515,384.511599,13608.850990,1199.287762,42.312500,13.515398,48.372936,215.949921,55.920016,118.150938,174.070954,25.564877,141.898173,288.241564,191.246678,34.226181,57.263344,1.657909,502.053443,319.906557
R2S2_TRAIN_AD9DF14F9303,4160.825393,397.426429,386.676439,12703.853564,1169.632456,41.875000,22.499038,47.176105,219.942662,51.288847,117.675590,168.964437,24.786600,159.913249,284.772626,239.621625,34.325900,57.092155,1.662623,523.621184,330.621940
R2S2_TRAIN_8D492235C765,4152.268019,395.697809,388.033602,10733.279378,1189.686981,41.812500,21.212264,48.324663,219.977295,51.402226,115.676355,167.078581,24.796075,173.587622,282.082180,225.270484,34.249559,56.185312,1.694831,522.417866,327.431357
R2S2_TRAIN_DD2C080379F4,4272.158133,402.289784,391.536591,10368.772777,1186.874411,45.875000,15.899598,48.608713,219.981664,50.687835,119.276283,169.964118,25.593843,137.589021,296.351395,202.167367,34.498554,57.445608,1.662790,494.514753,304.916657
R2S2_TRAIN_7E0F74DACBD2,4143.712148,399.502479,388.590059,9366.995527,1184.010136,41.625000,26.750543,47.778295,215.935742,44.226393,121.900608,166.127000,24.000015,200.238424,280.975047,201.210149,34.406459,57.346425,1.656655,530.954441,331.167768
R2S2_TRAIN_DB3632A1351F,4201.907998,394.047547,385.091244,12305.095586,1178.477326,41.062500,24.192705,48.203937,219.871968,46.145564,118.703783,164.849347,25.191197,178.275437,286.668311,202.842554,31.496348,57.162615,1.667885,522.843229,327.939523
R2S2_TRAIN_0F6046DCA1A4,4265.723133,404.084300,393.320971,14168.708649,1195.545361,43.021353,3.615287,48.283368,220.058365,55.482453,118.196714,173.679167,24.739288,137.903649,293.516643,183.209910,34.892799,57.243722,1.666097,495.959499,319.579390
R2S2_TRAIN_2C1236384400,4179.040466,395.369518,381.329922,13757.906599,1199.368088,41.687500,27.681562,47.278109,215.964357,52.118079,105.291999,157.410078,24.882778,142.677860,286.692932,226.578703,35.020885,57.656114,1.652340,531.150481,341.997676
R2S2_TRAIN_8F665009A54F,4228.436756,399.752977,387.891379,13664.057587,1199.588818,45.839525,23.580649,46.999600,219.997660,51.831591,114.873025,166.704617,25.149444,169.534642,290.810918,162.671558,34.594391,57.473663,1.663620,509.738098,318.508267
R2S2_TRAIN_FA8A5DF8E836,4158.860264,347.805837,378.447032,10154.773614,1183.999711,42.750000,8.354671,49.986100,219.985856,55.275803,99.592366,154.868169,26.578737,131.583351,291.497635,217.159452,32.654424,57.408157,1.667400,490.032155,307.127623
R2S2_TRAIN_F6F1D249DB0A,4301.541867,400.353713,390.108517,13909.975945,1187.525295,43.570960,8.933534,46.984506,220.016557,52.058969,121.370678,173.429647,25.168718,151.717964,294.091151,160.290030,34.499514,57.344294,1.658743,519.125079,329.033908
R2S2_TRAIN_B7E59FB4194D,3881.188863,381.071056,375.299805,6232.788282,1189.229825,40.360987,22.127226,49.682198,219.919404,47.891589,108.187766,156.079355,25.531666,147.454879,279.944640,224.631909,31.211577,57.662690,1.652720,497.396947,309.636988
R2S2_TRAIN_E73D6C841A82,4188.417824,390.464904,382.090048,12375.264347,1182.313958,40.875000,14.757783,47.697898,219.904079,50.314826,108.658656,158.973482,26.242064,129.321217,291.999074,188.845063,33.116826,57.279472,1.657000,506.337775,319.879296
R2S2_TRAIN_B6BF1E659F94,4177.316885,384.913475,384.507309,10429.793104,1186.960830,42.515845,7.849059,47.822460,220.002059,46.178060,114.079716,160.257776,25.933996,133.571353,285.959683,167.288323,31.985044,57.056606,1.667993,518.665038,323.576586
R2S2_TRAIN_264451AC39A0,4021.829354,394.830696,384.469979,11480.282176,1184.661403,39.292466,24.580778,48.193507,217.988760,47.723988,116.839555,164.563542,24.553578,146.281779,276.188987,175.527423,33.088770,57.500067,1.655100,509.714401,337.475916
R2S2_TRAIN_526A225D2254,4105.689202,400.477134,381.836810,9127.949441,1199.212847,44.245589,19.629114,49.967215,217.966260,57.156373,106.185647,163.342020,23.851838,176.626925,284.972505,238.570324,32.793717,57.592988,1.650963,506.486627,313.402777
R2S2_TRAIN_1D10679FC176,4201.281631,376.231354,364.599268,9426.133855,1185.058954,43.073553,10.987070,48.317049,219.986365,50.373845,105.110866,155.484711,27.187911,120.283385,295.813983,187.947482,31.470157,57.774263,1.650103,498.161194,320.732096
R2S2_TRAIN_798B09E6F71D,4189.504543,392.004986,387.472370,10585.576269,1186.794901,45.894054,9.101166,48.684587,220.004964,50.593109,114.120246,164.713356,26.108586,140.284292,292.025741,167.116307,34.204913,57.474149,1.660410,503.496184,311.054164
R2S2_TRAIN_327210CAA4D6,4297.676637,399.920616,387.041961,14213.310187,1184.565666,46.110540,8.679360,48.665938,219.908514,54.845608,116.053503,170.899111,25.650100,141.952385,298.144697,170.346877,34.456398,57.466834,1.654845,499.750767,309.942846
R2S2_TRAIN_AD0A85CAB7C3,3875.514451,390.558342,382.469463,4107.669673,1200.903407,38.945504,11.592571,49.884974,214.986767,58.507726,103.396282,161.904008,24.549233,150.976262,282.722930,226.887872,31.246509,57.316374,1.659584,493.653297,309.201075
R2S2_TRAIN_8104F7C5A93F,4085.890960,359.059732,326.589763,9813.931065,1181.151671,37.601858,12.870864,48.102949,214.961720,51.808164,100.108516,151.916680,26.496853,160.360426,289.804121,154.615075,31.453542,57.074261,1.668659,508.522879,335.421995
R2S2_TRAIN_266718596160,4079.974392,381.049670,380.819577,14000.713916,1136.823955,37.683604,21.393279,47.233534,184.946327,45.870282,116.308427,162.178709,25.855732,154.813350,284.577834,154.537469,32.914606,57.344443,1.654900,512.121210,321.835216
R2S2_TRAIN_BCC4BBE12E94,4155.899673,392.513159,377.043328,6688.834771,1197.162424,34.803033,3.367278,48.763669,219.986684,56.738189,107.751431,164.489620,25.497973,180.169907,283.674467,227.747022,31.210315,57.466965,1.655900,500.933189,309.708379
R2S2_TRAIN_497464C03ADD,4073.651638,389.345543,382.200364,8853.313502,1184.395842,42.062500,11.798658,48.451221,212.958853,48.465326,118.174946,166.640272,24.598135,156.564282,278.515558,175.299079,32.719117,57.633559,1.652210,512.035826,337.382573
R2S2_TRAIN_552FC8DA2B6D,4127.393558,394.630570,382.469342,8429.109447,1199.893184,39.174875,26.126256,48.465167,219.983333,56.306413,106.572951,162.879364,25.129648,218.697724,284.574177,257.375422,31.934076,57.451059,1.655315,509.254381,317.035610
R2S2_TRAIN_039816FED15A,4071.388847,382.139052,381.867858,12025.038031,1183.851846,39.329814,10.511606,48.214086,217.002056,50.108534,104.871762,154.980296,24.995933,172.915216,286.771335,214.792771,34.196302,57.028951,1.656321,503.336555,317.483653
R2S2_TRAIN_CA0896B20EC5,4030.011651,394.501990,382.810330,11916.558575,1181.107584,38.012857,24.489964,47.000416,219.981842,46.805083,114.374796,161.179879,24.985429,190.819316,272.473537,210.887857,31.223072,57.285044,1.659100,540.749196,335.882636
R2S2_TRAIN_AA1DB9350EC8,4349.911482,402.745777,389.601744,13638.206413,1190.262001,46.838916,3.602900,49.267172,220.013574,56.968854,114.109018,171.077872,25.599996,145.936937,295.486430,198.440121,34.526366,56.580539,1.664132,493.712304,303.692712
R2S2_TRAIN_9FE4762EF297,4119.020915,396.826049,388.220501,12021.683791,1194.528190,41.859099,25.872620,48.499802,219.921755,49.614361,118.494436,168.108797,24.584308,149.092573,266.949043,214.176117,34.266577,57.818749,1.656500,517.614861,326.608404
R2S2_TRAIN_B3E713455E38,4295.009463,402.484751,390.793385,13350.267544,1168.673902,42.187500,9.486738,46.219361,219.996294,47.637493,123.472046,171.109539,25.304436,161.762129,290.078988,140.293036,33.102137,57.415697,1.654000,514.477477,335.514781
R2S2_TRAIN_302D7C85EFD3,4235.409669,397.054567,387.265097,13631.147412,1200.948101,42.375000,12.960852,46.908823,219.942688,55.738590,109.511790,165.250379,25.507471,147.269540,293.470741,210.905054,34.476238,57.143957,1.658434,531.581416,336.444664
R2S2_TRAIN_1D2D2B688CB9,4169.721082,389.960342,383.641567,9678.192261,1185.816640,41.125000,12.569138,47.358419,219.947274,53.817098,106.411114,160.228212,26.120114,170.328847,289.457889,214.906141,31.219317,57.371864,1.655200,522.952202,322.239121
R2S2_TRAIN_FDEF83BAE324,4182.870000,394.598538,381.129304,9680.807130,1187.679102,40.812500,14.811308,48.329179,219.923058,50.120851,113.957450,164.078301,24.430257,165.118462,285.347528,219.314332,31.932231,57.445735,1.654900,505.134474,313.682040
R2S2_TRAIN_B57322C9CF73,3984.626165,400.675487,381.069088,8151.296806,1189.482356,44.554156,26.510801,48.811904,219.897366,52.048987,114.089460,166.138447,25.201236,167.904792,283.370742,209.612850,32.992332,57.284777,1.659836,528.202661,332.449206
R2S2_TRAIN_020B189C13E3,4236.012131,398.544229,385.382192,12565.976990,1199.758820,41.375000,20.329174,49.075371,219.967319,58.481642,108.431923,166.913565,25.453498,182.160171,293.713346,239.785571,34.290979,57.262220,1.664776,506.096163,323.203884
R2S2_TRAIN_A54C7EDCD880,4078.700343,400.479435,388.160817,10100.544709,1199.898498,41.937500,11.672520,49.149951,219.990532,54.635401,118.196559,172.831960,24.120934,209.118242,263.166618,223.195131,32.572567,57.629463,1.656979,497.079628,309.407844
R2S2_TRAIN_335DFCD84353,4101.722235,386.474820,378.927382,12666.174849,1196.242786,41.000000,19.994562,47.528618,219.920964,49.281809,108.374560,157.656369,25.643000,178.693557,287.165810,221.355957,33.968153,57.652844,1.652700,510.673689,317.086538
R2S2_TRAIN_6A76D4292ECE,4163.908734,394.744990,382.189664,11225.611243,1185.340390,41.944327,4.007594,49.094458,219.932849,47.495372,109.130202,156.625573,26.185857,138.006155,287.639041,183.787385,33.125067,57.570029,1.657000,500.310849,314.079453
R2S2_TRAIN_C8CBB568BFD9,4199.051495,396.630509,386.151645,10445.613451,1156.879849,42.687500,6.424669,47.765223,217.997099,49.669215,121.287166,170.956381,24.629243,154.401568,288.046094,165.177573,32.087304,57.297747,1.665546,507.164023,312.483384
R2S2_TRAIN_AE1FB868D2AB,4168.806099,401.342981,391.204044,12592.829737,1186.541905,42.192717,10.796299,48.892196,220.015622,54.860730,115.195341,170.056071,24.582406,158.302672,282.048496,249.701870,34.114431,57.429894,1.668648,501.492036,311.905181
R2S2_TRAIN_76614165BEBA,4174.104234,402.520690,383.870845,6083.941547,1200.587484,42.436390,15.466772,49.286410,219.979253,55.504307,112.166401,167.670708,25.238494,200.208601,287.454156,227.675664,34.346114,57.500680,1.654200,494.884189,310.299344
R2S2_TRAIN_3298504C0456,4102.333469,393.219489,383.700896,12364.332509,1195.355871,43.050647,25.069968,47.045826,219.985756,54.426334,106.778293,161.204627,26.303779,145.300741,288.666152,206.193740,34.269852,57.682614,1.653283,525.907164,333.143160
R2S2_TRAIN_D75A14C893CE,4309.762308,403.312381,393.950287,14854.254564,1181.317418,41.437500,24.839904,46.430593,219.947269,48.193773,124.826331,173.020104,24.057895,160.596205,287.014703,173.954935,35.066801,57.190145,1.664052,531.230324,340.237883
R2S2_TRAIN_137FC75B17BE,3854.408024,337.961879,345.914466,6007.985118,1184.092803,34.746392,6.402876,46.544147,214.949111,49.453870,106.307684,155.761555,26.667101,165.473340,286.878207,231.654588,31.205597,57.439750,1.657099,509.603154,331.750220
R2S2_TRAIN_2D3B97D10BA2,4174.395707,398.719987,382.194823,12652.494327,1186.396782,44.375000,9.813060,48.942778,219.994563,53.290954,110.679461,163.970414,25.750920,155.588655,290.308185,226.263356,34.569979,57.183773,1.664372,497.120385,305.963552
R2S2_TRAIN_FCE849968A2C,4187.704085,394.825882,381.432893,13703.417975,1185.797565,41.875000,12.305215,47.820105,219.955853,48.465655,116.446932,164.912587,24.770697,152.943436,286.488922,208.544625,34.885228,57.772686,1.646947,509.177865,320.281922
R2S2_TRAIN_39415746B729,4313.771020,400.367427,384.711915,12693.568109,1199.699766,41.937500,26.030330,47.991111,219.967464,50.913498,115.508094,166.421591,25.783675,168.854000,294.472301,201.879523,34.293864,56.386520,1.665697,509.193850,328.574907
R2S2_TRAIN_EFB610894822,3981.938089,382.675195,372.957912,4118.461861,1182.250296,35.662367,10.914436,48.535964,219.952025,50.514253,104.500900,155.015154,25.713875,202.726195,282.203581,232.875096,30.849877,57.404629,1.663792,509.936472,322.740665
R2S2_TRAIN_2B1C648BC0E1,4181.796212,394.584343,380.396936,7347.534208,1186.688355,42.500000,12.354863,49.624339,219.993411,52.653748,103.529939,156.183687,25.437773,178.828673,289.038064,220.043999,31.229522,56.605245,1.676975,498.610008,319.295953
R2S2_TRAIN_2BBCE9EAB538,4147.626743,398.557027,386.610515,13775.619328,1189.999445,46.022144,24.735471,47.952681,219.939308,50.985135,115.037887,166.023022,25.400607,153.217198,291.896368,188.266582,32.970159,57.444816,1.659300,531.478557,331.560684
R2S2_TRAIN_EDF3CFC1DC0C,4162.736543,388.810833,381.612843,9427.188153,1184.290343,45.515641,25.019268,48.625953,219.928134,47.795931,115.524172,163.320103,25.297816,164.208453,289.675710,212.685700,31.895665,57.420783,1.658000,505.212713,316.868077
R2S2_TRAIN_9E3730E35B4E,4256.399931,397.679437,386.019695,13767.173137,1183.988179,44.125243,12.670482,46.684033,220.020711,57.485111,112.524910,170.010020,25.532904,165.873697,293.448892,206.237216,34.480768,57.347358,1.655600,505.195619,321.234229
R2S2_TRAIN_67CE35E83F3B,4088.421166,392.437604,380.840698,10498.918844,1185.301474,40.375000,24.953463,48.372425,219.966103,53.208923,111.908689,165.117612,24.999978,147.266736,284.323412,203.189275,34.292591,57.232742,1.658920,499.978442,315.283990
R2S2_TRAIN_F2F77AD7F214,4115.270306,394.199400,381.932845,13278.041148,1193.818208,36.625000,11.513320,46.963652,219.975154,58.306474,107.632696,165.939170,25.581967,219.481621,291.543039,225.227528,31.541382,57.268902,1.667874,509.952522,332.489205
R2S2_TRAIN_CFDE85050662,4096.403534,392.887536,379.101653,7067.246324,1187.970063,41.937500,25.888314,47.806831,214.956877,49.537326,108.009625,157.546950,25.869875,135.000519,285.984973,148.842262,31.991238,57.649764,1.656200,503.666808,315.187131
R2S2_TRAIN_6F491790C5F4,4073.527998,393.310756,382.881507,8029.628657,1184.389365,42.500000,7.980117,48.432961,219.994233,49.497284,106.689816,156.187100,25.965460,144.891936,285.417658,225.372795,33.169676,57.289731,1.664677,510.957674,310.683604
R2S2_TRAIN_31523D88741B,4175.899512,399.218736,384.721868,13126.426783,1186.514022,44.875000,23.987671,47.682512,214.984944,49.511769,116.319793,165.831562,25.310570,158.656472,293.678139,192.611939,35.000344,57.476158,1.652898,497.843270,313.074851
R2S2_TRAIN_7E170E4A8167,4153.664038,391.582848,378.952291,8311.256653,1200.432187,41.416686,11.636183,48.412832,219.927867,57.434549,101.498761,158.933310,25.495808,156.995243,289.683706,210.843676,33.159041,57.398191,1.665012,501.474730,310.827924
R2S2_TRAIN_2CEC21CA4D45,4235.649464,393.753905,385.819904,13850.940731,1181.077952,44.375000,6.599946,47.343211,219.965308,55.027752,108.087490,163.115242,25.592552,158.411277,294.129156,162.565229,33.831249,56.551433,1.669879,510.919912,314.354048
R2S2_TRAIN_FEFB55137F87,4212.725096,397.238053,386.345607,11507.291766,1180.401374,39.937500,12.376408,48.113995,220.004145,46.956838,118.710002,165.666840,25.354192,161.052759,291.010554,160.859871,31.287190,57.554568,1.656800,519.036967,334.733283
R2S2_TRAIN_4111FF470615,4188.730720,397.469529,384.113952,10282.626534,1199.470730,41.437500,24.292207,47.048007,219.970219,51.045275,118.472019,169.517293,25.182735,151.425558,286.885574,206.949715,32.616713,57.603443,1.651900,505.307185,329.652461
R2S2_TRAIN_B49CA09565BD,4065.273655,386.405658,371.014881,9142.629576,1193.368036,40.677923,24.096388,48.820464,215.998407,54.133807,96.000532,150.134339,25.540854,203.793420,282.274712,257.375422,33.438518,57.715061,1.648328,501.498452,313.005559
R2S2_TRAIN_E088960F86DD,4302.867941,391.460056,382.037434,11226.749359,1184.153475,42.437500,25.441199,48.327090,219.937862,55.838759,104.270865,160.109625,26.855949,134.562585,295.234219,198.729664,34.330430,57.427883,1.658822,499.231517,311.993131
R2S2_TRAIN_5D9EF9A98096,4103.146088,386.400594,375.880563,10023.550931,1193.366998,34.776699,25.420679,47.762859,219.945934,54.055362,105.635418,159.690780,25.527337,159.586520,283.748968,229.483019,31.030839,57.769562,1.648879,522.569884,345.878525
R2S2_TRAIN_D1BF75931D40,4118.546095,386.604952,375.569668,9449.677916,1192.515478,43.869564,24.335912,48.699302,219.961765,53.665338,103.578814,157.244153,25.346251,204.759872,284.841144,220.776905,34.428564,57.974895,1.646026,496.810129,308.568112
R2S2_TRAIN_53CB3AA24D34,4334.657721,405.493225,393.154115,14960.192379,1184.222602,45.514083,7.544283,46.945390,219.980807,55.729208,123.329377,179.058586,24.002465,159.185087,288.049150,187.277259,34.519326,56.360260,1.680857,506.175835,324.805572
R2S2_TRAIN_61CF85D74C36,4276.858815,397.952211,388.815669,13312.430893,1192.628982,44.561285,25.602687,48.148952,219.991511,54.296177,116.841225,171.137402,25.854629,145.214705,295.609279,224.938556,34.532625,57.238736,1.673869,494.980846,304.873595
R2S2_TRAIN_A62D9A5CB74D,4094.198624,335.866971,332.962554,7886.339608,1185.683242,33.260662,13.668272,47.554609,219.226570,48.877245,105.847229,154.724474,25.423965,168.809225,284.019300,222.204367,31.931420,58.052515,1.644676,522.814297,337.135829
R2S2_TRAIN_75D376C6D702,4244.256487,404.043239,392.727151,10444.704867,1186.072796,43.250000,6.857830,48.938513,219.979594,52.242867,125.550017,177.792884,24.373736,186.018045,289.577960,212.059360,32.714078,56.225774,1.688279,497.385992,316.132230
R2S2_TRAIN_70C6315C85AE,4241.426678,394.434183,384.744165,9690.856972,1192.874068,42.500000,19.957354,48.344952,219.979020,51.577321,116.970495,168.547816,25.638467,138.509564,293.763058,202.671237,34.199503,57.112490,1.667579,503.262206,321.834153
R2S2_TRAIN_FCB899A49A7D,4257.355512,397.782664,385.980963,10098.776244,1192.329022,41.875000,5.087794,48.830996,220.003485,55.698055,109.057649,164.755704,25.532675,150.066423,288.969268,194.940421,34.478855,56.142835,1.694674,505.386315,312.810784
R2S2_TRAIN_10CF686B3B04,4027.626420,391.094739,377.682166,5237.280982,1195.960513,38.847568,14.688921,49.431721,219.956542,47.105162,110.989420,158.094582,25.452556,184.617542,283.394641,229.972121,31.981303,57.549450,1.653598,513.126590,313.256588
R2S2_TRAIN_5512D8AE484F,4241.398558,396.855134,382.587180,12690.127528,1185.767210,40.687500,26.078454,47.366475,214.970807,46.066780,121.722352,167.789132,24.447076,225.493306,288.357130,224.628455,31.331996,57.434892,1.656400,521.306833,331.483992
R2S2_TRAIN_4940C37A91DD,4029.034559,395.973681,384.144397,10042.734182,1195.873554,41.500000,5.515865,49.083803,219.897043,56.070372,110.486405,166.556776,24.135563,145.211879,275.099141,186.043951,34.345942,57.504869,1.652700,503.151536,319.174940
R2S2_TRAIN_61363C0376FB,4055.786836,383.711372,346.806678,14960.192379,1177.685180,40.229390,24.999287,45.798740,213.921407,49.033450,106.115597,155.149047,26.758409,150.629236,285.064526,166.383501,33.361955,56.175148,1.695200,527.164898,349.746950
R2S2_TRAIN_3AE2092F2042,4014.828162,389.018201,377.100554,8642.006111,1184.344232,40.750000,25.447267,49.920140,216.957290,50.051736,118.136323,168.188060,24.763002,201.133582,283.406995,249.042617,32.068954,57.196408,1.660900,506.811974,310.764469
R2S2_TRAIN_013D74C29F92,4348.205458,402.223207,390.650127,14960.192379,1181.038720,47.347268,9.554001,47.422205,215.978084,50.546647,123.144183,173.690830,24.933834,141.864854,287.937185,161.374357,34.594415,57.168368,1.671183,506.907599,314.678285
R2S2_TRAIN_509C7177C930,4025.560664,396.885926,380.421180,11695.848759,1186.212685,41.000000,25.823667,47.330899,219.920739,56.956925,101.047432,158.004357,25.734781,140.945957,286.516132,191.124986,33.346740,57.621849,1.657900,519.504489,330.283663
R2S2_TRAIN_9544C9CA00FA,4293.775885,402.748961,388.464680,13479.295614,1184.382029,43.086372,7.344084,48.743924,219.965679,49.650896,114.849320,164.500216,25.269059,160.933492,291.101228,194.912063,34.224813,57.031216,1.690909,497.557511,309.517450
R2S2_TRAIN_F11D30839E51,4273.353281,390.667686,383.212905,13595.746216,1185.796890,40.750000,6.926110,47.392296,219.937168,50.133060,114.137516,164.270576,26.098169,161.020656,294.412280,196.879266,34.479432,57.080555,1.673159,507.505256,316.425999
R2S2_TRAIN_BD58B3833A7E,4046.608179,393.204733,387.695727,8190.561821,1186.454650,41.687500,19.532609,47.635457,219.954709,52.945881,116.035202,168.981083,24.720397,230.551358,281.671503,243.303168,31.971879,57.341143,1.658500,505.070711,318.410384
R2S2_TRAIN_DC74D2851216,4044.348285,378.314279,373.131508,6217.298037,1194.212327,40.523531,8.092775,48.714310,216.958065,55.885197,94.102480,149.987677,26.098083,130.670575,289.312978,212.280537,34.360661,57.565707,1.656000,493.578874,307.792884
R2S2_TRAIN_18F3A0733C93,4096.211007,391.682124,382.892296,8019.408734,1184.361673,41.937500,13.784788,49.353248,219.966139,47.515752,116.679673,164.195425,24.708460,154.136939,288.661984,208.398822,31.350312,57.503748,1.659415,496.234503,315.273043
